"id","name","displayName","code","parent_id","parent_name","lat","lon"
"SLjBTiKbCXH","GDO-LUQ-A","GDO-LUQ-A","GDO-LUQ-A","AJ02aW2X6A3","Luuq",3.620590022566,42.676870576618
"MwgAnn0ofdU","GDO-LUQ-AA","GDO-LUQ-AA","GDO-LUQ-AA","AJ02aW2X6A3","Luuq",3.65982007018072,42.796233040147
"DBfwbqeUoOI","GDO-LUQ-AB","GDO-LUQ-AB","GDO-LUQ-AB","AJ02aW2X6A3","Luuq",3.62248011085695,42.5846984380115
"lyLIEPZ7cLI","GDO-LUQ-AC","GDO-LUQ-AC","GDO-LUQ-AC","AJ02aW2X6A3","Luuq",3.70299607184972,42.4744419661504
"S2zN2CUq8JK","GDO-LUQ-AD","GDO-LUQ-AD","GDO-LUQ-AD","AJ02aW2X6A3","Luuq",3.71474167257066,42.2655134309487
"drox5p4PGOA","GDO-LUQ-AE","GDO-LUQ-AE","GDO-LUQ-AE","AJ02aW2X6A3","Luuq",3.6450356146251,42.2577433138775
"f2PqLccdTlV","GDO-LUQ-B","GDO-LUQ-B","GDO-LUQ-B","AJ02aW2X6A3","Luuq",3.51990149919787,42.6992452552612
"G9vfn67GjbZ","GDO-LUQ-BA","GDO-LUQ-BA","GDO-LUQ-BA","AJ02aW2X6A3","Luuq",3.61077045486026,42.6863566479032
"wURGHcpcanW","GDO-LUQ-BB","GDO-LUQ-BB","GDO-LUQ-BB","AJ02aW2X6A3","Luuq",3.62825883424215,42.2426146488824
"UB0SZur7PVb","GDO-LUQ-C","GDO-LUQ-C","GDO-LUQ-C","AJ02aW2X6A3","Luuq",3.79370581995105,42.190705061075
"dvE9uc9vFHS","GDO-LUQ-D","GDO-LUQ-D","GDO-LUQ-D","AJ02aW2X6A3","Luuq",3.93633610628263,42.7753682871759
"apzI3JdLJEM","GDO-LUQ-E","GDO-LUQ-E","GDO-LUQ-E","AJ02aW2X6A3","Luuq",3.75948089922032,42.7158869913634
"Fws3wAMivBm","GDO-LUQ-F","GDO-LUQ-F","GDO-LUQ-F","AJ02aW2X6A3","Luuq",4.22009642106895,42.6791163896633
"gkXH0v5zqhW","GDO-LUQ-G","GDO-LUQ-G","GDO-LUQ-G","AJ02aW2X6A3","Luuq",3.73777479001618,42.552319147024
"q5QNXWoahGG","GDO-LUQ-H","GDO-LUQ-H","GDO-LUQ-H","AJ02aW2X6A3","Luuq",3.74451905183398,42.6698786787547
"fquREwBtwJW","GDO-LUQ-I","GDO-LUQ-I","GDO-LUQ-I","AJ02aW2X6A3","Luuq",3.52963765165669,42.7481348367819
"aDR43OVcR8X","GDO-LUQ-J","GDO-LUQ-J","GDO-LUQ-J","AJ02aW2X6A3","Luuq",3.84117342078708,42.5735471156251
"C7DgOgwzyw2","GDO-LUQ-K","GDO-LUQ-K","GDO-LUQ-K","AJ02aW2X6A3","Luuq",4.10154953092742,42.9699167132346
"myFMLdcUDTz","GDO-LUQ-L","GDO-LUQ-L","GDO-LUQ-L","AJ02aW2X6A3","Luuq",3.6731298489521,42.3230610157706
"yTyy0gyQ7JN","GDO-LUQ-M","GDO-LUQ-M","GDO-LUQ-M","AJ02aW2X6A3","Luuq",3.51726953172737,42.7660207008791
"Du1XmJYkPp5","GDO-LUQ-N","GDO-LUQ-N","GDO-LUQ-N","AJ02aW2X6A3","Luuq",4.11974595445418,42.8558026392101
"JBzU05n5nyC","GDO-LUQ-O","GDO-LUQ-O","GDO-LUQ-O","AJ02aW2X6A3","Luuq",4.21275239857606,42.7831118794746
"Yw4AJJjolxB","GDO-LUQ-P","GDO-LUQ-P","GDO-LUQ-P","AJ02aW2X6A3","Luuq",3.59983844015533,42.4248520077753
"uA9WwOL3B7z","GDO-LUQ-Q","GDO-LUQ-Q","GDO-LUQ-Q","AJ02aW2X6A3","Luuq",3.49848053283725,42.4960469935313
"jEr64DB1sdb","GDO-LUQ-R","GDO-LUQ-R","GDO-LUQ-R","AJ02aW2X6A3","Luuq",3.7497792565368,42.1669713536849
"uFg3W9aneIE","GDO-LUQ-S","GDO-LUQ-S","GDO-LUQ-S","AJ02aW2X6A3","Luuq",4.12012943859491,42.8304893768625
"dnbuTZxzrfE","GDO-LUQ-T","GDO-LUQ-T","GDO-LUQ-T","AJ02aW2X6A3","Luuq",4.07101300265477,42.737027340249
"AabPewmPEJ8","GDO-LUQ-U","GDO-LUQ-U","GDO-LUQ-U","AJ02aW2X6A3","Luuq",3.56894671645101,42.6003560608252
"mnF9HIhhsox","GDO-LUQ-V","GDO-LUQ-V","GDO-LUQ-V","AJ02aW2X6A3","Luuq",3.54044402377049,42.548113991411
"ClzL2hZUbed","GDO-LUQ-W","GDO-LUQ-W","GDO-LUQ-W","AJ02aW2X6A3","Luuq",4.09643740844537,42.4324705925359
"XxieAVJQAyc","GDO-LUQ-X","GDO-LUQ-X","GDO-LUQ-X","AJ02aW2X6A3","Luuq",4.05533280228962,42.9453996154515
"krspwwPUD4n","GDO-LUQ-Y","GDO-LUQ-Y","GDO-LUQ-Y","AJ02aW2X6A3","Luuq",3.61401444320136,42.7731314455749
"JuKAl7Ic6ZM","GDO-LUQ-Z","GDO-LUQ-Z","GDO-LUQ-Z","AJ02aW2X6A3","Luuq",3.57812665937936,42.3667522602373
"aQrfGzvPhzA","LSH-BRV-A","LSH-BRV-A","LSH-BRV-A","BAncV5EbpHQ","Brava",0.881238484335937,43.7140240652288
"IAz3i2yK8jH","LSH-BRV-B","LSH-BRV-B","LSH-BRV-B","BAncV5EbpHQ","Brava",0.955326881078027,43.6476860720591
"o5yX1vJNfQq","LSH-BRV-C","LSH-BRV-C","LSH-BRV-C","BAncV5EbpHQ","Brava",0.947556086091973,43.7327053106201
"MHQpEc3ZrIH","LSH-BRV-D","LSH-BRV-D","LSH-BRV-D","BAncV5EbpHQ","Brava",1.2331109458513,43.8698422290606
"RkgduxW2MAw","LSH-BRV-E","LSH-BRV-E","LSH-BRV-E","BAncV5EbpHQ","Brava",1.04386050270803,43.8676918175916
"WRuDaoL4VOa","LSH-BRV-F","LSH-BRV-F","LSH-BRV-F","BAncV5EbpHQ","Brava",1.01818275635587,43.7577082030878
"ACKkp9BPhSU","LSH-BRV-G","LSH-BRV-G","LSH-BRV-G","BAncV5EbpHQ","Brava",0.952451240997261,43.8206092906564
"NzG0g9VpccA","LSH-BRV-H","LSH-BRV-H","LSH-BRV-H","BAncV5EbpHQ","Brava",1.34579239245989,44.0861324443255
"W0k7gi1ohZQ","LSH-BRV-I","LSH-BRV-I","LSH-BRV-I","BAncV5EbpHQ","Brava",1.08790307000232,43.7228455452827
"gQJmDRtKrYb","LSH-BRV-J","LSH-BRV-J","LSH-BRV-J","BAncV5EbpHQ","Brava",1.01766822252717,43.6028592723814
"obpIaq4eUCW","BAN-HJB-A","BAN-HJB-A","BAN-HJB-A","BThMJPNRhzh","Hamar Jabjab",2.03218791010965,45.3365978770572
"a8LTSBIPmmt","BAN-HJB-B","BAN-HJB-B","BAN-HJB-B","BThMJPNRhzh","Hamar Jabjab",2.03297919768311,45.333841115458
"fAakc4OX947","BAN-HJB-C","BAN-HJB-C","BAN-HJB-C","BThMJPNRhzh","Hamar Jabjab",2.02504687080874,45.3274295933307
"TADbwszSkbA","BAN-HJB-D","BAN-HJB-D","BAN-HJB-D","BThMJPNRhzh","Hamar Jabjab",2.02428816552071,45.3325761987271
"yZ8MxfIhB7D","BAN-HJB-E","BAN-HJB-E","BAN-HJB-E","BThMJPNRhzh","Hamar Jabjab",2.0289284210988,45.3372855335013
"jayqjERLlMz","BAN-HJB-F","BAN-HJB-F","BAN-HJB-F","BThMJPNRhzh","Hamar Jabjab",2.02689930632447,45.3305124040813
"JlO7x1zxjih","BAN-HJB-G","BAN-HJB-G","BAN-HJB-G","BThMJPNRhzh","Hamar Jabjab",2.02855040356313,45.3293039448813
"VcvFSsseJz4","BAN-HJB-H","BAN-HJB-H","BAN-HJB-H","BThMJPNRhzh","Hamar Jabjab",2.0256939159935,45.3330963636794
"cTfZpbwLKlY","BAN-HJB-I","BAN-HJB-I","BAN-HJB-I","BThMJPNRhzh","Hamar Jabjab",2.02596099944629,45.3361303724328
"uQSCxs4mkMb","LSH-MAR-A","LSH-MAR-A","LSH-MAR-A","BkKxWLxfMUm","Marka",1.80173780830524,44.7246065217918
"bkUSwhlQky7","LSH-MAR-AA","LSH-MAR-AA","LSH-MAR-AA","BkKxWLxfMUm","Marka",1.98554654244143,44.9449642056215
"runzc1BLPQ6","LSH-MAR-AB","LSH-MAR-AB","LSH-MAR-AB","BkKxWLxfMUm","Marka",1.87720604082009,44.905851145856
"y6GrLhom25v","LSH-MAR-AC","LSH-MAR-AC","LSH-MAR-AC","BkKxWLxfMUm","Marka",1.70046889764571,44.6452995713523
"vIoQ4lmSUlK","LSH-MAR-AD","LSH-MAR-AD","LSH-MAR-AD","BkKxWLxfMUm","Marka",1.77348830894359,44.675764445036
"ehQAdljq9Kq","LSH-MAR-AE","LSH-MAR-AE","LSH-MAR-AE","BkKxWLxfMUm","Marka",1.99718330183104,44.9098114772415
"lavUsQshCQT","LSH-MAR-AF","LSH-MAR-AF","LSH-MAR-AF","BkKxWLxfMUm","Marka",1.83585982424685,44.6392112788639
"WNxJSG3LphS","LSH-MAR-AG","LSH-MAR-AG","LSH-MAR-AG","BkKxWLxfMUm","Marka",1.7948029302489,44.6647332691143
"n9jrlvYZDKy","LSH-MAR-AH","LSH-MAR-AH","LSH-MAR-AH","BkKxWLxfMUm","Marka",1.84977193985083,44.9761732171617
"YcrzEVuyeFw","LSH-MAR-AI","LSH-MAR-AI","LSH-MAR-AI","BkKxWLxfMUm","Marka",1.75964369570536,44.6402159608662
"KF6kwwdK1cE","LSH-MAR-AJ","LSH-MAR-AJ","LSH-MAR-AJ","BkKxWLxfMUm","Marka",1.84997199468824,44.8154627523886
"JiNIgmtoDIi","LSH-MAR-AK","LSH-MAR-AK","LSH-MAR-AK","BkKxWLxfMUm","Marka",1.99817929178624,45.000608531321
"D9OvycHspZx","LSH-MAR-AL","LSH-MAR-AL","LSH-MAR-AL","BkKxWLxfMUm","Marka",1.82432311055722,44.6946986453589
"c79tqqvE3eu","LSH-MAR-AM","LSH-MAR-AM","LSH-MAR-AM","BkKxWLxfMUm","Marka",1.96576883341506,44.9081588866674
"aeWlhHfjnm2","LSH-MAR-AN","LSH-MAR-AN","LSH-MAR-AN","BkKxWLxfMUm","Marka",1.67733226157652,44.6475550860468
"TTMiu90wUt2","LSH-MAR-AO","LSH-MAR-AO","LSH-MAR-AO","BkKxWLxfMUm","Marka",1.90782700714949,44.6820227305475
"Ys83kRhsuLI","LSH-MAR-AP","LSH-MAR-AP","LSH-MAR-AP","BkKxWLxfMUm","Marka",1.86257845409014,44.9960808655297
"uS6JmEjAlNh","LSH-MAR-AQ","LSH-MAR-AQ","LSH-MAR-AQ","BkKxWLxfMUm","Marka",1.77775076884048,44.7203943606314
"VSLoH3c7VaJ","LSH-MAR-AR","LSH-MAR-AR","LSH-MAR-AR","BkKxWLxfMUm","Marka",1.81946684985077,44.9226321586494
"vev3fYSlDNE","LSH-MAR-AS","LSH-MAR-AS","LSH-MAR-AS","BkKxWLxfMUm","Marka",1.62290509056232,44.639267053675
"tJFQA8cDmnf","LSH-MAR-AT","LSH-MAR-AT","LSH-MAR-AT","BkKxWLxfMUm","Marka",2.05035624239683,44.9744437850323
"GuiglGaUbsY","LSH-MAR-AU","LSH-MAR-AU","LSH-MAR-AU","BkKxWLxfMUm","Marka",1.74348028580333,44.6218958496882
"nnbUVlZT0I8","LSH-MAR-AV","LSH-MAR-AV","LSH-MAR-AV","BkKxWLxfMUm","Marka",1.80972739917704,44.646270699286
"zZVeRLLaXgB","LSH-MAR-AW","LSH-MAR-AW","LSH-MAR-AW","BkKxWLxfMUm","Marka",1.8937566677396,44.9081709200179
"w6y76dGj6PJ","LSH-MAR-AX","LSH-MAR-AX","LSH-MAR-AX","BkKxWLxfMUm","Marka",1.79615289813108,44.6805256850539
"XyCUCjv1g57","LSH-MAR-AY","LSH-MAR-AY","LSH-MAR-AY","BkKxWLxfMUm","Marka",1.91966193128178,44.859246191417
"jKsYJh0Ee92","LSH-MAR-AZ","LSH-MAR-AZ","LSH-MAR-AZ","BkKxWLxfMUm","Marka",1.65845149899043,44.6130478341312
"pY3P9NqzTp1","LSH-MAR-B","LSH-MAR-B","LSH-MAR-B","BkKxWLxfMUm","Marka",1.93495796877603,44.707024259076
"P6ZBGSXvGZ2","LSH-MAR-BA","LSH-MAR-BA","LSH-MAR-BA","BkKxWLxfMUm","Marka",1.78386288766639,44.8179401283818
"D5vAPAqOiWG","LSH-MAR-BB","LSH-MAR-BB","LSH-MAR-BB","BkKxWLxfMUm","Marka",1.75603717140203,44.808759082981
"wNDdD5ztQX9","LSH-MAR-BC","LSH-MAR-BC","LSH-MAR-BC","BkKxWLxfMUm","Marka",1.96427166012337,44.8969185773387
"g8MlCHkb2vb","LSH-MAR-BD","LSH-MAR-BD","LSH-MAR-BD","BkKxWLxfMUm","Marka",1.91084638637243,44.7426322971272
"iJWuLB719g6","LSH-MAR-BE","LSH-MAR-BE","LSH-MAR-BE","BkKxWLxfMUm","Marka",1.72989885757913,44.7990732998085
"s2S4CGQIVOA","LSH-MAR-BF","LSH-MAR-BF","LSH-MAR-BF","BkKxWLxfMUm","Marka",1.9674237323641,44.8689968639208
"NClpj4hID3J","LSH-MAR-BG","LSH-MAR-BG","LSH-MAR-BG","BkKxWLxfMUm","Marka",1.90066917809907,44.6318208500334
"w6JL9QP4Oxx","LSH-MAR-BH","LSH-MAR-BH","LSH-MAR-BH","BkKxWLxfMUm","Marka",1.70071611057024,44.7502444774064
"Rok9LvrwF3w","LSH-MAR-BI","LSH-MAR-BI","LSH-MAR-BI","BkKxWLxfMUm","Marka",1.92922372005677,44.847120306742
"rTJE1McWGSd","LSH-MAR-BJ","LSH-MAR-BJ","LSH-MAR-BJ","BkKxWLxfMUm","Marka",1.94397721332599,44.8760617482664
"ETCTlNDAqIS","LSH-MAR-BK","LSH-MAR-BK","LSH-MAR-BK","BkKxWLxfMUm","Marka",1.92274475940204,44.83093333056
"KRfUEqXB7Ic","LSH-MAR-BL","LSH-MAR-BL","LSH-MAR-BL","BkKxWLxfMUm","Marka",1.69269659317155,44.6332397020471
"CTTwp4gLlYq","LSH-MAR-BM","LSH-MAR-BM","LSH-MAR-BM","BkKxWLxfMUm","Marka",1.76935793679375,44.6113955053604
"UaEktW2vcKt","LSH-MAR-BN","LSH-MAR-BN","LSH-MAR-BN","BkKxWLxfMUm","Marka",1.86831420993509,44.811590211359
"dDQPOrHH7fX","LSH-MAR-BO","LSH-MAR-BO","LSH-MAR-BO","BkKxWLxfMUm","Marka",1.98396340672943,44.91057408996
"DUUWEtXGSn3","LSH-MAR-BP","LSH-MAR-BP","LSH-MAR-BP","BkKxWLxfMUm","Marka",1.95038063548037,45.0314381467581
"tyYK3DF41Df","LSH-MAR-BQ","LSH-MAR-BQ","LSH-MAR-BQ","BkKxWLxfMUm","Marka",1.87293938262764,44.8584446573961
"VciQZlUXHQ5","LSH-MAR-BR","LSH-MAR-BR","LSH-MAR-BR","BkKxWLxfMUm","Marka",1.94159555870368,44.9089106180054
"CxFaf5VeaOE","LSH-MAR-BS","LSH-MAR-BS","LSH-MAR-BS","BkKxWLxfMUm","Marka",1.81211681528044,44.6619851790143
"eHuVKZKQ194","LSH-MAR-BT","LSH-MAR-BT","LSH-MAR-BT","BkKxWLxfMUm","Marka",1.87492108106476,44.8617276867892
"YGffKB6Kdyg","LSH-MAR-BU","LSH-MAR-BU","LSH-MAR-BU","BkKxWLxfMUm","Marka",2.00183401512582,44.9979419263006
"LQ84qamgsNe","LSH-MAR-BV","LSH-MAR-BV","LSH-MAR-BV","BkKxWLxfMUm","Marka",1.84229286359294,44.6767733031047
"NUSjWHAlAgj","LSH-MAR-BW","LSH-MAR-BW","LSH-MAR-BW","BkKxWLxfMUm","Marka",1.84390837821272,44.9654612825585
"j0RzCZx1xD1","LSH-MAR-BX","LSH-MAR-BX","LSH-MAR-BX","BkKxWLxfMUm","Marka",1.90271469594444,44.7049851177319
"s5SawPIp4yz","LSH-MAR-BY","LSH-MAR-BY","LSH-MAR-BY","BkKxWLxfMUm","Marka",1.76226476063665,44.7070252588791
"tziKaVTNLH4","LSH-MAR-BZ","LSH-MAR-BZ","LSH-MAR-BZ","BkKxWLxfMUm","Marka",1.81149520912466,44.9083549142278
"aYGleUaZgA6","LSH-MAR-C","LSH-MAR-C","LSH-MAR-C","BkKxWLxfMUm","Marka",1.66237117151944,44.5425678913888
"wCL2RcR81Ro","LSH-MAR-CA","LSH-MAR-CA","LSH-MAR-CA","BkKxWLxfMUm","Marka",1.84386811895227,44.8867325531497
"XRxMriwhci0","LSH-MAR-CB","LSH-MAR-CB","LSH-MAR-CB","BkKxWLxfMUm","Marka",1.6783309780473,44.5729162340564
"P55QbtuXmDj","LSH-MAR-CC","LSH-MAR-CC","LSH-MAR-CC","BkKxWLxfMUm","Marka",1.66175785904476,44.6865135869293
"KO3vi0dlktw","LSH-MAR-CD","LSH-MAR-CD","LSH-MAR-CD","BkKxWLxfMUm","Marka",1.89665462796926,45.0682160521941
"vk5pFUkAwSx","LSH-MAR-CE","LSH-MAR-CE","LSH-MAR-CE","BkKxWLxfMUm","Marka",1.66364932049344,44.6714482581366
"xVFGk07rc3v","LSH-MAR-CF","LSH-MAR-CF","LSH-MAR-CF","BkKxWLxfMUm","Marka",1.84754028364198,44.730505919672
"oA2uGIhzUt3","LSH-MAR-CG","LSH-MAR-CG","LSH-MAR-CG","BkKxWLxfMUm","Marka",1.88922174073097,44.9912571675941
"fVX5pG05yQ4","LSH-MAR-CH","LSH-MAR-CH","LSH-MAR-CH","BkKxWLxfMUm","Marka",1.91474974092609,44.9218805458241
"ANZzC2PGrXN","LSH-MAR-CI","LSH-MAR-CI","LSH-MAR-CI","BkKxWLxfMUm","Marka",1.89548016247453,44.8643295982944
"irkv0Sh6YYw","LSH-MAR-CJ","LSH-MAR-CJ","LSH-MAR-CJ","BkKxWLxfMUm","Marka",1.7805087328758,44.663169790058
"OddpsVxq2Eg","LSH-MAR-CK","LSH-MAR-CK","LSH-MAR-CK","BkKxWLxfMUm","Marka",1.79964296717843,44.9023654275455
"IwUcJ2ONDjT","LSH-MAR-CL","LSH-MAR-CL","LSH-MAR-CL","BkKxWLxfMUm","Marka",1.77203459567313,44.8216108035175
"q9PEzo7XwGL","LSH-MAR-CM","LSH-MAR-CM","LSH-MAR-CM","BkKxWLxfMUm","Marka",1.928995721815,44.8601994738714
"uyQDn9KNkvf","LSH-MAR-D","LSH-MAR-D","LSH-MAR-D","BkKxWLxfMUm","Marka",1.90321370121784,44.7957928356096
"rADq6y9E0El","LSH-MAR-E","LSH-MAR-E","LSH-MAR-E","BkKxWLxfMUm","Marka",1.60847825058664,44.6086592017739
"IZy0xn2zfps","LSH-MAR-F","LSH-MAR-F","LSH-MAR-F","BkKxWLxfMUm","Marka",1.75430183969342,44.6554358515406
"vGzBcLBGJpn","LSH-MAR-G","LSH-MAR-G","LSH-MAR-G","BkKxWLxfMUm","Marka",1.77614771552202,44.8326117559562
"Bw7FoNs7xWh","LSH-MAR-H","LSH-MAR-H","LSH-MAR-H","BkKxWLxfMUm","Marka",1.89953924781954,44.7967706928417
"XFcrmHtF86S","LSH-MAR-I","LSH-MAR-I","LSH-MAR-I","BkKxWLxfMUm","Marka",2.03083005469062,44.974613026084
"EaueUdeHsmv","LSH-MAR-J","LSH-MAR-J","LSH-MAR-J","BkKxWLxfMUm","Marka",2.01447981296923,44.9907550544741
"IgCTQUNOYCI","LSH-MAR-K","LSH-MAR-K","LSH-MAR-K","BkKxWLxfMUm","Marka",1.82467605697593,44.8859824825112
"bRrlB7oj9rM","LSH-MAR-L","LSH-MAR-L","LSH-MAR-L","BkKxWLxfMUm","Marka",1.85964105899318,44.6310209471364
"ku2Et2Yl1N2","LSH-MAR-M","LSH-MAR-M","LSH-MAR-M","BkKxWLxfMUm","Marka",1.9197757071813,44.692365662267
"VinczUKcQuQ","LSH-MAR-N","LSH-MAR-N","LSH-MAR-N","BkKxWLxfMUm","Marka",1.97988302324751,44.9779148456928
"Gy5QDbeV0Sa","LSH-MAR-O","LSH-MAR-O","LSH-MAR-O","BkKxWLxfMUm","Marka",1.97223794904464,44.9185515372982
"mTFnZU1049Q","LSH-MAR-P","LSH-MAR-P","LSH-MAR-P","BkKxWLxfMUm","Marka",1.72360938867871,44.6430574611837
"G1SglbGeUfz","LSH-MAR-Q","LSH-MAR-Q","LSH-MAR-Q","BkKxWLxfMUm","Marka",1.78309465117974,44.7747222441173
"CTicbKE0ZWL","LSH-MAR-R","LSH-MAR-R","LSH-MAR-R","BkKxWLxfMUm","Marka",1.83151660316924,44.7171639905864
"tNp1qx8jyQq","LSH-MAR-S","LSH-MAR-S","LSH-MAR-S","BkKxWLxfMUm","Marka",1.80499509593912,44.8932171918621
"L0O0YVc3UCU","LSH-MAR-T","LSH-MAR-T","LSH-MAR-T","BkKxWLxfMUm","Marka",1.61719380328061,44.5706047858095
"uA5AaYb1zwP","LSH-MAR-U","LSH-MAR-U","LSH-MAR-U","BkKxWLxfMUm","Marka",1.90143778369501,44.6872194611144
"LRcC0PBIcDO","LSH-MAR-V","LSH-MAR-V","LSH-MAR-V","BkKxWLxfMUm","Marka",1.77202864475489,44.7246047905675
"L38MvS9PNVW","LSH-MAR-W","LSH-MAR-W","LSH-MAR-W","BkKxWLxfMUm","Marka",1.66177884630306,44.6353967107251
"qF1OQWXfhPe","LSH-MAR-X","LSH-MAR-X","LSH-MAR-X","BkKxWLxfMUm","Marka",1.93261996921302,44.8785575813535
"IxThn0bJoRu","LSH-MAR-Y","LSH-MAR-Y","LSH-MAR-Y","BkKxWLxfMUm","Marka",1.95863598639013,44.8714855473597
"hhvUWLyfly2","LSH-MAR-Z","LSH-MAR-Z","LSH-MAR-Z","BkKxWLxfMUm","Marka",1.90475876815702,44.8656061645314
"hUUjhsfCPon","MJB-SKO-A","MJB-SKO-A","MJB-SKO-A","BkQpAcfRmnT","Sakow",1.76026868404928,42.3189144879329
"PNcjbRToseA","MJB-SKO-AA","MJB-SKO-AA","MJB-SKO-AA","BkQpAcfRmnT","Sakow",1.58933873024715,42.7859952950872
"NLEGczv5iOv","MJB-SKO-AB","MJB-SKO-AB","MJB-SKO-AB","BkQpAcfRmnT","Sakow",1.65786617924343,42.2598602614612
"YzMIPmvSwL4","MJB-SKO-AC","MJB-SKO-AC","MJB-SKO-AC","BkQpAcfRmnT","Sakow",1.5397123182663,42.5439990303819
"oBC5RfNKU9K","MJB-SKO-AD","MJB-SKO-AD","MJB-SKO-AD","BkQpAcfRmnT","Sakow",1.45958192241831,42.9548790478859
"ZFQnCEtEcdZ","MJB-SKO-AE","MJB-SKO-AE","MJB-SKO-AE","BkQpAcfRmnT","Sakow",1.68809396136858,42.5968358972951
"RrBH8frp2tb","MJB-SKO-AF","MJB-SKO-AF","MJB-SKO-AF","BkQpAcfRmnT","Sakow",1.69613279573198,42.6052239354661
"cjv3jinkknu","MJB-SKO-AG","MJB-SKO-AG","MJB-SKO-AG","BkQpAcfRmnT","Sakow",1.52133116686642,42.5747982098087
"a1cO0Bmzzlp","MJB-SKO-B","MJB-SKO-B","MJB-SKO-B","BkQpAcfRmnT","Sakow",1.54387126203033,42.3324819447552
"pP1QDX0T0Dc","MJB-SKO-C","MJB-SKO-C","MJB-SKO-C","BkQpAcfRmnT","Sakow",1.81429894977805,42.4391995602211
"XBaw0tTWfBA","MJB-SKO-D","MJB-SKO-D","MJB-SKO-D","BkQpAcfRmnT","Sakow",1.6532613644157,42.2095765912588
"GDdAZlM0EL4","MJB-SKO-E","MJB-SKO-E","MJB-SKO-E","BkQpAcfRmnT","Sakow",1.52972419040067,42.7955040312306
"zFGJOWAdNq4","MJB-SKO-F","MJB-SKO-F","MJB-SKO-F","BkQpAcfRmnT","Sakow",1.68871941875107,42.6289610809325
"Hm1XXt0RkEH","MJB-SKO-G","MJB-SKO-G","MJB-SKO-G","BkQpAcfRmnT","Sakow",1.70953434207009,42.2883073214175
"GVqEuT3ajRz","MJB-SKO-H","MJB-SKO-H","MJB-SKO-H","BkQpAcfRmnT","Sakow",1.67240622654404,42.3589810542082
"tPTWhbhiQGy","MJB-SKO-I","MJB-SKO-I","MJB-SKO-I","BkQpAcfRmnT","Sakow",1.63380143749791,42.2870824218128
"zsUxUhD4sGP","MJB-SKO-J","MJB-SKO-J","MJB-SKO-J","BkQpAcfRmnT","Sakow",1.84671246468068,42.509003461746
"BjVoRqvp1Jc","MJB-SKO-K","MJB-SKO-K","MJB-SKO-K","BkQpAcfRmnT","Sakow",1.62652532737395,42.7530264664655
"IPXrssQwjiS","MJB-SKO-L","MJB-SKO-L","MJB-SKO-L","BkQpAcfRmnT","Sakow",1.65372012640509,42.4164828985722
"vzYrdDocbWG","MJB-SKO-M","MJB-SKO-M","MJB-SKO-M","BkQpAcfRmnT","Sakow",1.5113420233898,42.6163655611171
"PbN4AAdFEio","MJB-SKO-N","MJB-SKO-N","MJB-SKO-N","BkQpAcfRmnT","Sakow",1.84534068373982,42.5006632798674
"VyJ5oFGp4Yx","MJB-SKO-O","MJB-SKO-O","MJB-SKO-O","BkQpAcfRmnT","Sakow",1.77131208380599,42.4574385179101
"bfkak5veGMD","MJB-SKO-P","MJB-SKO-P","MJB-SKO-P","BkQpAcfRmnT","Sakow",1.56040424524499,42.5003521701807
"h0Bc4ro3laU","MJB-SKO-Q","MJB-SKO-Q","MJB-SKO-Q","BkQpAcfRmnT","Sakow",1.78762009462822,42.478596042495
"nKMLfZtDO1P","MJB-SKO-R","MJB-SKO-R","MJB-SKO-R","BkQpAcfRmnT","Sakow",1.72616148602754,42.636237979472
"WwEUyeUGn0D","MJB-SKO-S","MJB-SKO-S","MJB-SKO-S","BkQpAcfRmnT","Sakow",1.59640076027906,42.7765908893085
"YgbNkpL0A2o","MJB-SKO-T","MJB-SKO-T","MJB-SKO-T","BkQpAcfRmnT","Sakow",1.53010323750655,42.8656895549322
"HIZuqXbNBFd","MJB-SKO-U","MJB-SKO-U","MJB-SKO-U","BkQpAcfRmnT","Sakow",1.50242507239022,42.8073087414163
"YZWluHI4Az2","MJB-SKO-V","MJB-SKO-V","MJB-SKO-V","BkQpAcfRmnT","Sakow",1.58484354959654,42.6878056031262
"l46flf4QY4b","MJB-SKO-W","MJB-SKO-W","MJB-SKO-W","BkQpAcfRmnT","Sakow",1.65419351288961,42.3544146663932
"hWxCMgrBHJh","MJB-SKO-X","MJB-SKO-X","MJB-SKO-X","BkQpAcfRmnT","Sakow",1.54379878146521,42.4105968817816
"htktO9L6jeL","MJB-SKO-Y","MJB-SKO-Y","MJB-SKO-Y","BkQpAcfRmnT","Sakow",1.49547628975111,42.394812111142
"qnhiN8GE9NI","MJB-SKO-Z","MJB-SKO-Z","MJB-SKO-Z","BkQpAcfRmnT","Sakow",1.88574311230018,42.4872009555368
"yxGhDAjN3fN","KRK-BBL-A","KRK-BBL-A","KRK-BBL-A","C4tsYdXgzQo","Bender Bayla",9.44421664744,50.7509386173168
"RfWf6GEBGZ7","KRK-BBL-B","KRK-BBL-B","KRK-BBL-B","C4tsYdXgzQo","Bender Bayla",9.60577987280769,50.5520263406733
"c7fnldkWPcI","KRK-BBL-C","KRK-BBL-C","KRK-BBL-C","C4tsYdXgzQo","Bender Bayla",9.18884674101475,50.5543558888627
"XpA0wQl7nhO","KRK-BBL-D","KRK-BBL-D","KRK-BBL-D","C4tsYdXgzQo","Bender Bayla",9.53130470268425,50.1714267565646
"FG1gLyUj7LB","KRK-BBL-E","KRK-BBL-E","KRK-BBL-E","C4tsYdXgzQo","Bender Bayla",9.9151234201016,50.4953987643039
"stNMQ3DpNNN","KRK-BBL-F","KRK-BBL-F","KRK-BBL-F","C4tsYdXgzQo","Bender Bayla",9.21204024419549,50.6462422605532
"FUIERgs8qKW","KRK-BBL-G","KRK-BBL-G","KRK-BBL-G","C4tsYdXgzQo","Bender Bayla",9.86511064226782,50.7071803245612
"lF8RfRPzi1l","KRK-BBL-H","KRK-BBL-H","KRK-BBL-H","C4tsYdXgzQo","Bender Bayla",9.41172694245114,49.9275616580991
"YHCPmGK1l8N","KRK-WAY-A","KRK-WAY-A","KRK-WAY-A","D7HafsJeqdp","Waciya",9.97012020570954,49.0250504805671
"qZSRo4xP9XW","KRK-WAY-B","KRK-WAY-B","KRK-WAY-B","D7HafsJeqdp","Waciya",9.9311683211567,49.1685317282079
"UWUKpvEFCZc","KRK-WAY-C","KRK-WAY-C","KRK-WAY-C","D7HafsJeqdp","Waciya",10.3515432169289,49.0359075674387
"jC5fHzMCIf0","KRK-WAY-D","KRK-WAY-D","KRK-WAY-D","D7HafsJeqdp","Waciya",10.2060479763674,49.2036355307258
"xYg9Gn72s0C","KRK-WAY-E","KRK-WAY-E","KRK-WAY-E","D7HafsJeqdp","Waciya",10.1467497340545,49.2400924862763
"cbtjlq8jvrM","KRK-WAY-F","KRK-WAY-F","KRK-WAY-F","D7HafsJeqdp","Waciya",9.87686408095345,49.0031016593377
"xJrUIxA8Azf","KRK-WAY-G","KRK-WAY-G","KRK-WAY-G","D7HafsJeqdp","Waciya",9.71882513291665,49.0453528669399
"HRhBgy9kS3p","AWL-BKI-A","AWL-BKI-A","AWL-BKI-A","DQSbUNpHROR","Baki",9.85205211615107,43.4508922266812
"YYK9PFwlwBt","AWL-BKI-B","AWL-BKI-B","AWL-BKI-B","DQSbUNpHROR","Baki",10.267135594302,43.4469137122779
"LSs1vOoWiLL","AWL-BKI-C","AWL-BKI-C","AWL-BKI-C","DQSbUNpHROR","Baki",10.2576970574007,43.2829333782726
"Y4EkmbbEMk5","AWL-BKI-D","AWL-BKI-D","AWL-BKI-D","DQSbUNpHROR","Baki",10.1740592055032,43.5452247395735
"AGHVDFp03sp","AWL-BKI-E","AWL-BKI-E","AWL-BKI-E","DQSbUNpHROR","Baki",10.005444291884,43.5429682088833
"cFKgRbwjt6t","AWL-BKI-F","AWL-BKI-F","AWL-BKI-F","DQSbUNpHROR","Baki",10.0523250958166,43.2323703951223
"OiwhfKnc4dN","AWL-BKI-G","AWL-BKI-G","AWL-BKI-G","DQSbUNpHROR","Baki",10.1802423506208,43.3279666226657
"hZRx2fYg9OB","AWL-BKI-H","AWL-BKI-H","AWL-BKI-H","DQSbUNpHROR","Baki",10.0359157535596,43.4889417796525
"TzOvPQgn80C","AWL-BKI-I","AWL-BKI-I","AWL-BKI-I","DQSbUNpHROR","Baki",10.0291119286648,43.4725040024456
"VvxswsKEbrs","AWL-BKI-J","AWL-BKI-J","AWL-BKI-J","DQSbUNpHROR","Baki",10.0047129659001,43.4724627284865
"BHEuBcQJ9DR","AWL-BKI-K","AWL-BKI-K","AWL-BKI-K","DQSbUNpHROR","Baki",10.230145776256,43.2873690979527
"FT46rxlhxqj","AWL-BKI-L","AWL-BKI-L","AWL-BKI-L","DQSbUNpHROR","Baki",10.0741770498694,43.5852678184748
"aMI0cnM0WiB","AWL-BKI-M","AWL-BKI-M","AWL-BKI-M","DQSbUNpHROR","Baki",9.85982371698185,43.3271285182688
"qj6wSdBu2SU","AWL-BKI-N","AWL-BKI-N","AWL-BKI-N","DQSbUNpHROR","Baki",10.0155676118423,43.4023014618886
"vsdJjWmg7cr","AWL-BKI-O","AWL-BKI-O","AWL-BKI-O","DQSbUNpHROR","Baki",10.1661438850981,43.3946693056648
"Gy7No5yNIcx","AWL-BKI-P","AWL-BKI-P","AWL-BKI-P","DQSbUNpHROR","Baki",10.2121231105014,43.4084633766502
"s2ibBeK2xN9","AWL-BKI-Q","AWL-BKI-Q","AWL-BKI-Q","DQSbUNpHROR","Baki",10.0147765841677,43.4520646084796
"ClWNNDYR8kf","AWL-BKI-R","AWL-BKI-R","AWL-BKI-R","DQSbUNpHROR","Baki",10.2244358010111,43.514192400059
"dZeeiVhFQGC","AWL-BKI-S","AWL-BKI-S","AWL-BKI-S","DQSbUNpHROR","Baki",10.2694906893347,43.347930011477
"fFpOCwUFvb2","AWL-BKI-T","AWL-BKI-T","AWL-BKI-T","DQSbUNpHROR","Baki",10.0908297996531,43.6749536870476
"HgqLB2M0hdS","HRN-MAH-A","HRN-MAH-A","HRN-MAH-A","DzIn0LC9xCm","Mahas",3.87058123529607,45.8682116249923
"sLqFtnUFq0e","HRN-MAH-B","HRN-MAH-B","HRN-MAH-B","DzIn0LC9xCm","Mahas",3.9049600332861,45.7929230303311
"gRigFbbg4D0","HRN-MAH-C","HRN-MAH-C","HRN-MAH-C","DzIn0LC9xCm","Mahas",3.91735415427386,46.0647729848551
"ZzZYuYt6DsW","HRN-MAH-D","HRN-MAH-D","HRN-MAH-D","DzIn0LC9xCm","Mahas",3.8886025770133,46.0708185093168
"SiNlQunjMKH","HRN-MAH-E","HRN-MAH-E","HRN-MAH-E","DzIn0LC9xCm","Mahas",4.11460214491304,46.156918583607
"QqKHPEIQuQ8","HRN-MAH-F","HRN-MAH-F","HRN-MAH-F","DzIn0LC9xCm","Mahas",3.83743336388786,46.0592957981566
"niUh2MuC6Vw","HRN-MAH-G","HRN-MAH-G","HRN-MAH-G","DzIn0LC9xCm","Mahas",4.25013897749095,45.9244241978677
"A9jKFI4niVW","HRN-MAH-H","HRN-MAH-H","HRN-MAH-H","DzIn0LC9xCm","Mahas",3.96461265401528,46.1964879131433
"jiX3jWkRTZT","BKL-WJD-A","BKL-WJD-A","BKL-WJD-A","E4avpq1OJUe","Wajid",3.94853549097794,43.271397006899
"MH4HWD5V8CQ","BKL-WJD-B","BKL-WJD-B","BKL-WJD-B","E4avpq1OJUe","Wajid",3.89473722179656,43.6253755384226
"q8gzFuZjinM","BKL-WJD-C","BKL-WJD-C","BKL-WJD-C","E4avpq1OJUe","Wajid",3.99769859696316,43.4816414571201
"CPwdyRtawBc","BKL-WJD-D","BKL-WJD-D","BKL-WJD-D","E4avpq1OJUe","Wajid",4.03142206816563,43.2579890840226
"Oqmc0WxAtxW","BKL-WJD-E","BKL-WJD-E","BKL-WJD-E","E4avpq1OJUe","Wajid",4.08614144778874,43.0935691061111
"v8QfaWOEBsa","BKL-WJD-F","BKL-WJD-F","BKL-WJD-F","E4avpq1OJUe","Wajid",3.72210645742162,43.6028203412907
"DRNucfm0Qnb","BKL-WJD-G","BKL-WJD-G","BKL-WJD-G","E4avpq1OJUe","Wajid",3.73372056213197,43.5779416810779
"Skl387ocwxg","BKL-WJD-H","BKL-WJD-H","BKL-WJD-H","E4avpq1OJUe","Wajid",3.74582975238073,43.2439295134173
"CMSPmKEV11j","BKL-WJD-I","BKL-WJD-I","BKL-WJD-I","E4avpq1OJUe","Wajid",3.69386310220641,43.6052283978839
"FlmmPH0DIIo","BKL-WJD-J","BKL-WJD-J","BKL-WJD-J","E4avpq1OJUe","Wajid",3.70007183721634,42.8098261407098
"hkwDmzFCwaC","BKL-WJD-K","BKL-WJD-K","BKL-WJD-K","E4avpq1OJUe","Wajid",3.95667827990835,43.5387914772825
"wEXyufMjTTY","BKL-WJD-L","BKL-WJD-L","BKL-WJD-L","E4avpq1OJUe","Wajid",3.7483534436018,43.3789748273177
"RIFtxte6Ly2","BKL-WJD-M","BKL-WJD-M","BKL-WJD-M","E4avpq1OJUe","Wajid",3.71449127221795,42.8929069350149
"UBv3dcxU7og","BKL-WJD-N","BKL-WJD-N","BKL-WJD-N","E4avpq1OJUe","Wajid",3.72523870208813,43.2709651730714
"etT22x69oIx","BKL-WJD-O","BKL-WJD-O","BKL-WJD-O","E4avpq1OJUe","Wajid",3.79160447249847,43.3141068307825
"uiHRRcUDIu5","BKL-WJD-P","BKL-WJD-P","BKL-WJD-P","E4avpq1OJUe","Wajid",3.83292270492746,42.9278495567213
"isRQdTvjzb6","BKL-WJD-Q","BKL-WJD-Q","BKL-WJD-Q","E4avpq1OJUe","Wajid",3.70698930129311,43.1870095979728
"Y5W0ZtL4IUM","BKL-WJD-R","BKL-WJD-R","BKL-WJD-R","E4avpq1OJUe","Wajid",4.01720712061691,43.4465768544193
"P3UWxds4cCN","BKL-WJD-j","BKL-WJD-j","BKL-WJD-j","E4avpq1OJUe","Wajid",4.0014403119098,42.9661455510584
"Mrksk41aW4y","BKL-WJD-k","BKL-WJD-k","BKL-WJD-k","E4avpq1OJUe","Wajid",3.78943542960977,43.0272271486954
"T1OqTJXrqnA","BKL-WJD-l","BKL-WJD-l","BKL-WJD-l","E4avpq1OJUe","Wajid",3.95775033832288,43.1342401251455
"NRjQrbdqHhj","SMD-HOB-A","SMD-HOB-A","SMD-HOB-A","EGHvFr3leLe","Hobyo",5.2767636175127,48.180564901697
"tNrpoIeaXKp","SMD-HOB-AA","SMD-HOB-AA","SMD-HOB-AA","EGHvFr3leLe","Hobyo",6.52496486909105,48.3511494686387
"nWFOe9aDi1t","SMD-HOB-AB","SMD-HOB-AB","SMD-HOB-AB","EGHvFr3leLe","Hobyo",6.1822122311373,48.0516714287786
"Y1yCtRn5KLc","SMD-HOB-AC","SMD-HOB-AC","SMD-HOB-AC","EGHvFr3leLe","Hobyo",6.00943702075072,48.5100689943707
"IHk4SFTNDzW","SMD-HOB-AD","SMD-HOB-AD","SMD-HOB-AD","EGHvFr3leLe","Hobyo",6.47375734288048,48.6286729907331
"ZELRPVMiShq","SMD-HOB-AE","SMD-HOB-AE","SMD-HOB-AE","EGHvFr3leLe","Hobyo",5.93813788689519,48.1987504378958
"YhCz4boG0Lr","SMD-HOB-AF","SMD-HOB-AF","SMD-HOB-AF","EGHvFr3leLe","Hobyo",5.8052488243718,48.7803202785515
"eFen1cXHAhJ","SMD-HOB-AG","SMD-HOB-AG","SMD-HOB-AG","EGHvFr3leLe","Hobyo",5.2405960049391,48.4259841012905
"pywqEhkJvp3","SMD-HOB-AH","SMD-HOB-AH","SMD-HOB-AH","EGHvFr3leLe","Hobyo",5.71259939777049,48.371834994096
"GGJr7ClIwJb","SMD-HOB-AJ","SMD-HOB-AJ","SMD-HOB-AJ","EGHvFr3leLe","Hobyo",5.25774098046397,48.2035401911977
"Oi0otbYrlD9","SMD-HOB-AK","SMD-HOB-AK","SMD-HOB-AK","EGHvFr3leLe","Hobyo",5.87588523751702,48.8489373337448
"zXaqN6oQPZG","SMD-HOB-AL","SMD-HOB-AL","SMD-HOB-AL","EGHvFr3leLe","Hobyo",5.27045268736279,47.6800564732098
"HX4YIHj75uo","SMD-HOB-AM","SMD-HOB-AM","SMD-HOB-AM","EGHvFr3leLe","Hobyo",6.35837473958993,48.8710725652009
"DUajziQ3L23","SMD-HOB-B","SMD-HOB-B","SMD-HOB-B","EGHvFr3leLe","Hobyo",5.37234735698874,48.2727714802417
"iUaAw74Qw8y","SMD-HOB-C","SMD-HOB-C","SMD-HOB-C","EGHvFr3leLe","Hobyo",6.15380078167639,48.7283392016964
"VyGYh1ylS1o","SMD-HOB-D","SMD-HOB-D","SMD-HOB-D","EGHvFr3leLe","Hobyo",5.50020882884509,48.6120438360658
"FsnfPlpTJZD","SMD-HOB-E","SMD-HOB-E","SMD-HOB-E","EGHvFr3leLe","Hobyo",6.46801514840395,48.9141426423794
"zuecue9NT8Z","SMD-HOB-F","SMD-HOB-F","SMD-HOB-F","EGHvFr3leLe","Hobyo",5.98261186298167,47.6048334908597
"SzC0s6BTbWx","SMD-HOB-G","SMD-HOB-G","SMD-HOB-G","EGHvFr3leLe","Hobyo",5.61577106797747,47.8896576571013
"rBx8f7TdVMo","SMD-HOB-H","SMD-HOB-H","SMD-HOB-H","EGHvFr3leLe","Hobyo",5.71748358363363,47.9616837126557
"I2I3yCHFaW7","SMD-HOB-I","SMD-HOB-I","SMD-HOB-I","EGHvFr3leLe","Hobyo",6.03421438407141,48.2806965887527
"U4MXOOWYeF5","SMD-HOB-J","SMD-HOB-J","SMD-HOB-J","EGHvFr3leLe","Hobyo",5.67751787048713,48.062159104031
"jjFsbpY9UH6","SMD-HOB-K","SMD-HOB-K","SMD-HOB-K","EGHvFr3leLe","Hobyo",5.37257539761407,47.8983596740531
"Ca7HkVdMISm","SMD-HOB-L","SMD-HOB-L","SMD-HOB-L","EGHvFr3leLe","Hobyo",5.49420544382931,47.5809215986814
"jDLwl0m9jLc","SMD-HOB-M","SMD-HOB-M","SMD-HOB-M","EGHvFr3leLe","Hobyo",6.12150656413398,48.0923567201331
"J4rwHsMHab1","SMD-HOB-N","SMD-HOB-N","SMD-HOB-N","EGHvFr3leLe","Hobyo",6.0534552905449,47.6163894481717
"LxDU5Q48X5R","SMD-HOB-O","SMD-HOB-O","SMD-HOB-O","EGHvFr3leLe","Hobyo",6.07984991792796,47.8268532970568
"yMjXR5rDAu1","SMD-HOB-P","SMD-HOB-P","SMD-HOB-P","EGHvFr3leLe","Hobyo",5.54821448610045,48.5392597736752
"lDJg9iJc2SQ","SMD-HOB-Q","SMD-HOB-Q","SMD-HOB-Q","EGHvFr3leLe","Hobyo",6.20015489125192,48.0860647319792
"gGajo0j1T3C","SMD-HOB-R","SMD-HOB-R","SMD-HOB-R","EGHvFr3leLe","Hobyo",5.48281132319061,48.3451849994979
"qBDhIRLNx70","SMD-HOB-S","SMD-HOB-S","SMD-HOB-S","EGHvFr3leLe","Hobyo",5.80954055459861,48.6924054208431
"xgn7VRIOmh7","SMD-HOB-T","SMD-HOB-T","SMD-HOB-T","EGHvFr3leLe","Hobyo",6.25915896789987,47.5449462852097
"VCfhq2JyNuF","SMD-HOB-U","SMD-HOB-U","SMD-HOB-U","EGHvFr3leLe","Hobyo",5.52161536972399,48.0103658498713
"mNHeFCqwIZi","SMD-HOB-V","SMD-HOB-V","SMD-HOB-V","EGHvFr3leLe","Hobyo",5.87757025611684,48.2293029927478
"k2YIWgkQLIL","SMD-HOB-W","SMD-HOB-W","SMD-HOB-W","EGHvFr3leLe","Hobyo",5.82478453441367,48.7611945496137
"U6C83EcTxDE","SMD-HOB-X","SMD-HOB-X","SMD-HOB-X","EGHvFr3leLe","Hobyo",5.73093273467044,48.3950464868591
"wqW4EbK8mz5","SMD-HOB-Y","SMD-HOB-Y","SMD-HOB-Y","EGHvFr3leLe","Hobyo",5.53868250669647,47.6128673898682
"nstvMG2gkkN","SMD-HOB-Z","SMD-HOB-Z","SMD-HOB-Z","EGHvFr3leLe","Hobyo",6.31184210770632,47.5270978367645
"Dtzddzzjgzb","BAN-KDA-A","BAN-KDA-A","BAN-KDA-A","ELvlgjUQbZ3","Kahda",2.03841746528437,45.2673814740542
"ajvFWyFnMB4","BAN-KDA-B","BAN-KDA-B","BAN-KDA-B","ELvlgjUQbZ3","Kahda",2.03875075378638,45.2682645603295
"cHUmBWKiOig","BAN-KDA-C","BAN-KDA-C","BAN-KDA-C","ELvlgjUQbZ3","Kahda",2.03909499105786,45.2506214617332
"Jl9CMXkIT7g","BAN-KDA-D","BAN-KDA-D","BAN-KDA-D","ELvlgjUQbZ3","Kahda",2.06278833520615,45.2506585411794
"pateVpR6QV5","BAN-KDA-E","BAN-KDA-E","BAN-KDA-E","ELvlgjUQbZ3","Kahda",2.04889872211851,45.2392847064575
"p4HV6HSKwgW","BAN-KDA-F","BAN-KDA-F","BAN-KDA-F","ELvlgjUQbZ3","Kahda",2.04230236586025,45.2219047967534
"AkXrWBG9NRb","BAN-KDA-G","BAN-KDA-G","BAN-KDA-G","ELvlgjUQbZ3","Kahda",2.06723932684802,45.2369332225529
"IkdEIu8woYC","BAN-KDA-H","BAN-KDA-H","BAN-KDA-H","ELvlgjUQbZ3","Kahda",2.06339874323471,45.2424198751562
"HzcGK9A1JWs","BAN-KDA-I","BAN-KDA-I","BAN-KDA-I","ELvlgjUQbZ3","Kahda",2.04961560801192,45.2193046090187
"pWpRlmGhNcO","BAN-KDA-J","BAN-KDA-J","BAN-KDA-J","ELvlgjUQbZ3","Kahda",2.06388729618054,45.2528731368672
"KCDXz1kKhcv","BAN-KDA-K","BAN-KDA-K","BAN-KDA-K","ELvlgjUQbZ3","Kahda",2.06318024975498,45.235635484811
"GAA9NYzKB3o","BAN-KDA-L","BAN-KDA-L","BAN-KDA-L","ELvlgjUQbZ3","Kahda",2.03590781822865,45.2204175113724
"EWwN0Hxl6oR","BAN-KDA-M","BAN-KDA-M","BAN-KDA-M","ELvlgjUQbZ3","Kahda",2.05623237263685,45.2646047106829
"ELb5CtQstTT","BAN-KDA-N","BAN-KDA-N","BAN-KDA-N","ELvlgjUQbZ3","Kahda",2.04313118023526,45.2547861917685
"TYY4yFmarVM","BAN-KDA-O","BAN-KDA-O","BAN-KDA-O","ELvlgjUQbZ3","Kahda",2.06398375458017,45.2404504485472
"jDROzUGKKlN","BAN-KDA-O2","BAN-KDA-O2","BAN-KDA-O2","ELvlgjUQbZ3","Kahda",2.04877663007337,45.2410387072148
"sfCa3d2t0yx","BAN-KDA-P","BAN-KDA-P","BAN-KDA-P","ELvlgjUQbZ3","Kahda",2.04255419108561,45.2742876299244
"ec6OkDUELa1","BAN-KDA-Q","BAN-KDA-Q","BAN-KDA-Q","ELvlgjUQbZ3","Kahda",2.04316666766844,45.2312834105249
"Xp3twNLkpfT","BAN-KDA-R","BAN-KDA-R","BAN-KDA-R","ELvlgjUQbZ3","Kahda",2.04175812622046,45.2429960076426
"M9EhzSG0USe","BAN-KDA-S","BAN-KDA-S","BAN-KDA-S","ELvlgjUQbZ3","Kahda",2.02742574227031,45.2508849203862
"y93XuOYuRlL","BAN-KDA-T","BAN-KDA-T","BAN-KDA-T","ELvlgjUQbZ3","Kahda",2.04000187835083,45.2252614866069
"JbP8r6c5o8t","BAN-KDA-U","BAN-KDA-U","BAN-KDA-U","ELvlgjUQbZ3","Kahda",2.06501735074395,45.2448294914203
"zzG0kk4mT0x","BAN-KDA-V","BAN-KDA-V","BAN-KDA-V","ELvlgjUQbZ3","Kahda",2.03821455915735,45.2470740056984
"yWklHnDAspe","BAN-KDA-W","BAN-KDA-W","BAN-KDA-W","ELvlgjUQbZ3","Kahda",2.0425325135399,45.2369747833694
"EcwnW77iUeR","BAN-KDA-X","BAN-KDA-X","BAN-KDA-X","ELvlgjUQbZ3","Kahda",2.04489473996447,45.2657067448613
"PfzEfkSCM9W","BAN-KDA-Y","BAN-KDA-Y","BAN-KDA-Y","ELvlgjUQbZ3","Kahda",2.03353985878471,45.2229966513936
"sGtnSH25hUa","BAN-KDA-Z","BAN-KDA-Z","BAN-KDA-Z","ELvlgjUQbZ3","Kahda",2.02886880974652,45.2440576600742
"NSoLP5gYVWQ","BAN-ADA-A","BAN-ADA-A","BAN-ADA-A","EfhFdVKkqQ5","Abdul Aziz",2.04180062043444,45.3569582079234
"rFEc35BSMPI","BAN-ADA-B","BAN-ADA-B","BAN-ADA-B","EfhFdVKkqQ5","Abdul Aziz",2.04446552590061,45.3663191092627
"hIfGt0F2oys","BAN-ADA-C","BAN-ADA-C","BAN-ADA-C","EfhFdVKkqQ5","Abdul Aziz",2.04531463708827,45.3568251039526
"ETGVJPGb8mG","BAN-ADA-D","BAN-ADA-D","BAN-ADA-D","EfhFdVKkqQ5","Abdul Aziz",2.04302472734133,45.3651173448567
"exRT1nvZj3I","BAN-ADA-E","BAN-ADA-E","BAN-ADA-E","EfhFdVKkqQ5","Abdul Aziz",2.04639558252356,45.3549721095374
"SAiYqI4K79a","BAN-ADA-F","BAN-ADA-F","BAN-ADA-F","EfhFdVKkqQ5","Abdul Aziz",2.03662952188965,45.3577762095248
"gBKhzagj4Z5","MSH-BLD-A","MSH-BLD-A","MSH-BLD-A","FE9WCRfTWwV","Balad",2.32203052490706,45.2679369462671
"FmiItwtQEvr","MSH-BLD-AA","MSH-BLD-AA","MSH-BLD-AA","FE9WCRfTWwV","Balad",2.39159235563205,45.423790112935
"szOddG0PFXn","MSH-BLD-B","MSH-BLD-B","MSH-BLD-B","FE9WCRfTWwV","Balad",2.49099650989683,45.4614122695501
"iDULSidd5QJ","MSH-BLD-C","MSH-BLD-C","MSH-BLD-C","FE9WCRfTWwV","Balad",2.57955621716192,45.5794138580595
"GMTbTf538yY","MSH-BLD-D","MSH-BLD-D","MSH-BLD-D","FE9WCRfTWwV","Balad",2.23997023471236,45.4847572625584
"i7TtVLr0pof","MSH-BLD-E","MSH-BLD-E","MSH-BLD-E","FE9WCRfTWwV","Balad",2.41200584441894,45.3922592531525
"FPZNRAb4OZ5","MSH-BLD-F","MSH-BLD-F","MSH-BLD-F","FE9WCRfTWwV","Balad",2.31919289580751,45.3474898559532
"P56fDMJCy0h","MSH-BLD-G","MSH-BLD-G","MSH-BLD-G","FE9WCRfTWwV","Balad",2.36036830890223,45.444052972658
"JbDqZhGB85S","MSH-BLD-H","MSH-BLD-H","MSH-BLD-H","FE9WCRfTWwV","Balad",2.24720359336806,45.3440068233624
"F6A1aT2CdGp","MSH-BLD-I","MSH-BLD-I","MSH-BLD-I","FE9WCRfTWwV","Balad",2.57895296148166,45.4115689746962
"zVdb5JeoVmi","MSH-BLD-J","MSH-BLD-J","MSH-BLD-J","FE9WCRfTWwV","Balad",2.61977426050859,45.4880704979592
"Owla0rUl2jW","MSH-BLD-K","MSH-BLD-K","MSH-BLD-K","FE9WCRfTWwV","Balad",2.4788456328578,45.4972664686683
"APjK3Lm38Fw","MSH-BLD-L","MSH-BLD-L","MSH-BLD-L","FE9WCRfTWwV","Balad",2.46303061202119,45.4599889613393
"UXNTOhiwI9M","MSH-BLD-M","MSH-BLD-M","MSH-BLD-M","FE9WCRfTWwV","Balad",2.2150444228553,45.3495831545648
"xar6yn0hyfS","MSH-BLD-N","MSH-BLD-N","MSH-BLD-N","FE9WCRfTWwV","Balad",2.37605781334908,45.3057054424177
"yHWJRy7TBRo","MSH-BLD-O","MSH-BLD-O","MSH-BLD-O","FE9WCRfTWwV","Balad",2.26059453054319,45.5268976169372
"tIBII5pqqk6","MSH-BLD-P","MSH-BLD-P","MSH-BLD-P","FE9WCRfTWwV","Balad",2.21793483817201,45.5656676439635
"uUOaGPFeA4O","MSH-BLD-Q","MSH-BLD-Q","MSH-BLD-Q","FE9WCRfTWwV","Balad",2.31573850567986,45.4708935117143
"M24ynKMQyHj","MSH-BLD-R","MSH-BLD-R","MSH-BLD-R","FE9WCRfTWwV","Balad",2.47527013975581,45.2130258098739
"jZb8bWgH67n","MSH-BLD-S","MSH-BLD-S","MSH-BLD-S","FE9WCRfTWwV","Balad",2.60683485953283,45.5558963784997
"XzRZ3lpGgKQ","MSH-BLD-T","MSH-BLD-T","MSH-BLD-T","FE9WCRfTWwV","Balad",2.46747991643908,45.5194756137639
"znHfSW03TOa","MSH-BLD-U","MSH-BLD-U","MSH-BLD-U","FE9WCRfTWwV","Balad",2.38312224711675,45.2215301378434
"UQ7sonSUyzt","MSH-BLD-V","MSH-BLD-V","MSH-BLD-V","FE9WCRfTWwV","Balad",2.56411699352245,45.5584878169413
"DTdtTwSoMmf","MSH-BLD-W","MSH-BLD-W","MSH-BLD-W","FE9WCRfTWwV","Balad",2.58622605900528,45.2485468795033
"aY0NBqMRYBV","MSH-BLD-X","MSH-BLD-X","MSH-BLD-X","FE9WCRfTWwV","Balad",2.36965705713695,45.2135062158943
"uyqGsh1fMRo","MSH-BLD-Y","MSH-BLD-Y","MSH-BLD-Y","FE9WCRfTWwV","Balad",2.52765751907691,45.3450304377959
"SylUaGMQdPc","MSH-BLD-Z","MSH-BLD-Z","MSH-BLD-Z","FE9WCRfTWwV","Balad",2.22769841089595,45.4123963985392
"X8LzMSCJkhg","SOL-LND-A","SOL-LND-A","SOL-LND-A","FbIuEpyH910","Las Anod",8.42399513673729,48.3578202248881
"SekaNzYvi4Q","SOL-LND-AA","SOL-LND-AA","SOL-LND-AA","FbIuEpyH910","Las Anod",8.95220429620604,46.7965207005912
"DJ8UjVG4ZwQ","SOL-LND-AB","SOL-LND-AB","SOL-LND-AB","FbIuEpyH910","Las Anod",8.08779156819606,47.6155075249955
"eRDRu9MqChH","SOL-LND-AC","SOL-LND-AC","SOL-LND-AC","FbIuEpyH910","Las Anod",8.45876752293379,47.6050857564071
"cx3SZa7Xd4R","SOL-LND-AD","SOL-LND-AD","SOL-LND-AD","FbIuEpyH910","Las Anod",8.06447042122658,46.8063018337248
"V5IG2tfM4a6","SOL-LND-AE","SOL-LND-AE","SOL-LND-AE","FbIuEpyH910","Las Anod",8.10611644986692,47.5316931287205
"Gjx7CI3ndhw","SOL-LND-AF","SOL-LND-AF","SOL-LND-AF","FbIuEpyH910","Las Anod",8.67388501208931,46.6164514270548
"eTbDEDXojMG","SOL-LND-AG","SOL-LND-AG","SOL-LND-AG","FbIuEpyH910","Las Anod",9.01265550786475,46.9076421587102
"Kvvz7szrX7t","SOL-LND-AH","SOL-LND-AH","SOL-LND-AH","FbIuEpyH910","Las Anod",8.52773035000545,48.1473488960275
"dwer6cMbbRM","SOL-LND-AI","SOL-LND-AI","SOL-LND-AI","FbIuEpyH910","Las Anod",8.61125557665629,46.7114321037523
"IqWwZBtQyfL","SOL-LND-AJ","SOL-LND-AJ","SOL-LND-AJ","FbIuEpyH910","Las Anod",8.768474851562,46.7499802772925
"CxTRuFd6yyd","SOL-LND-AK","SOL-LND-AK","SOL-LND-AK","FbIuEpyH910","Las Anod",8.36370254128251,47.9273126101333
"iZix3Hv90nP","SOL-LND-AL","SOL-LND-AL","SOL-LND-AL","FbIuEpyH910","Las Anod",8.12469818793191,47.5903888816933
"v8DgYv3o20E","SOL-LND-AM","SOL-LND-AM","SOL-LND-AM","FbIuEpyH910","Las Anod",8.27819374170691,47.6999041092741
"wuokPO9L04y","SOL-LND-AN","SOL-LND-AN","SOL-LND-AN","FbIuEpyH910","Las Anod",8.41124549329602,48.2053582434877
"lKSDwsOBoO5","SOL-LND-AO","SOL-LND-AO","SOL-LND-AO","FbIuEpyH910","Las Anod",8.12116537563244,47.5416305677409
"x9Z6RWTTmhH","SOL-LND-AP","SOL-LND-AP","SOL-LND-AP","FbIuEpyH910","Las Anod",8.1432180739295,46.8730991910873
"skEk8EVpjdO","SOL-LND-AQ","SOL-LND-AQ","SOL-LND-AQ","FbIuEpyH910","Las Anod",8.67353016051662,47.3147748578171
"jI4n9G20ASi","SOL-LND-AR","SOL-LND-AR","SOL-LND-AR","FbIuEpyH910","Las Anod",8.92474898438127,46.9319911590404
"Xi83z65lnwF","SOL-LND-AS","SOL-LND-AS","SOL-LND-AS","FbIuEpyH910","Las Anod",8.57080045748325,47.9680572999905
"I3ffeoFVyP7","SOL-LND-AT","SOL-LND-AT","SOL-LND-AT","FbIuEpyH910","Las Anod",8.0542030721136,47.4671433507782
"bz0PGGIGZoY","SOL-LND-AU","SOL-LND-AU","SOL-LND-AU","FbIuEpyH910","Las Anod",8.84595056252404,46.7536531439441
"SG9Pl3tVQfu","SOL-LND-AV","SOL-LND-AV","SOL-LND-AV","FbIuEpyH910","Las Anod",8.53363236786223,47.058321100745
"eBLgmR7Th6A","SOL-LND-AW","SOL-LND-AW","SOL-LND-AW","FbIuEpyH910","Las Anod",8.55483926341344,48.0300436934749
"oRokHSCn9Da","SOL-LND-AX","SOL-LND-AX","SOL-LND-AX","FbIuEpyH910","Las Anod",8.97399213304984,46.9897886999707
"Esxr6rUxSCm","SOL-LND-AY","SOL-LND-AY","SOL-LND-AY","FbIuEpyH910","Las Anod",8.34353906317305,47.5441671866128
"lCU8n9rb7U1","SOL-LND-AZ","SOL-LND-AZ","SOL-LND-AZ","FbIuEpyH910","Las Anod",8.48424654912274,47.0839936987626
"GaxtBcJUL41","SOL-LND-B","SOL-LND-B","SOL-LND-B","FbIuEpyH910","Las Anod",8.55300790911352,47.7280233583578
"pOXHsbZ62KA","SOL-LND-BA","SOL-LND-BA","SOL-LND-BA","FbIuEpyH910","Las Anod",8.22158072904613,48.2013516940441
"DuNC1Oj05j2","SOL-LND-C","SOL-LND-C","SOL-LND-C","FbIuEpyH910","Las Anod",8.59779410974723,46.7276138452618
"qosa7hNMiia","SOL-LND-D","SOL-LND-D","SOL-LND-D","FbIuEpyH910","Las Anod",8.71967139283243,47.2807610753268
"J8EyvXDYy8W","SOL-LND-E","SOL-LND-E","SOL-LND-E","FbIuEpyH910","Las Anod",8.49654139830369,48.4564380987111
"c5bgClU9QWH","SOL-LND-F","SOL-LND-F","SOL-LND-F","FbIuEpyH910","Las Anod",8.64930269766052,46.6611836569679
"oLESWjr36Q3","SOL-LND-G","SOL-LND-G","SOL-LND-G","FbIuEpyH910","Las Anod",8.66777677585569,47.2508102974001
"FGgqQlxLW5i","SOL-LND-H","SOL-LND-H","SOL-LND-H","FbIuEpyH910","Las Anod",8.3956098875927,48.2533232634075
"d0AhKVU8SEQ","SOL-LND-I","SOL-LND-I","SOL-LND-I","FbIuEpyH910","Las Anod",8.25267020935488,47.8891185618178
"jJkgnZjbB6X","SOL-LND-J","SOL-LND-J","SOL-LND-J","FbIuEpyH910","Las Anod",8.73487231523366,46.6219066486358
"C5LMyvIF3FH","SOL-LND-K","SOL-LND-K","SOL-LND-K","FbIuEpyH910","Las Anod",8.85905084193354,46.8847492666529
"tD5cscF5lq7","SOL-LND-L","SOL-LND-L","SOL-LND-L","FbIuEpyH910","Las Anod",9.00284708423304,46.9018379581206
"NEJIfJ2dFvc","SOL-LND-M","SOL-LND-M","SOL-LND-M","FbIuEpyH910","Las Anod",8.32859843252843,47.4724347650429
"k4VemcKeEMN","SOL-LND-N","SOL-LND-N","SOL-LND-N","FbIuEpyH910","Las Anod",8.05131722294272,47.4678806001034
"NzDWiS63lFy","SOL-LND-O","SOL-LND-O","SOL-LND-O","FbIuEpyH910","Las Anod",8.37586409541744,47.996955680946
"J4RsxdKYomp","SOL-LND-P","SOL-LND-P","SOL-LND-P","FbIuEpyH910","Las Anod",8.20912893341296,47.0655762931198
"mpR3h1roHFY","SOL-LND-Q","SOL-LND-Q","SOL-LND-Q","FbIuEpyH910","Las Anod",8.33832868643885,47.5805832923932
"KnsPmTa0Lkf","SOL-LND-R","SOL-LND-R","SOL-LND-R","FbIuEpyH910","Las Anod",8.2285946988869,48.1968907732316
"Cpxo38XEgWk","SOL-LND-S","SOL-LND-S","SOL-LND-S","FbIuEpyH910","Las Anod",8.52137280182754,47.3801770380606
"d3tH2cIdgQ7","SOL-LND-T","SOL-LND-T","SOL-LND-T","FbIuEpyH910","Las Anod",8.5936195172292,47.0011833431543
"eIeJWlZtN6H","SOL-LND-U","SOL-LND-U","SOL-LND-U","FbIuEpyH910","Las Anod",8.51972478510992,47.4208747941958
"Ovr8TvvWqbd","SOL-LND-V","SOL-LND-V","SOL-LND-V","FbIuEpyH910","Las Anod",8.0801705550747,47.5039412375782
"EorFAi4gcHx","SOL-LND-W","SOL-LND-W","SOL-LND-W","FbIuEpyH910","Las Anod",8.06164563987508,47.3280681285002
"dF2NNxWGEmD","SOL-LND-X","SOL-LND-X","SOL-LND-X","FbIuEpyH910","Las Anod",8.11671356310596,47.5506488638705
"uKNuKxhRiOH","SOL-LND-Y","SOL-LND-Y","SOL-LND-Y","FbIuEpyH910","Las Anod",8.09706599628673,47.2509826469801
"o6czXiRBVCo","SOL-LND-Z","SOL-LND-Z","SOL-LND-Z","FbIuEpyH910","Las Anod",8.12625223274071,47.7329458220996
"Tg3F6zy9iCx","MJB-BUA-A","MJB-BUA-A","MJB-BUA-A","FuxIq22SqLJ","Buaale",1.26376730829653,42.8961027320901
"x5iOGuPdI8i","MJB-BUA-AA","MJB-BUA-AA","MJB-BUA-AA","FuxIq22SqLJ","Buaale",1.14939064742449,42.9027633332572
"eLjttDn7eTw","MJB-BUA-AB","MJB-BUA-AB","MJB-BUA-AB","FuxIq22SqLJ","Buaale",0.764577403003293,42.5506131213624
"MxbmCRHctJa","MJB-BUA-AC","MJB-BUA-AC","MJB-BUA-AC","FuxIq22SqLJ","Buaale",1.02416453412089,43.1306224207295
"kGwx8AjNIq8","MJB-BUA-AD","MJB-BUA-AD","MJB-BUA-AD","FuxIq22SqLJ","Buaale",1.01600920112346,42.7557875677629
"ukatENCSn3T","MJB-BUA-B","MJB-BUA-B","MJB-BUA-B","FuxIq22SqLJ","Buaale",1.24663617289181,42.7483873316332
"c5iaBUaoWJF","MJB-BUA-C","MJB-BUA-C","MJB-BUA-C","FuxIq22SqLJ","Buaale",1.12577455622209,42.9377821232178
"VuzFrfdT0qf","MJB-BUA-D","MJB-BUA-D","MJB-BUA-D","FuxIq22SqLJ","Buaale",1.12096978400393,43.13135623502
"G7VYmMKeVsE","MJB-BUA-E","MJB-BUA-E","MJB-BUA-E","FuxIq22SqLJ","Buaale",1.32590952884652,42.5487760133658
"YUiexnmrVak","MJB-BUA-F","MJB-BUA-F","MJB-BUA-F","FuxIq22SqLJ","Buaale",1.4781226572777,42.3870361011487
"h9DL3G2twD3","MJB-BUA-G","MJB-BUA-G","MJB-BUA-G","FuxIq22SqLJ","Buaale",1.32943371257401,42.6120545783761
"TEUNyZP9UZZ","MJB-BUA-H","MJB-BUA-H","MJB-BUA-H","FuxIq22SqLJ","Buaale",1.21392388529249,42.3430365359736
"HdJrMWruUO2","MJB-BUA-I","MJB-BUA-I","MJB-BUA-I","FuxIq22SqLJ","Buaale",1.37854682084254,42.6946359842174
"QfTDugxMpz9","MJB-BUA-J","MJB-BUA-J","MJB-BUA-J","FuxIq22SqLJ","Buaale",1.37893284681224,42.2790506741704
"eYdDNpb10AH","MJB-BUA-K","MJB-BUA-K","MJB-BUA-K","FuxIq22SqLJ","Buaale",1.45228232965486,42.3800791664462
"hA3QO7KUEGB","MJB-BUA-L","MJB-BUA-L","MJB-BUA-L","FuxIq22SqLJ","Buaale",1.35910633174746,42.6901206557098
"ZxDrcgLipdL","MJB-BUA-M","MJB-BUA-M","MJB-BUA-M","FuxIq22SqLJ","Buaale",1.05093303242315,42.6296242779542
"j7Qfm6cO12V","MJB-BUA-N","MJB-BUA-N","MJB-BUA-N","FuxIq22SqLJ","Buaale",1.28565710263806,43.0600471699753
"Dkysha9MnfM","MJB-BUA-O","MJB-BUA-O","MJB-BUA-O","FuxIq22SqLJ","Buaale",1.16407712680762,42.7976999146033
"Wps4s42X8sX","MJB-BUA-P","MJB-BUA-P","MJB-BUA-P","FuxIq22SqLJ","Buaale",1.16885297475593,42.3588668220236
"wp6x7AheIUZ","MJB-BUA-Q","MJB-BUA-Q","MJB-BUA-Q","FuxIq22SqLJ","Buaale",1.13455674999137,42.6520158686037
"TZsUxNqIoET","MJB-BUA-R","MJB-BUA-R","MJB-BUA-R","FuxIq22SqLJ","Buaale",1.19131270316245,42.3964819016082
"OuVo5OjtEMo","MJB-BUA-S","MJB-BUA-S","MJB-BUA-S","FuxIq22SqLJ","Buaale",0.95444688781423,42.8818964247433
"AObkwhXiSxR","MJB-BUA-T","MJB-BUA-T","MJB-BUA-T","FuxIq22SqLJ","Buaale",0.875487946710816,42.8192992485177
"g6ifzDbPAJl","MJB-BUA-U","MJB-BUA-U","MJB-BUA-U","FuxIq22SqLJ","Buaale",1.22223803954317,42.4492121798207
"ejYyGydVZOM","MJB-BUA-V","MJB-BUA-V","MJB-BUA-V","FuxIq22SqLJ","Buaale",0.927884535504317,42.8115141999979
"RoCeNjZbHNG","MJB-BUA-W","MJB-BUA-W","MJB-BUA-W","FuxIq22SqLJ","Buaale",1.09587292617138,42.5943983532746
"In2yA7oUqCC","MJB-BUA-X","MJB-BUA-X","MJB-BUA-X","FuxIq22SqLJ","Buaale",1.20579018800575,42.9123308721331
"id9N4yGslOD","MJB-BUA-Y","MJB-BUA-Y","MJB-BUA-Y","FuxIq22SqLJ","Buaale",1.25558547323016,43.120921951164
"TOuBXirYaOE","MJB-BUA-Z","MJB-BUA-Z","MJB-BUA-Z","FuxIq22SqLJ","Buaale",0.863774075764766,42.8778941013993
"Sw4N5tPvBRR","HRN-JLX-A","HRN-JLX-A","HRN-JLX-A","G0srGXuoA1v","Jalalaqsi",3.58123929392425,45.355926246957
"gWb3dpVwyzS","HRN-JLX-AA","HRN-JLX-AA","HRN-JLX-AA","G0srGXuoA1v","Jalalaqsi",3.226688383907,45.5909083469614
"bwJ57hZCOi0","HRN-JLX-AB","HRN-JLX-AB","HRN-JLX-AB","G0srGXuoA1v","Jalalaqsi",3.57037253775918,45.1779028829241
"lp8VimRYBsL","HRN-JLX-AC","HRN-JLX-AC","HRN-JLX-AC","G0srGXuoA1v","Jalalaqsi",3.23462989775537,45.7015449041427
"Ypb0vkOzFIa","HRN-JLX-AD","HRN-JLX-AD","HRN-JLX-AD","G0srGXuoA1v","Jalalaqsi",3.258650397648,45.4971885845512
"ueNENEX5h7E","HRN-JLX-AE","HRN-JLX-AE","HRN-JLX-AE","G0srGXuoA1v","Jalalaqsi",3.24629590420429,45.482855708722
"nJAXPhMacau","HRN-JLX-AF","HRN-JLX-AF","HRN-JLX-AF","G0srGXuoA1v","Jalalaqsi",3.3264414544593,45.1727743973955
"AA9uCox7IDm","HRN-JLX-B","HRN-JLX-B","HRN-JLX-B","G0srGXuoA1v","Jalalaqsi",3.51986807009456,45.2818757141312
"f2uKhItSggE","HRN-JLX-C","HRN-JLX-C","HRN-JLX-C","G0srGXuoA1v","Jalalaqsi",3.31077460318554,45.5982640524624
"HeEBnwhc3xZ","HRN-JLX-D","HRN-JLX-D","HRN-JLX-D","G0srGXuoA1v","Jalalaqsi",3.27642389958239,45.6460562223992
"BUbIoHYmzuL","HRN-JLX-E","HRN-JLX-E","HRN-JLX-E","G0srGXuoA1v","Jalalaqsi",3.54336836661681,45.16940358613
"N2BiZyjwRjJ","HRN-JLX-F","HRN-JLX-F","HRN-JLX-F","G0srGXuoA1v","Jalalaqsi",3.28401600489353,45.2195797584182
"J4lft2LxRSL","HRN-JLX-G","HRN-JLX-G","HRN-JLX-G","G0srGXuoA1v","Jalalaqsi",3.49067872301631,45.317119353393
"TcjQYFqsVjr","HRN-JLX-H","HRN-JLX-H","HRN-JLX-H","G0srGXuoA1v","Jalalaqsi",3.57527093853056,45.4805744317718
"FwoJZ3Y05iT","HRN-JLX-I","HRN-JLX-I","HRN-JLX-I","G0srGXuoA1v","Jalalaqsi",3.59215493853524,45.2691790044724
"Eko2zpdppRg","HRN-JLX-J","HRN-JLX-J","HRN-JLX-J","G0srGXuoA1v","Jalalaqsi",3.29115566402615,45.8183504430844
"SfCLXCOu1e6","HRN-JLX-K","HRN-JLX-K","HRN-JLX-K","G0srGXuoA1v","Jalalaqsi",3.32801285234797,45.7010111010824
"FpAE7KoLFOR","HRN-JLX-L","HRN-JLX-L","HRN-JLX-L","G0srGXuoA1v","Jalalaqsi",3.44065529304619,45.9213698768302
"EOGgiAJGLgu","HRN-JLX-M","HRN-JLX-M","HRN-JLX-M","G0srGXuoA1v","Jalalaqsi",3.57316775772353,45.8781331788089
"CBg8FCrTZl0","HRN-JLX-N","HRN-JLX-N","HRN-JLX-N","G0srGXuoA1v","Jalalaqsi",3.30834635815958,45.5426963974354
"z2A0lrvsG9m","HRN-JLX-O","HRN-JLX-O","HRN-JLX-O","G0srGXuoA1v","Jalalaqsi",3.37582384691833,45.3979091626879
"eJoMq5T8NMB","HRN-JLX-P","HRN-JLX-P","HRN-JLX-P","G0srGXuoA1v","Jalalaqsi",3.26066565778792,45.1458428322873
"oH199INYSIT","HRN-JLX-Q","HRN-JLX-Q","HRN-JLX-Q","G0srGXuoA1v","Jalalaqsi",3.22716494476139,45.6615864704322
"ZmUGrHSrGJT","HRN-JLX-R","HRN-JLX-R","HRN-JLX-R","G0srGXuoA1v","Jalalaqsi",3.27878979912063,45.4497554768185
"Z8Ya9tRbgyG","HRN-JLX-S","HRN-JLX-S","HRN-JLX-S","G0srGXuoA1v","Jalalaqsi",3.56267516048169,45.453297209576
"oP4lJtEoyc1","HRN-JLX-T","HRN-JLX-T","HRN-JLX-T","G0srGXuoA1v","Jalalaqsi",3.51895278644671,45.4782438359448
"eOnU8Zk1I1z","HRN-JLX-U","HRN-JLX-U","HRN-JLX-U","G0srGXuoA1v","Jalalaqsi",3.6141173102393,45.8198968574316
"zmPrmpggebb","HRN-JLX-V","HRN-JLX-V","HRN-JLX-V","G0srGXuoA1v","Jalalaqsi",3.27340618457882,45.4587916563975
"t7K7KBDVhq6","HRN-JLX-W","HRN-JLX-W","HRN-JLX-W","G0srGXuoA1v","Jalalaqsi",3.3208338925943,45.4678323775732
"yrmpG9H7Ahn","HRN-JLX-X","HRN-JLX-X","HRN-JLX-X","G0srGXuoA1v","Jalalaqsi",3.32334258811865,45.8801548745001
"eeniyPoQqNn","HRN-JLX-Y","HRN-JLX-Y","HRN-JLX-Y","G0srGXuoA1v","Jalalaqsi",3.54301867876814,45.4507211672923
"uqXkshrzI71","HRN-JLX-Z","HRN-JLX-Z","HRN-JLX-Z","G0srGXuoA1v","Jalalaqsi",3.52655045550036,45.200233285965
"Q5z5LywD6Fc","MJB-SLG-A","MJB-SLG-A","MJB-SLG-A","GUVWH5hB8va","Salagle",1.29641380980903,42.0215633230844
"MSfbtakv3jX","MJB-SLG-B","MJB-SLG-B","MJB-SLG-B","GUVWH5hB8va","Salagle",1.87060158137173,42.3054031610014
"fDuJoC6cZcx","MJB-SLG-C","MJB-SLG-C","MJB-SLG-C","GUVWH5hB8va","Salagle",1.77991341654531,42.0486097577581
"mbsl9PgL76y","MJB-SLG-D","MJB-SLG-D","MJB-SLG-D","GUVWH5hB8va","Salagle",1.80555229081072,42.2825806947288
"Jx0IBGGi4WV","MJB-SLG-E","MJB-SLG-E","MJB-SLG-E","GUVWH5hB8va","Salagle",1.89119440895525,41.6465101074279
"H8aUFiWFRRU","MJB-SLG-F","MJB-SLG-F","MJB-SLG-F","GUVWH5hB8va","Salagle",1.84052633058151,41.7721694397507
"Cwxbf6wPIqn","MJB-SLG-G","MJB-SLG-G","MJB-SLG-G","GUVWH5hB8va","Salagle",1.75447662993355,41.7865554437814
"Cv8bF4wcdkF","MJB-SLG-H","MJB-SLG-H","MJB-SLG-H","GUVWH5hB8va","Salagle",1.8584769750353,42.041981547806
"VB6IovPJCps","MJB-SLG-I","MJB-SLG-I","MJB-SLG-I","GUVWH5hB8va","Salagle",1.78774489707422,41.8864209704928
"y1RlzTscjjl","MJB-SLG-J","MJB-SLG-J","MJB-SLG-J","GUVWH5hB8va","Salagle",1.40897219256157,41.8135717225243
"yQs0NWxUcRd","MJB-SLG-K","MJB-SLG-K","MJB-SLG-K","GUVWH5hB8va","Salagle",1.42570786929099,42.0876419651717
"wLStiWTrRhd","MJB-SLG-L","MJB-SLG-L","MJB-SLG-L","GUVWH5hB8va","Salagle",1.63364308430122,41.5992210589965
"QM8AKkyhadt","MJB-SLG-M","MJB-SLG-M","MJB-SLG-M","GUVWH5hB8va","Salagle",1.76745085768179,41.6501882845247
"ahQX62McfMT","MJB-SLG-N","MJB-SLG-N","MJB-SLG-N","GUVWH5hB8va","Salagle",1.38380562986517,41.8291142462887
"xgeG26kqF6y","MJB-SLG-O","MJB-SLG-O","MJB-SLG-O","GUVWH5hB8va","Salagle",1.76246906145063,41.8397608148325
"tQm6JPXf4eh","MJB-SLG-P","MJB-SLG-P","MJB-SLG-P","GUVWH5hB8va","Salagle",1.68668983181749,41.89363513916
"svBhd2sjESO","MJB-SLG-Q","MJB-SLG-Q","MJB-SLG-Q","GUVWH5hB8va","Salagle",1.30262588829802,41.5665157373604
"GeLSOc3nHbM","MJB-SLG-R","MJB-SLG-R","MJB-SLG-R","GUVWH5hB8va","Salagle",1.54947321874092,41.8480964196878
"yBscmIyy7GR","LSH-KRT-A","LSH-KRT-A","LSH-KRT-A","HctOAHJ3oVs","Kurtunwaarey",1.68699879190035,43.9611702179831
"m2Mbja052m0","LSH-KRT-AA","LSH-KRT-AA","LSH-KRT-AA","HctOAHJ3oVs","Kurtunwaarey",1.72465374587025,43.9046221935133
"wXZuCYEpWDk","LSH-KRT-AB","LSH-KRT-AB","LSH-KRT-AB","HctOAHJ3oVs","Kurtunwaarey",1.65580074756876,44.4089629366786
"G43bM519u7T","LSH-KRT-AC","LSH-KRT-AC","LSH-KRT-AC","HctOAHJ3oVs","Kurtunwaarey",1.5879987109473,44.2836209045261
"ya3odMEdvW0","LSH-KRT-AD","LSH-KRT-AD","LSH-KRT-AD","HctOAHJ3oVs","Kurtunwaarey",1.46433006589342,44.0986021161947
"CIezykV8GoQ","LSH-KRT-AE","LSH-KRT-AE","LSH-KRT-AE","HctOAHJ3oVs","Kurtunwaarey",1.63370100639387,44.1745396935139
"bgoabjNSfHi","LSH-KRT-AF","LSH-KRT-AF","LSH-KRT-AF","HctOAHJ3oVs","Kurtunwaarey",1.59144474182904,44.4026130300119
"kXtNXLYWLNY","LSH-KRT-AG","LSH-KRT-AG","LSH-KRT-AG","HctOAHJ3oVs","Kurtunwaarey",1.60980840311038,44.4310250860895
"oqJWRNUvbKV","LSH-KRT-AH","LSH-KRT-AH","LSH-KRT-AH","HctOAHJ3oVs","Kurtunwaarey",1.64427050377516,43.9554399918999
"bgzE9Pccldg","LSH-KRT-AI","LSH-KRT-AI","LSH-KRT-AI","HctOAHJ3oVs","Kurtunwaarey",1.49081171633294,44.0897202876977
"mF1GANEYPnq","LSH-KRT-AJ","LSH-KRT-AJ","LSH-KRT-AJ","HctOAHJ3oVs","Kurtunwaarey",1.73594610031049,43.856612691909
"CCXuYGlovvx","LSH-KRT-B","LSH-KRT-B","LSH-KRT-B","HctOAHJ3oVs","Kurtunwaarey",1.75284402267433,44.0234694090106
"r6uQEntw6CM","LSH-KRT-C","LSH-KRT-C","LSH-KRT-C","HctOAHJ3oVs","Kurtunwaarey",1.71665637518808,44.3472604749885
"IjRBYwtxj5N","LSH-KRT-D","LSH-KRT-D","LSH-KRT-D","HctOAHJ3oVs","Kurtunwaarey",1.65180933906843,44.0949342196749
"T2FWR3X3mte","LSH-KRT-E","LSH-KRT-E","LSH-KRT-E","HctOAHJ3oVs","Kurtunwaarey",1.78256633623424,43.8058098713398
"ManGZxzd7qW","LSH-KRT-F","LSH-KRT-F","LSH-KRT-F","HctOAHJ3oVs","Kurtunwaarey",1.6841877444288,44.1485323777741
"inl2lTspiRf","LSH-KRT-G","LSH-KRT-G","LSH-KRT-G","HctOAHJ3oVs","Kurtunwaarey",1.562624264065,44.5279226147956
"IfFaT7XfxiI","LSH-KRT-H","LSH-KRT-H","LSH-KRT-H","HctOAHJ3oVs","Kurtunwaarey",1.6511156434327,44.5026520324706
"geOLwT21m8L","LSH-KRT-I","LSH-KRT-I","LSH-KRT-I","HctOAHJ3oVs","Kurtunwaarey",1.47974342038781,44.1326970880567
"OTEHVmr0XHZ","LSH-KRT-J","LSH-KRT-J","LSH-KRT-J","HctOAHJ3oVs","Kurtunwaarey",1.69608947558564,44.3058669880743
"C9YdLc6qI9b","LSH-KRT-K","LSH-KRT-K","LSH-KRT-K","HctOAHJ3oVs","Kurtunwaarey",1.50159508456657,44.0315725411524
"nUGqOnrlc3H","LSH-KRT-L","LSH-KRT-L","LSH-KRT-L","HctOAHJ3oVs","Kurtunwaarey",1.51711757462831,44.0470442806373
"vxcRhfcD56U","LSH-KRT-M","LSH-KRT-M","LSH-KRT-M","HctOAHJ3oVs","Kurtunwaarey",1.83529662074293,43.9506620530527
"aFVZnqKEGyd","LSH-KRT-N","LSH-KRT-N","LSH-KRT-N","HctOAHJ3oVs","Kurtunwaarey",1.58840041134771,44.0337908800134
"HL1ZAvoCV9b","LSH-KRT-O","LSH-KRT-O","LSH-KRT-O","HctOAHJ3oVs","Kurtunwaarey",1.81409546108066,43.8719692905844
"WebldGxb0Tt","LSH-KRT-P","LSH-KRT-P","LSH-KRT-P","HctOAHJ3oVs","Kurtunwaarey",1.53921322601356,44.1115227043607
"J1NkcwTuD98","LSH-KRT-Q","LSH-KRT-Q","LSH-KRT-Q","HctOAHJ3oVs","Kurtunwaarey",1.48998455065384,44.2553227555601
"NzPrT93bbmH","LSH-KRT-R","LSH-KRT-R","LSH-KRT-R","HctOAHJ3oVs","Kurtunwaarey",1.69769308541696,43.8997609058737
"mZdDPhE4Agv","LSH-KRT-S","LSH-KRT-S","LSH-KRT-S","HctOAHJ3oVs","Kurtunwaarey",1.47411793197569,44.0949612560871
"QjzzT2j2A80","LSH-KRT-T","LSH-KRT-T","LSH-KRT-T","HctOAHJ3oVs","Kurtunwaarey",1.76703720137303,43.8633010396999
"W0aroqK7Kpb","LSH-KRT-U","LSH-KRT-U","LSH-KRT-U","HctOAHJ3oVs","Kurtunwaarey",1.53779798712115,44.4435737617426
"RM4KELQHw0B","LSH-KRT-V","LSH-KRT-V","LSH-KRT-V","HctOAHJ3oVs","Kurtunwaarey",1.59301017668791,43.8738284659167
"sKo7L3XKPgv","LSH-KRT-W","LSH-KRT-W","LSH-KRT-W","HctOAHJ3oVs","Kurtunwaarey",1.52467249893435,44.0489116194155
"Da1AxtFhqJ9","LSH-KRT-X","LSH-KRT-X","LSH-KRT-X","HctOAHJ3oVs","Kurtunwaarey",1.62727621099783,43.8631193744672
"lQrmCrONeAY","LSH-KRT-Y","LSH-KRT-Y","LSH-KRT-Y","HctOAHJ3oVs","Kurtunwaarey",1.80913675398165,44.0757555500775
"w8L26aWhuSw","LSH-KRT-Z","LSH-KRT-Z","LSH-KRT-Z","HctOAHJ3oVs","Kurtunwaarey",1.81077070907243,43.7637139894108
"lo42547hIM2","TOG-BUR-A","TOG-BUR-A","TOG-BUR-A","I33EixKj7mP","Burao",8.56289655293507,45.5535636971314
"nJtAS7KvB3v","TOG-BUR-AA","TOG-BUR-AA","TOG-BUR-AA","I33EixKj7mP","Burao",9.41751878003661,45.6712903317263
"wzRS8HUrqNe","TOG-BUR-AB","TOG-BUR-AB","TOG-BUR-AB","I33EixKj7mP","Burao",9.49143759276206,46.0568101506612
"IkRoUMiB3Nk","TOG-BUR-AC","TOG-BUR-AC","TOG-BUR-AC","I33EixKj7mP","Burao",8.5982570210702,45.7249008613931
"NDQtlmNvA8o","TOG-BUR-AD","TOG-BUR-AD","TOG-BUR-AD","I33EixKj7mP","Burao",9.42536389428128,46.0202593379458
"tPqWVsVsePX","TOG-BUR-AE","TOG-BUR-AE","TOG-BUR-AE","I33EixKj7mP","Burao",9.59922118981507,45.9459957810903
"XeO5vlrfdLl","TOG-BUR-AF","TOG-BUR-AF","TOG-BUR-AF","I33EixKj7mP","Burao",8.84487464278259,45.6537756263867
"XkKtYzAKfz7","TOG-BUR-AG","TOG-BUR-AG","TOG-BUR-AG","I33EixKj7mP","Burao",8.65758934737148,45.6627047469359
"uWf6CzqKKcb","TOG-BUR-AH","TOG-BUR-AH","TOG-BUR-AH","I33EixKj7mP","Burao",8.5343759662659,45.9863240046395
"e5oAF9I8SiI","TOG-BUR-AI","TOG-BUR-AI","TOG-BUR-AI","I33EixKj7mP","Burao",8.90316645018105,45.3839563700257
"IUUydDXHKOk","TOG-BUR-AJ","TOG-BUR-AJ","TOG-BUR-AJ","I33EixKj7mP","Burao",9.13522338321438,45.9632067461111
"zouCc2ibmpK","TOG-BUR-AK","TOG-BUR-AK","TOG-BUR-AK","I33EixKj7mP","Burao",9.29778149169686,45.3599032844666
"a8uHCUmmysN","TOG-BUR-AL","TOG-BUR-AL","TOG-BUR-AL","I33EixKj7mP","Burao",8.63354101488952,45.7322401380227
"nDDFUSq9XZU","TOG-BUR-AM","TOG-BUR-AM","TOG-BUR-AM","I33EixKj7mP","Burao",9.0270613319617,45.6688449826375
"LGqGJ4PGtMw","TOG-BUR-AN","TOG-BUR-AN","TOG-BUR-AN","I33EixKj7mP","Burao",9.58878791119922,45.5812596829011
"ipdM5R5OAEo","TOG-BUR-AO","TOG-BUR-AO","TOG-BUR-AO","I33EixKj7mP","Burao",9.73200396329258,46.0799064462955
"ut0CjcK8EMq","TOG-BUR-AP","TOG-BUR-AP","TOG-BUR-AP","I33EixKj7mP","Burao",9.54487906689311,46.062598057118
"aiDVUqZsAK0","TOG-BUR-AQ","TOG-BUR-AQ","TOG-BUR-AQ","I33EixKj7mP","Burao",8.63642382799454,45.6046106114077
"CL1NJ6eedJo","TOG-BUR-AR","TOG-BUR-AR","TOG-BUR-AR","I33EixKj7mP","Burao",8.52252335124238,45.8659869511623
"lgEWxmIIL7F","TOG-BUR-AS","TOG-BUR-AS","TOG-BUR-AS","I33EixKj7mP","Burao",9.10803803137158,45.5133914230353
"VMEumIjHHNL","TOG-BUR-AT","TOG-BUR-AT","TOG-BUR-AT","I33EixKj7mP","Burao",8.6939420448114,45.9139803564765
"itOtRna9jQ3","TOG-BUR-AU","TOG-BUR-AU","TOG-BUR-AU","I33EixKj7mP","Burao",9.74973489321032,45.7601358027974
"cGIjt4UO6Dr","TOG-BUR-AV","TOG-BUR-AV","TOG-BUR-AV","I33EixKj7mP","Burao",9.26233869095085,45.469797336438
"KKg6R3LJuqc","TOG-BUR-AW","TOG-BUR-AW","TOG-BUR-AW","I33EixKj7mP","Burao",9.04648051710741,45.5295259846531
"FPkPGmHoVfI","TOG-BUR-AX","TOG-BUR-AX","TOG-BUR-AX","I33EixKj7mP","Burao",9.72603269592318,45.5358826547622
"t7Nn2T0iyJS","TOG-BUR-AY","TOG-BUR-AY","TOG-BUR-AY","I33EixKj7mP","Burao",9.31457382258126,46.0217646740105
"Kg9WlBO6F9z","TOG-BUR-AZ","TOG-BUR-AZ","TOG-BUR-AZ","I33EixKj7mP","Burao",9.01301182375507,45.9654258513795
"l9x2rPURfPn","TOG-BUR-B","TOG-BUR-B","TOG-BUR-B","I33EixKj7mP","Burao",9.87081358673632,45.9233644313792
"gGeKolIHpQQ","TOG-BUR-BA","TOG-BUR-BA","TOG-BUR-BA","I33EixKj7mP","Burao",8.36082398869521,45.9451001658796
"jvYS5d17a1c","TOG-BUR-BB","TOG-BUR-BB","TOG-BUR-BB","I33EixKj7mP","Burao",8.86547887651275,45.3777741166769
"w44EbDMIpJU","TOG-BUR-BC","TOG-BUR-BC","TOG-BUR-BC","I33EixKj7mP","Burao",9.29634042435877,45.4988015384091
"tB2sGKbMmWU","TOG-BUR-BD","TOG-BUR-BD","TOG-BUR-BD","I33EixKj7mP","Burao",9.10189265710931,45.511784825632
"hOVXdqj1oez","TOG-BUR-BE","TOG-BUR-BE","TOG-BUR-BE","I33EixKj7mP","Burao",8.87783562275146,45.4836494452757
"HEbfucXSIXX","TOG-BUR-BF","TOG-BUR-BF","TOG-BUR-BF","I33EixKj7mP","Burao",9.54480851301705,46.0439127158678
"ilMcPsoBhoL","TOG-BUR-BG","TOG-BUR-BG","TOG-BUR-BG","I33EixKj7mP","Burao",8.97294610053776,45.9462979368466
"H71DuymDMe4","TOG-BUR-BH","TOG-BUR-BH","TOG-BUR-BH","I33EixKj7mP","Burao",9.57676931561653,45.8168119313633
"aaeSPBynYIj","TOG-BUR-BI","TOG-BUR-BI","TOG-BUR-BI","I33EixKj7mP","Burao",8.63643217211784,45.5552425584309
"dBXNIgKtlhu","TOG-BUR-BJ","TOG-BUR-BJ","TOG-BUR-BJ","I33EixKj7mP","Burao",8.64639700208529,45.2991973187459
"KOJ3jarOYqr","TOG-BUR-BK","TOG-BUR-BK","TOG-BUR-BK","I33EixKj7mP","Burao",9.55952928177703,45.6306394319576
"EaS6Xpokt1o","TOG-BUR-BL","TOG-BUR-BL","TOG-BUR-BL","I33EixKj7mP","Burao",8.79185079926883,45.9677333790656
"NdGLNPrhk6z","TOG-BUR-BM","TOG-BUR-BM","TOG-BUR-BM","I33EixKj7mP","Burao",9.13772564839465,45.7807149474768
"uOuzzWAAmB4","TOG-BUR-BN","TOG-BUR-BN","TOG-BUR-BN","I33EixKj7mP","Burao",8.62449409259951,45.6960655565437
"LBnJkj8sCcu","TOG-BUR-BO","TOG-BUR-BO","TOG-BUR-BO","I33EixKj7mP","Burao",9.62294197123207,45.9004101993963
"dDz4deek5Po","TOG-BUR-BP","TOG-BUR-BP","TOG-BUR-BP","I33EixKj7mP","Burao",8.85034103237632,45.6080388870477
"QQWKh0PfyG0","TOG-BUR-BQ","TOG-BUR-BQ","TOG-BUR-BQ","I33EixKj7mP","Burao",9.67101853922281,45.5153691157063
"H7IDENEfA7A","TOG-BUR-BR","TOG-BUR-BR","TOG-BUR-BR","I33EixKj7mP","Burao",9.55107453298368,45.1734166333409
"hModHmuG9TL","TOG-BUR-BS","TOG-BUR-BS","TOG-BUR-BS","I33EixKj7mP","Burao",8.84387376953626,45.7815210625979
"vSLyYdpT4bi","TOG-BUR-BT","TOG-BUR-BT","TOG-BUR-BT","I33EixKj7mP","Burao",9.30969531577183,45.5441001614304
"U4c0zMu6S0S","TOG-BUR-BU","TOG-BUR-BU","TOG-BUR-BU","I33EixKj7mP","Burao",10.0204707970258,46.0408541826065
"wClaGpesn72","TOG-BUR-BV","TOG-BUR-BV","TOG-BUR-BV","I33EixKj7mP","Burao",9.50520593292262,45.6818575866372
"hUIZniDTqLp","TOG-BUR-BW","TOG-BUR-BW","TOG-BUR-BW","I33EixKj7mP","Burao",9.30949102133229,45.8180000467356
"ruPUZrsHvc3","TOG-BUR-BX","TOG-BUR-BX","TOG-BUR-BX","I33EixKj7mP","Burao",9.8000765712278,45.6782630393184
"ZcjE9dAJJyw","TOG-BUR-BY","TOG-BUR-BY","TOG-BUR-BY","I33EixKj7mP","Burao",9.69167512439685,45.6685885879474
"iIRflpafvif","TOG-BUR-BZ","TOG-BUR-BZ","TOG-BUR-BZ","I33EixKj7mP","Burao",8.51730967448944,45.7844146990955
"gVqrT7rta1a","TOG-BUR-C","TOG-BUR-C","TOG-BUR-C","I33EixKj7mP","Burao",9.88407440356472,45.6346181000258
"SL8yBSelLWx","TOG-BUR-CA","TOG-BUR-CA","TOG-BUR-CA","I33EixKj7mP","Burao",8.62004892815155,45.7463527283129
"BoQjTuimTmc","TOG-BUR-CB","TOG-BUR-CB","TOG-BUR-CB","I33EixKj7mP","Burao",9.5171092064031,45.9392457325694
"nxCdJd73rc6","TOG-BUR-CC","TOG-BUR-CC","TOG-BUR-CC","I33EixKj7mP","Burao",9.54993954833785,45.8551468540383
"cDywKeZ3w2p","TOG-BUR-CD","TOG-BUR-CD","TOG-BUR-CD","I33EixKj7mP","Burao",8.96429164247602,45.9786009407252
"xX0NA0oZuyL","TOG-BUR-CE","TOG-BUR-CE","TOG-BUR-CE","I33EixKj7mP","Burao",9.47395576025093,45.5682782532815
"St2Esbxmog7","TOG-BUR-CF","TOG-BUR-CF","TOG-BUR-CF","I33EixKj7mP","Burao",9.67005030537988,45.5558110924624
"GvgyU3MWvMh","TOG-BUR-CG","TOG-BUR-CG","TOG-BUR-CG","I33EixKj7mP","Burao",8.59517414459015,45.6217294641659
"MNFpAsleo0I","TOG-BUR-CH","TOG-BUR-CH","TOG-BUR-CH","I33EixKj7mP","Burao",8.88373103799908,45.732047378122
"ZDRdRAcSWJR","TOG-BUR-CI","TOG-BUR-CI","TOG-BUR-CI","I33EixKj7mP","Burao",9.00475418831503,45.5226749611986
"iwzcFm0aPEh","TOG-BUR-D","TOG-BUR-D","TOG-BUR-D","I33EixKj7mP","Burao",9.23319760038724,45.6842129806752
"EBzS161T6S0","TOG-BUR-E","TOG-BUR-E","TOG-BUR-E","I33EixKj7mP","Burao",9.64582301138667,45.3483908443208
"VCkBHrhk9Sy","TOG-BUR-F","TOG-BUR-F","TOG-BUR-F","I33EixKj7mP","Burao",8.66892703048522,45.8094839532697
"iY6we1ESeIY","TOG-BUR-G","TOG-BUR-G","TOG-BUR-G","I33EixKj7mP","Burao",9.13774695253243,45.5934522858869
"BGR9kbWOM3L","TOG-BUR-H","TOG-BUR-H","TOG-BUR-H","I33EixKj7mP","Burao",9.39173561777585,45.5183033775249
"DCucKOxfuTL","TOG-BUR-I","TOG-BUR-I","TOG-BUR-I","I33EixKj7mP","Burao",8.43885945453933,45.9173582984208
"suvFzy4N9ND","TOG-BUR-J","TOG-BUR-J","TOG-BUR-J","I33EixKj7mP","Burao",8.89338571538252,45.3975558693534
"h4Hv2Fifisq","TOG-BUR-K","TOG-BUR-K","TOG-BUR-K","I33EixKj7mP","Burao",9.6125356294879,45.7554349508916
"cMUjwNbMJVC","TOG-BUR-L","TOG-BUR-L","TOG-BUR-L","I33EixKj7mP","Burao",9.66218230697386,46.0538136534708
"He9cwLc1rW3","TOG-BUR-M","TOG-BUR-M","TOG-BUR-M","I33EixKj7mP","Burao",8.93526485186151,45.9344257967135
"WntPc5ZY48G","TOG-BUR-N","TOG-BUR-N","TOG-BUR-N","I33EixKj7mP","Burao",8.84597825730243,45.5028677393533
"H0yGuHHI0Ev","TOG-BUR-O","TOG-BUR-O","TOG-BUR-O","I33EixKj7mP","Burao",9.76712977769325,45.8271425679
"WZgDfVPneE3","TOG-BUR-P","TOG-BUR-P","TOG-BUR-P","I33EixKj7mP","Burao",9.09315907576154,45.571086025534
"p9CtXsXAtY7","TOG-BUR-Q","TOG-BUR-Q","TOG-BUR-Q","I33EixKj7mP","Burao",8.97993085497838,45.7640359926118
"P2f9t1igrbs","TOG-BUR-R","TOG-BUR-R","TOG-BUR-R","I33EixKj7mP","Burao",8.62675567510908,45.7617013622459
"wdU6CZmUoOj","TOG-BUR-S","TOG-BUR-S","TOG-BUR-S","I33EixKj7mP","Burao",8.5874807658978,45.6076189294443
"pmk3ve5qK77","TOG-BUR-T","TOG-BUR-T","TOG-BUR-T","I33EixKj7mP","Burao",9.75606844998773,45.846896652705
"jA9BoDchqKp","TOG-BUR-U","TOG-BUR-U","TOG-BUR-U","I33EixKj7mP","Burao",8.88031493635623,45.8205305349388
"HggefUFSujW","TOG-BUR-V","TOG-BUR-V","TOG-BUR-V","I33EixKj7mP","Burao",9.96678319506882,45.5889405795792
"jmrPSTYQ8Mb","TOG-BUR-W","TOG-BUR-W","TOG-BUR-W","I33EixKj7mP","Burao",8.99583627719819,46.0174413083738
"HWCyHlYLV7o","TOG-BUR-X","TOG-BUR-X","TOG-BUR-X","I33EixKj7mP","Burao",8.38651605067375,45.9127057557336
"ujFP2FjTuSv","TOG-BUR-Y","TOG-BUR-Y","TOG-BUR-Y","I33EixKj7mP","Burao",9.02201128035375,46.0604591974955
"lllPm15CUz7","TOG-BUR-Z","TOG-BUR-Z","TOG-BUR-Z","I33EixKj7mP","Burao",8.55206570484357,45.7952180854126
"nK0bv32SmcO","LSH-AFG-A","LSH-AFG-A","LSH-AFG-A","Ilvr3j7dGoO","Afgoi",1.98317349812706,45.1777403570799
"QcDsqSAri4f","LSH-AFG-AA","LSH-AFG-AA","LSH-AFG-AA","Ilvr3j7dGoO","Afgoi",2.1809529524961,45.0559321906368
"JAvrMSsOvrS","LSH-AFG-AB","LSH-AFG-AB","LSH-AFG-AB","Ilvr3j7dGoO","Afgoi",2.12618746743479,45.0663957008768
"Xmx0XBEazPw","LSH-AFG-AC","LSH-AFG-AC","LSH-AFG-AC","Ilvr3j7dGoO","Afgoi",2.07873482295282,44.9720164643049
"r99YhuPZKLw","LSH-AFG-AD","LSH-AFG-AD","LSH-AFG-AD","Ilvr3j7dGoO","Afgoi",2.19820952059469,44.9648656103267
"ch8R0iw2n1K","LSH-AFG-AE","LSH-AFG-AE","LSH-AFG-AE","Ilvr3j7dGoO","Afgoi",2.17609440905215,45.0598556370025
"fePCkWWv1rn","LSH-AFG-AF","LSH-AFG-AF","LSH-AFG-AF","Ilvr3j7dGoO","Afgoi",2.34330717941047,45.0585177290825
"ffjQOAwpwwb","LSH-AFG-AG","LSH-AFG-AG","LSH-AFG-AG","Ilvr3j7dGoO","Afgoi",2.16247429405671,45.1307420373279
"DLtdxlWlsMi","LSH-AFG-AH","LSH-AFG-AH","LSH-AFG-AH","Ilvr3j7dGoO","Afgoi",2.12246020070923,45.1174526668892
"EnOZnKyvyDA","LSH-AFG-AI","LSH-AFG-AI","LSH-AFG-AI","Ilvr3j7dGoO","Afgoi",2.17920788723792,45.0407130628665
"DnGfFvkiyyU","LSH-AFG-AJ","LSH-AFG-AJ","LSH-AFG-AJ","Ilvr3j7dGoO","Afgoi",2.34625387619034,45.1265150285002
"mYduDCP4K5h","LSH-AFG-AK","LSH-AFG-AK","LSH-AFG-AK","Ilvr3j7dGoO","Afgoi",2.37539107671673,45.028889524466
"K7yKaMhut4J","LSH-AFG-AL","LSH-AFG-AL","LSH-AFG-AL","Ilvr3j7dGoO","Afgoi",2.1904613426917,44.919696111134
"JcnuIXEqeaW","LSH-AFG-AM","LSH-AFG-AM","LSH-AFG-AM","Ilvr3j7dGoO","Afgoi",1.93936187926393,45.0917342306488
"JFA22ijiy60","LSH-AFG-AN","LSH-AFG-AN","LSH-AFG-AN","Ilvr3j7dGoO","Afgoi",2.38683986962384,45.0128526562503
"TrRzrYIuHmL","LSH-AFG-AO","LSH-AFG-AO","LSH-AFG-AO","Ilvr3j7dGoO","Afgoi",2.03033410320263,45.0983078694377
"W6MZyUyOApG","LSH-AFG-AP","LSH-AFG-AP","LSH-AFG-AP","Ilvr3j7dGoO","Afgoi",2.24311667934064,45.178465488932
"J4hA1K868uo","LSH-AFG-AQ","LSH-AFG-AQ","LSH-AFG-AQ","Ilvr3j7dGoO","Afgoi",2.16398990075047,45.0110769010718
"EWNQbt4Bidp","LSH-AFG-AR","LSH-AFG-AR","LSH-AFG-AR","Ilvr3j7dGoO","Afgoi",2.21935480275912,45.1914455427006
"OCg61TwisvC","LSH-AFG-AS","LSH-AFG-AS","LSH-AFG-AS","Ilvr3j7dGoO","Afgoi",2.15666703512967,45.2355195002197
"VlzkbSUsjdC","LSH-AFG-AT","LSH-AFG-AT","LSH-AFG-AT","Ilvr3j7dGoO","Afgoi",2.01298821327883,45.0242115056618
"q3PRnGiztVi","LSH-AFG-AU","LSH-AFG-AU","LSH-AFG-AU","Ilvr3j7dGoO","Afgoi",2.33428465777181,45.2029406077102
"t7pb17PKNjn","LSH-AFG-AV","LSH-AFG-AV","LSH-AFG-AV","Ilvr3j7dGoO","Afgoi",2.16394548502946,44.9187603795233
"dshobqxzsJC","LSH-AFG-AW","LSH-AFG-AW","LSH-AFG-AW","Ilvr3j7dGoO","Afgoi",2.14709256501913,44.9487698889799
"saBZgRPrZPs","LSH-AFG-AX","LSH-AFG-AX","LSH-AFG-AX","Ilvr3j7dGoO","Afgoi",2.03438990049018,45.0366157244746
"NXwHfmDLhBl","LSH-AFG-AY","LSH-AFG-AY","LSH-AFG-AY","Ilvr3j7dGoO","Afgoi",2.1688165376179,45.1723611061325
"dJJLa2ODHQ5","LSH-AFG-AZ","LSH-AFG-AZ","LSH-AFG-AZ","Ilvr3j7dGoO","Afgoi",2.0778010070547,45.0372556181381
"BHFY8bEa0Jn","LSH-AFG-B","LSH-AFG-B","LSH-AFG-B","Ilvr3j7dGoO","Afgoi",2.34650238422953,44.9658433761479
"tjCyla2lwZf","LSH-AFG-BA","LSH-AFG-BA","LSH-AFG-BA","Ilvr3j7dGoO","Afgoi",2.44663358538581,45.0567531325215
"Bx1ggvvsuVJ","LSH-AFG-BB","LSH-AFG-BB","LSH-AFG-BB","Ilvr3j7dGoO","Afgoi",2.09017361144656,45.2265091339121
"SGCpc0m113x","LSH-AFG-BC","LSH-AFG-BC","LSH-AFG-BC","Ilvr3j7dGoO","Afgoi",2.39850564849637,45.0889795338955
"NyGxESK8QOl","LSH-AFG-BD","LSH-AFG-BD","LSH-AFG-BD","Ilvr3j7dGoO","Afgoi",2.44782748886298,45.1390287270995
"xgckKuZ1NxW","LSH-AFG-C","LSH-AFG-C","LSH-AFG-C","Ilvr3j7dGoO","Afgoi",1.98838965279757,45.0318314914323
"Yn2xTW5ro5X","LSH-AFG-D","LSH-AFG-D","LSH-AFG-D","Ilvr3j7dGoO","Afgoi",2.26762474771136,45.2009072448962
"eu8BO1kCViD","LSH-AFG-E","LSH-AFG-E","LSH-AFG-E","Ilvr3j7dGoO","Afgoi",2.38815510982151,45.142376255132
"NAweJyYi3kr","LSH-AFG-F","LSH-AFG-F","LSH-AFG-F","Ilvr3j7dGoO","Afgoi",2.12910388412974,45.0415951531864
"bp7bsmU3do4","LSH-AFG-G","LSH-AFG-G","LSH-AFG-G","Ilvr3j7dGoO","Afgoi",2.01408129610592,45.0486737634955
"f8FEuAY98Mh","LSH-AFG-H","LSH-AFG-H","LSH-AFG-H","Ilvr3j7dGoO","Afgoi",2.12364890066013,45.1048747080913
"FR49AE9AWIk","LSH-AFG-I","LSH-AFG-I","LSH-AFG-I","Ilvr3j7dGoO","Afgoi",2.13445593197653,44.9301593001632
"SkAtgktGywj","LSH-AFG-J","LSH-AFG-J","LSH-AFG-J","Ilvr3j7dGoO","Afgoi",2.17294346451445,45.1231687160883
"AjVmQ1lXQMl","LSH-AFG-K","LSH-AFG-K","LSH-AFG-K","Ilvr3j7dGoO","Afgoi",2.02802335614271,45.1145939347569
"UpdFOBzYkmt","LSH-AFG-L","LSH-AFG-L","LSH-AFG-L","Ilvr3j7dGoO","Afgoi",2.18310222141079,45.1973392351399
"Lf3HDZJNzGK","LSH-AFG-M","LSH-AFG-M","LSH-AFG-M","Ilvr3j7dGoO","Afgoi",2.17230365594062,45.2611580331195
"Sx5X9E81BcE","LSH-AFG-N","LSH-AFG-N","LSH-AFG-N","Ilvr3j7dGoO","Afgoi",2.12119384835123,45.0750608635112
"DlyrDOe3zKG","LSH-AFG-O","LSH-AFG-O","LSH-AFG-O","Ilvr3j7dGoO","Afgoi",2.14988438543987,45.2584821080221
"ICFQQE5wiUb","LSH-AFG-P","LSH-AFG-P","LSH-AFG-P","Ilvr3j7dGoO","Afgoi",2.07330057495927,45.1479623002254
"uWebaU01xMY","LSH-AFG-Q","LSH-AFG-Q","LSH-AFG-Q","Ilvr3j7dGoO","Afgoi",1.924497313616,45.0748620528901
"qpcBbVkWV33","LSH-AFG-R","LSH-AFG-R","LSH-AFG-R","Ilvr3j7dGoO","Afgoi",2.17513290014636,45.056051784275
"yhtqG0fRyDT","LSH-AFG-S","LSH-AFG-S","LSH-AFG-S","Ilvr3j7dGoO","Afgoi",2.18087787773671,45.0112677476635
"NtAFTgC4GC7","LSH-AFG-T","LSH-AFG-T","LSH-AFG-T","Ilvr3j7dGoO","Afgoi",1.91886468107321,45.1031008768314
"XAtEGVWdh68","LSH-AFG-U","LSH-AFG-U","LSH-AFG-U","Ilvr3j7dGoO","Afgoi",2.14497697016602,45.1415947908019
"SQFSZPIPk8O","LSH-AFG-V","LSH-AFG-V","LSH-AFG-V","Ilvr3j7dGoO","Afgoi",2.07642945984257,45.0125075279231
"qkQq562Zx4b","LSH-AFG-W","LSH-AFG-W","LSH-AFG-W","Ilvr3j7dGoO","Afgoi",2.19298597373024,44.9840136751114
"zTEd9TaAZSx","LSH-AFG-X","LSH-AFG-X","LSH-AFG-X","Ilvr3j7dGoO","Afgoi",2.11776452441773,44.9444717822134
"yHc108uueff","LSH-AFG-Y","LSH-AFG-Y","LSH-AFG-Y","Ilvr3j7dGoO","Afgoi",2.28542200362391,45.1173739737536
"czSXyCLLqTg","LSH-AFG-Z","LSH-AFG-Z","LSH-AFG-Z","Ilvr3j7dGoO","Afgoi",2.20294479302183,45.2155199272995
"lDLZJAS6xXy","GDO-BRD-A","GDO-BRD-A","GDO-BRD-A","IyRVIWRZhhE","Bardera",2.24637892839852,41.6466845792056
"Wub3nyLfBhO","GDO-BRD-AA","GDO-BRD-AA","GDO-BRD-AA","IyRVIWRZhhE","Bardera",2.14992542975884,41.785169672377
"OkeQ1PS3xsF","GDO-BRD-AB","GDO-BRD-AB","GDO-BRD-AB","IyRVIWRZhhE","Bardera",2.03674150650486,41.3779955175116
"ckCSFCJfc8Z","GDO-BRD-AC","GDO-BRD-AC","GDO-BRD-AC","IyRVIWRZhhE","Bardera",1.55299697392414,41.5197544479962
"bnIW7lmag2o","GDO-BRD-AD","GDO-BRD-AD","GDO-BRD-AD","IyRVIWRZhhE","Bardera",2.76116724834086,42.2138962384611
"OyGvWKewojN","GDO-BRD-AE","GDO-BRD-AE","GDO-BRD-AE","IyRVIWRZhhE","Bardera",2.21727921704794,41.2375295061397
"QdCh3X1zvlx","GDO-BRD-B","GDO-BRD-B","GDO-BRD-B","IyRVIWRZhhE","Bardera",1.50085524214111,41.168099999806
"maRLmtyzsCS","GDO-BRD-C","GDO-BRD-C","GDO-BRD-C","IyRVIWRZhhE","Bardera",1.35858165376927,41.4248268449763
"BmR6JDmTnG0","GDO-BRD-D","GDO-BRD-D","GDO-BRD-D","IyRVIWRZhhE","Bardera",1.34737847081884,41.3298748095247
"yodIYHdKvqk","GDO-BRD-E","GDO-BRD-E","GDO-BRD-E","IyRVIWRZhhE","Bardera",1.88606291426399,41.0536452030054
"kwj9mUcDInk","GDO-BRD-F","GDO-BRD-F","GDO-BRD-F","IyRVIWRZhhE","Bardera",1.34988448180064,41.1512029018654
"gOeArRuFxrg","GDO-BRD-G","GDO-BRD-G","GDO-BRD-G","IyRVIWRZhhE","Bardera",2.01343739761654,42.4106295444649
"RYnPOD07WzE","GDO-BRD-H","GDO-BRD-H","GDO-BRD-H","IyRVIWRZhhE","Bardera",2.05647942206737,41.6857262276963
"KR20qVvelCP","GDO-BRD-I","GDO-BRD-I","GDO-BRD-I","IyRVIWRZhhE","Bardera",2.11746493945962,41.1542853165253
"v9VItlaPl7i","GDO-BRD-J","GDO-BRD-J","GDO-BRD-J","IyRVIWRZhhE","Bardera",2.40193990802922,42.1559363320929
"iuIpdEFbPaN","GDO-BRD-K","GDO-BRD-K","GDO-BRD-K","IyRVIWRZhhE","Bardera",2.18602960234506,42.2509984966481
"F5Hu1o9571X","GDO-BRD-L","GDO-BRD-L","GDO-BRD-L","IyRVIWRZhhE","Bardera",2.74268586269175,42.1856196049919
"mIfIcWGVgPn","GDO-BRD-M","GDO-BRD-M","GDO-BRD-M","IyRVIWRZhhE","Bardera",2.17939634900322,41.0236922029033
"i7f2bXjnrHn","GDO-BRD-N","GDO-BRD-N","GDO-BRD-N","IyRVIWRZhhE","Bardera",2.24833990221548,41.672256164859
"p0lb6UbyeEl","GDO-BRD-O","GDO-BRD-O","GDO-BRD-O","IyRVIWRZhhE","Bardera",2.20604110000017,41.1879523853322
"TtasF83i0wV","GDO-BRD-P","GDO-BRD-P","GDO-BRD-P","IyRVIWRZhhE","Bardera",2.16528244709312,42.294169968227
"zEyL5RJ9Lgz","GDO-BRD-Q","GDO-BRD-Q","GDO-BRD-Q","IyRVIWRZhhE","Bardera",2.57573319154532,42.3538521051694
"So0KkKFoABg","GDO-BRD-R","GDO-BRD-R","GDO-BRD-R","IyRVIWRZhhE","Bardera",2.83607209267012,42.1747929364466
"TqCHZqiHeU8","GDO-BRD-S","GDO-BRD-S","GDO-BRD-S","IyRVIWRZhhE","Bardera",2.35588121767773,42.1114105523049
"zwqovnk7XnC","GDO-BRD-T","GDO-BRD-T","GDO-BRD-T","IyRVIWRZhhE","Bardera",1.98776521104824,42.388427067847
"ZgDgBEQAfs6","GDO-BRD-U","GDO-BRD-U","GDO-BRD-U","IyRVIWRZhhE","Bardera",1.68743828122949,41.5004041180692
"NpNnRSOHhR6","GDO-BRD-V","GDO-BRD-V","GDO-BRD-V","IyRVIWRZhhE","Bardera",2.59509625695489,42.0661659658999
"E08ypVY1iWx","GDO-BRD-W","GDO-BRD-W","GDO-BRD-W","IyRVIWRZhhE","Bardera",2.27949394914087,41.8270230236756
"SU4ifDzcS44","GDO-BRD-X","GDO-BRD-X","GDO-BRD-X","IyRVIWRZhhE","Bardera",2.21530365086851,41.6566109975338
"E1xmDtmoRgq","GDO-BRD-Y","GDO-BRD-Y","GDO-BRD-Y","IyRVIWRZhhE","Bardera",1.33966407061167,41.0559220663644
"A0tROInltvK","GDO-BRD-Z","GDO-BRD-Z","GDO-BRD-Z","IyRVIWRZhhE","Bardera",2.30666656734744,41.7239939346
"IQHpPEJ6VlY","GDO-BRRD-A","GDO-BRRD-A","GDO-BRRD-A","IyRVIWRZhhE","Bardera",1.2781559062996,41.2768581497887
"QtJWu0WnVEd","GDO-BRRD-B","GDO-BRRD-B","GDO-BRRD-B","IyRVIWRZhhE","Bardera",2.08899387585546,41.2530631256678
"j46JiNH8vRA","GDO-BRRD-C","GDO-BRRD-C","GDO-BRRD-C","IyRVIWRZhhE","Bardera",2.9403839958426,42.5793857161588
"ZN5YzRVYhQi","GDO-BRRD-D","GDO-BRRD-D","GDO-BRRD-D","IyRVIWRZhhE","Bardera",1.40750082675216,41.039633491985
"txV4kz0sSRD","GDO-BRRD-E","GDO-BRRD-E","GDO-BRRD-E","IyRVIWRZhhE","Bardera",1.63377092942491,41.0563893766333
"CvGrBmTqRBf","GDO-BRRD-F","GDO-BRRD-F","GDO-BRRD-F","IyRVIWRZhhE","Bardera",2.03538551928364,42.3581900869895
"rDV2hxWdTNg","GDO-BRRD-G","GDO-BRRD-G","GDO-BRRD-G","IyRVIWRZhhE","Bardera",2.84812242468915,42.4701029783377
"ssFqmcezjC9","GDO-BRRD-H","GDO-BRRD-H","GDO-BRRD-H","IyRVIWRZhhE","Bardera",2.73908211545545,42.4796509304798
"ahopZgtXMLM","GDO-BRRD-I","GDO-BRRD-I","GDO-BRRD-I","IyRVIWRZhhE","Bardera",1.87662500350508,41.5201427928259
"vfN81poQVZW","GDO-BRRD-J","GDO-BRRD-J","GDO-BRRD-J","IyRVIWRZhhE","Bardera",2.44114533359801,42.1561204835629
"dszKeAKoN6X","GDO-BRRD-K","GDO-BRRD-K","GDO-BRRD-K","IyRVIWRZhhE","Bardera",2.19328358823581,41.3929538821959
"pWRBaqIw1K0","GDO-BRRD-L","GDO-BRRD-L","GDO-BRRD-L","IyRVIWRZhhE","Bardera",2.28121216370214,41.3717911005897
"NAquCced3sT","GDO-BRRD-M","GDO-BRRD-M","GDO-BRRD-M","IyRVIWRZhhE","Bardera",2.26304493991322,41.6794565652293
"BIC4LYZzd0t","GDO-BRRD-N","GDO-BRRD-N","GDO-BRRD-N","IyRVIWRZhhE","Bardera",2.69018484230064,42.2976118639709
"FshgtL7U6OF","GDO-BRRD-O","GDO-BRRD-O","GDO-BRRD-O","IyRVIWRZhhE","Bardera",2.11102592488405,41.8784392492574
"LmOjo9yYnjq","GDO-BRRD-P","GDO-BRRD-P","GDO-BRRD-P","IyRVIWRZhhE","Bardera",1.60596290745189,41.1802317997411
"UkS9saLRkzP","GDO-BRRD-Q","GDO-BRRD-Q","GDO-BRRD-Q","IyRVIWRZhhE","Bardera",1.51245495848965,41.3075599405754
"tbBqnRdZFWp","GDO-BRRD-R","GDO-BRRD-R","GDO-BRRD-R","IyRVIWRZhhE","Bardera",2.34468130630286,41.8644737463296
"hQLTSL5lPEM","GDO-BRRD-S","GDO-BRRD-S","GDO-BRRD-S","IyRVIWRZhhE","Bardera",2.4011993882701,42.0868722377582
"Aa1FfM9c43W","GDO-BRRD-T","GDO-BRRD-T","GDO-BRRD-T","IyRVIWRZhhE","Bardera",1.52330268412751,41.1793461514184
"iS3Ztt45Y8J","BRI-UFN-A","BRI-UFN-A","BRI-UFN-A","J2wJfm3dTMP","Ufeyn",10.6181473004396,49.9482174450118
"q0nqqQNgmut","BRI-UFN-B","BRI-UFN-B","BRI-UFN-B","J2wJfm3dTMP","Ufeyn",10.5013746602213,49.3327404080862
"mXXdgjys3da","BRI-UFN-C","BRI-UFN-C","BRI-UFN-C","J2wJfm3dTMP","Ufeyn",10.7354345684217,49.5516321348036
"rQCsJqZsyHD","BRI-UFN-D","BRI-UFN-D","BRI-UFN-D","J2wJfm3dTMP","Ufeyn",10.605652053767,49.4047898577305
"MfEZGK5rbvQ","BRI-UFN-E","BRI-UFN-E","BRI-UFN-E","J2wJfm3dTMP","Ufeyn",10.4387572859791,49.3903066965751
"u3Zr1maZfuw","SAH-SKH-A","SAH-SKH-A","SAH-SKH-A","LPT9NnNZQek","Sheikh",9.90284895665223,45.1457601479164
"UTo6USbNqhr","SAH-SKH-B","SAH-SKH-B","SAH-SKH-B","LPT9NnNZQek","Sheikh",9.97277392684343,44.9304795845299
"gPVpk67x0ve","SAH-SKH-C","SAH-SKH-C","SAH-SKH-C","LPT9NnNZQek","Sheikh",9.80649308477513,44.731313956844
"L9jVbxHmcku","SAH-SKH-D","SAH-SKH-D","SAH-SKH-D","LPT9NnNZQek","Sheikh",10.0079154309195,45.1482313588155
"BJqDFKQ0T6e","SAH-SKH-E","SAH-SKH-E","SAH-SKH-E","LPT9NnNZQek","Sheikh",9.93689359414868,45.4311526607211
"HhFqBupVRat","SAH-SKH-F","SAH-SKH-F","SAH-SKH-F","LPT9NnNZQek","Sheikh",9.70059619264992,45.2278749177471
"NZfIbydS7DC","SAH-SKH-G","SAH-SKH-G","SAH-SKH-G","LPT9NnNZQek","Sheikh",9.74384301368912,45.1744163029822
"oH3g7MNggJY","SAH-SKH-H","SAH-SKH-H","SAH-SKH-H","LPT9NnNZQek","Sheikh",9.86929341438696,45.3143695715589
"swT6EctE99W","SAH-SKH-I","SAH-SKH-I","SAH-SKH-I","LPT9NnNZQek","Sheikh",9.77164722963114,45.1889816835652
"nDyX8joPIX2","SAH-SKH-J","SAH-SKH-J","SAH-SKH-J","LPT9NnNZQek","Sheikh",9.82916529517958,44.9235097168158
"D3cH2gI3K8K","SAH-SKH-K","SAH-SKH-K","SAH-SKH-K","LPT9NnNZQek","Sheikh",9.67917351613302,44.9875130180749
"jKZouKZfGy2","SAH-SKH-L","SAH-SKH-L","SAH-SKH-L","LPT9NnNZQek","Sheikh",9.80225443060996,44.9424020415925
"uaKsH8cA655","SAH-SKH-M","SAH-SKH-M","SAH-SKH-M","LPT9NnNZQek","Sheikh",10.1006296532451,45.138983770416
"dVdgGPRgV1s","SAH-SKH-N","SAH-SKH-N","SAH-SKH-N","LPT9NnNZQek","Sheikh",9.84553580456649,45.5493469900154
"DBaLFwEk8gP","SAH-SKH-O","SAH-SKH-O","SAH-SKH-O","LPT9NnNZQek","Sheikh",9.87802799271673,45.5406989032075
"cvrKiBIGGxj","SAH-SKH-P","SAH-SKH-P","SAH-SKH-P","LPT9NnNZQek","Sheikh",9.71514474219356,45.263346277938
"MAUNeL40lmj","SAH-SKH-Q","SAH-SKH-Q","SAH-SKH-Q","LPT9NnNZQek","Sheikh",9.73409905742454,45.0209134545561
"PKfJ0lWb2uL","SAH-SKH-R","SAH-SKH-R","SAH-SKH-R","LPT9NnNZQek","Sheikh",9.81405991019192,44.8102420102671
"hHgPpy6SM5D","SAH-SKH-S","SAH-SKH-S","SAH-SKH-S","LPT9NnNZQek","Sheikh",9.82587080257692,45.0764250415565
"Aa6AQesYYuN","AWL-LUH-A","AWL-LUH-A","AWL-LUH-A","LjXgIyLiwNF","Lughaya",10.5837630817895,43.5704457588324
"fPyQjMIaCBH","AWL-LUH-B","AWL-LUH-B","AWL-LUH-B","LjXgIyLiwNF","Lughaya",10.7869813188208,43.451644223665
"Aq0xFFT2VRp","AWL-LUH-C","AWL-LUH-C","AWL-LUH-C","LjXgIyLiwNF","Lughaya",10.084442183833,43.8041816221418
"ddC3B6j7pyr","AWL-LUH-D","AWL-LUH-D","AWL-LUH-D","LjXgIyLiwNF","Lughaya",10.6599485011535,43.893834198663
"CnKP2YbSPzK","AWL-LUH-E","AWL-LUH-E","AWL-LUH-E","LjXgIyLiwNF","Lughaya",10.3822101788561,43.9283270764235
"yX9DiZ1OSuD","AWL-LUH-F","AWL-LUH-F","AWL-LUH-F","LjXgIyLiwNF","Lughaya",10.3289144100557,44.0579056801489
"RiXtHx8hTBF","AWL-LUH-G","AWL-LUH-G","AWL-LUH-G","LjXgIyLiwNF","Lughaya",10.5422493199581,43.7364316506452
"mSnGaL0UHkt","AWL-LUH-H","AWL-LUH-H","AWL-LUH-H","LjXgIyLiwNF","Lughaya",10.6018399165251,43.3740861236039
"baDjJj78rr1","AWL-LUH-I","AWL-LUH-I","AWL-LUH-I","LjXgIyLiwNF","Lughaya",10.7443576253486,43.467006655128
"TpApDSV3v3W","AWL-LUH-J","AWL-LUH-J","AWL-LUH-J","LjXgIyLiwNF","Lughaya",10.3404762513569,44.0136654880309
"aHdLrebRbyG","AWL-LUH-K","AWL-LUH-K","AWL-LUH-K","LjXgIyLiwNF","Lughaya",10.184253788051,43.9260212261181
"BfBzrBTxTVV","AWL-LUH-L","AWL-LUH-L","AWL-LUH-L","LjXgIyLiwNF","Lughaya",10.8698841077093,43.60906807711
"jIWuCl52EeE","AWL-LUH-M","AWL-LUH-M","AWL-LUH-M","LjXgIyLiwNF","Lughaya",10.2634921159855,43.6637267739707
"SftKUqTGogV","AWL-LUH-N","AWL-LUH-N","AWL-LUH-N","LjXgIyLiwNF","Lughaya",10.5521490447798,43.4604201678801
"w7pDNbkI7d0","AWL-LUH-O","AWL-LUH-O","AWL-LUH-O","LjXgIyLiwNF","Lughaya",10.4202297403376,44.0803542646437
"CcXZNWSLfPK","AWL-LUH-P","AWL-LUH-P","AWL-LUH-P","LjXgIyLiwNF","Lughaya",10.5516726830881,43.8308092180785
"eJVz1o8nyQC","AWL-LUH-Q","AWL-LUH-Q","AWL-LUH-Q","LjXgIyLiwNF","Lughaya",10.3116142993963,43.7517249929444
"sCqL5bDhAJh","BAN-HLW-A","BAN-HLW-A","BAN-HLW-A","MXA7x9ZWGwc","Heliwa",2.13657630628914,45.3941627006184
"AlHZ3ZgjHCF","BAN-HLW-B","BAN-HLW-B","BAN-HLW-B","MXA7x9ZWGwc","Heliwa",2.12299621610281,45.39288793475
"hS0iopuM0fP","BAN-HLW-C","BAN-HLW-C","BAN-HLW-C","MXA7x9ZWGwc","Heliwa",2.08176457757624,45.4259109014371
"JIjYSe3Saq0","BAN-HLW-D","BAN-HLW-D","BAN-HLW-D","MXA7x9ZWGwc","Heliwa",2.09146441064449,45.3718879333342
"WKam4fiPHjj","BAN-HLW-E","BAN-HLW-E","BAN-HLW-E","MXA7x9ZWGwc","Heliwa",2.07849349615749,45.4120657980672
"YOikxQO1MyI","BAN-HLW-F","BAN-HLW-F","BAN-HLW-F","MXA7x9ZWGwc","Heliwa",2.08118391872593,45.396600942259
"bkRqOmgH97E","BAN-HLW-G","BAN-HLW-G","BAN-HLW-G","MXA7x9ZWGwc","Heliwa",2.10559953587945,45.4438834458051
"gve8lRXzeeW","BAN-HLW-H","BAN-HLW-H","BAN-HLW-H","MXA7x9ZWGwc","Heliwa",2.11744078687954,45.4225104885008
"GMfqRZtJIZs","BAN-HLW-I","BAN-HLW-I","BAN-HLW-I","MXA7x9ZWGwc","Heliwa",2.09996990617065,45.3838437806807
"v6pieS3puyL","BAN-HLW-J","BAN-HLW-J","BAN-HLW-J","MXA7x9ZWGwc","Heliwa",2.09218542652559,45.3932626068549
"GH8WuBfj0L8","BAN-HLW-K","BAN-HLW-K","BAN-HLW-K","MXA7x9ZWGwc","Heliwa",2.10715374701406,45.4506283526663
"t71IhWobB5u","BAN-HLW-L","BAN-HLW-L","BAN-HLW-L","MXA7x9ZWGwc","Heliwa",2.09534445659678,45.4537692015053
"Sog23C4Mued","BAN-HLW-M","BAN-HLW-M","BAN-HLW-M","MXA7x9ZWGwc","Heliwa",2.10496471016337,45.4105987347152
"DY3FkyG2M3A","BAN-HLW-N","BAN-HLW-N","BAN-HLW-N","MXA7x9ZWGwc","Heliwa",2.10570760357554,45.469530775283
"cMkfN4yiADJ","BAN-HLW-O","BAN-HLW-O","BAN-HLW-O","MXA7x9ZWGwc","Heliwa",2.11571370349279,45.3838836144812
"D7cTKIFiYnw","BAN-HLW-P","BAN-HLW-P","BAN-HLW-P","MXA7x9ZWGwc","Heliwa",2.0882481104009,45.3917459076684
"ph7N2KxGGne","BAN-HLW-Q","BAN-HLW-Q","BAN-HLW-Q","MXA7x9ZWGwc","Heliwa",2.12945221724054,45.4592937997966
"Uzi88wCgep6","BAN-HLW-R","BAN-HLW-R","BAN-HLW-R","MXA7x9ZWGwc","Heliwa",2.10762362325069,45.3888815499299
"VguemjA5JJb","BAN-HLW-T","BAN-HLW-T","BAN-HLW-T","MXA7x9ZWGwc","Heliwa",2.12534293073065,45.4873522926501
"D57phjQ6OQs","BAN-HLW-U","BAN-HLW-U","BAN-HLW-U","MXA7x9ZWGwc","Heliwa",2.08545021136524,45.4397908874593
"ObtwCMXd7c0","BAN-HLW-V","BAN-HLW-V","BAN-HLW-V","MXA7x9ZWGwc","Heliwa",2.13336833830362,45.4085642864882
"HHsT8X5jbPf","AWL-BOR-A","AWL-BOR-A","AWL-BOR-A","Mo4jcaGpPXi","Borama",10.024412887391,43.1317952800145
"Tno8ecyXyv2","AWL-BOR-AA","AWL-BOR-AA","AWL-BOR-AA","Mo4jcaGpPXi","Borama",10.0043413809172,43.1906242299251
"Zl8me3uW25T","AWL-BOR-AB","AWL-BOR-AB","AWL-BOR-AB","Mo4jcaGpPXi","Borama",10.2510760175746,42.9566968188092
"ReT8UNp7NrN","AWL-BOR-AC","AWL-BOR-AC","AWL-BOR-AC","Mo4jcaGpPXi","Borama",10.1291782056579,42.9687624561621
"V9aHvVamFIr","AWL-BOR-AD","AWL-BOR-AD","AWL-BOR-AD","Mo4jcaGpPXi","Borama",10.0279990012765,43.2254056476696
"bRlz0G6OCga","AWL-BOR-AE","AWL-BOR-AE","AWL-BOR-AE","Mo4jcaGpPXi","Borama",10.1818396068631,43.1281204991972
"OPwoMy3IL8K","AWL-BOR-AF","AWL-BOR-AF","AWL-BOR-AF","Mo4jcaGpPXi","Borama",9.89647604856015,43.2675004580077
"AGpaB0QWYU2","AWL-BOR-AG","AWL-BOR-AG","AWL-BOR-AG","Mo4jcaGpPXi","Borama",10.3151609986454,43.0579674644277
"vK4TfMbnbmN","AWL-BOR-AH","AWL-BOR-AH","AWL-BOR-AH","Mo4jcaGpPXi","Borama",10.0770998110585,43.200817682432
"MWaxDOr77s7","AWL-BOR-AI","AWL-BOR-AI","AWL-BOR-AI","Mo4jcaGpPXi","Borama",10.2381027083432,43.1930231849698
"IdZ8aq0vNdx","AWL-BOR-AJ","AWL-BOR-AJ","AWL-BOR-AJ","Mo4jcaGpPXi","Borama",10.1191719029847,43.1955557382451
"utpJS1qhNf8","AWL-BOR-AK","AWL-BOR-AK","AWL-BOR-AK","Mo4jcaGpPXi","Borama",10.3137680198419,43.0332524309549
"EtsHHXv17EN","AWL-BOR-AL","AWL-BOR-AL","AWL-BOR-AL","Mo4jcaGpPXi","Borama",10.1151560197791,43.2080609733167
"usLC2EjLkep","AWL-BOR-AM","AWL-BOR-AM","AWL-BOR-AM","Mo4jcaGpPXi","Borama",9.80261056561982,43.2989731221445
"vQBGq1wIVL2","AWL-BOR-AN","AWL-BOR-AN","AWL-BOR-AN","Mo4jcaGpPXi","Borama",9.82691700625354,43.2830682887627
"ZyP4nEenU70","AWL-BOR-AO","AWL-BOR-AO","AWL-BOR-AO","Mo4jcaGpPXi","Borama",10.0062290758858,43.0888835291018
"t3Zg2FEZsJS","AWL-BOR-AP","AWL-BOR-AP","AWL-BOR-AP","Mo4jcaGpPXi","Borama",9.89573307943414,43.2805139304119
"rFVzaL7XiLP","AWL-BOR-AQ","AWL-BOR-AQ","AWL-BOR-AQ","Mo4jcaGpPXi","Borama",10.2264461363303,43.1748409400075
"g0QRRT8jdlL","AWL-BOR-AR","AWL-BOR-AR","AWL-BOR-AR","Mo4jcaGpPXi","Borama",9.8660692069303,43.2249529718209
"iyr8vODHsQt","AWL-BOR-AS","AWL-BOR-AS","AWL-BOR-AS","Mo4jcaGpPXi","Borama",10.2665016025796,43.1546372917757
"KAfk9hGPJl8","AWL-BOR-AT","AWL-BOR-AT","AWL-BOR-AT","Mo4jcaGpPXi","Borama",10.3221937683987,43.1773416113234
"hzHdr4d4XAT","AWL-BOR-AU","AWL-BOR-AU","AWL-BOR-AU","Mo4jcaGpPXi","Borama",10.28802568733,43.2478053324582
"NXYR9uJH9wC","AWL-BOR-AV","AWL-BOR-AV","AWL-BOR-AV","Mo4jcaGpPXi","Borama",10.1561447276777,43.2057255397199
"yUHXvvy7taV","AWL-BOR-AX","AWL-BOR-AX","AWL-BOR-AX","Mo4jcaGpPXi","Borama",10.2083909658987,42.9381068190127
"zBOf9ppYOcj","AWL-BOR-AY","AWL-BOR-AY","AWL-BOR-AY","Mo4jcaGpPXi","Borama",10.2548577280345,43.1560312666926
"oW5PTRDq1rV","AWL-BOR-AZ","AWL-BOR-AZ","AWL-BOR-AZ","Mo4jcaGpPXi","Borama",10.080742638996,43.1167258737537
"K0gsbvfv4nj","AWL-BOR-Aw","AWL-BOR-Aw","AWL-BOR-Aw","Mo4jcaGpPXi","Borama",10.1917488675884,43.1839353003636
"lShZiA4279B","AWL-BOR-B","AWL-BOR-B","AWL-BOR-B","Mo4jcaGpPXi","Borama",10.3504865090836,43.0949907477043
"Whv1z14EiuQ","AWL-BOR-BA","AWL-BOR-BA","AWL-BOR-BA","Mo4jcaGpPXi","Borama",10.3065851683527,43.1273217772013
"GrliVSVjbJi","AWL-BOR-BB","AWL-BOR-BB","AWL-BOR-BB","Mo4jcaGpPXi","Borama",9.73325028712158,43.2716307040731
"K8mQP2dWopx","AWL-BOR-BC","AWL-BOR-BC","AWL-BOR-BC","Mo4jcaGpPXi","Borama",10.2301613566355,42.9554447825977
"MkEjuZt2cJ1","AWL-BOR-BD","AWL-BOR-BD","AWL-BOR-BD","Mo4jcaGpPXi","Borama",9.98037466184209,43.1053624359331
"e90CacFAJeB","AWL-BOR-BE","AWL-BOR-BE","AWL-BOR-BE","Mo4jcaGpPXi","Borama",10.2060743199881,43.0430218425098
"fwrMdp0TDwR","AWL-BOR-BF","AWL-BOR-BF","AWL-BOR-BF","Mo4jcaGpPXi","Borama",9.77546059564833,43.2696660775615
"RXzxBByZsxr","AWL-BOR-BG","AWL-BOR-BG","AWL-BOR-BG","Mo4jcaGpPXi","Borama",9.92014473157348,43.148937465694
"pTdEjzofe3e","AWL-BOR-BH","AWL-BOR-BH","AWL-BOR-BH","Mo4jcaGpPXi","Borama",10.2390256654162,43.0630204874287
"fil0M6JfOAq","AWL-BOR-BI","AWL-BOR-BI","AWL-BOR-BI","Mo4jcaGpPXi","Borama",10.1923516804911,43.139518075044
"ExdRWTjVIaq","AWL-BOR-BJ","AWL-BOR-BJ","AWL-BOR-BJ","Mo4jcaGpPXi","Borama",10.2285620043794,42.9609915025864
"EHWFcUfrMVE","AWL-BOR-BK","AWL-BOR-BK","AWL-BOR-BK","Mo4jcaGpPXi","Borama",9.63182807170354,43.3227587666476
"ZlHDvHnTOBK","AWL-BOR-BL","AWL-BOR-BL","AWL-BOR-BL","Mo4jcaGpPXi","Borama",9.91194402092154,43.0905710751203
"ADKlZGziraG","AWL-BOR-BM","AWL-BOR-BM","AWL-BOR-BM","Mo4jcaGpPXi","Borama",9.80039110714653,43.2931979231028
"peIZ9jW0cmN","AWL-BOR-BN","AWL-BOR-BN","AWL-BOR-BN","Mo4jcaGpPXi","Borama",10.2951781398043,43.0179681845222
"ktuZXUjhwgr","AWL-BOR-BO","AWL-BOR-BO","AWL-BOR-BO","Mo4jcaGpPXi","Borama",10.2567647618053,42.9573886754889
"Px4GChcueaJ","AWL-BOR-BP","AWL-BOR-BP","AWL-BOR-BP","Mo4jcaGpPXi","Borama",10.2335141472327,43.0384014354237
"iS2Niw60yLn","AWL-BOR-BQ","AWL-BOR-BQ","AWL-BOR-BQ","Mo4jcaGpPXi","Borama",10.2066186939735,43.2134709443394
"FOrO5Ks86Rm","AWL-BOR-BR","AWL-BOR-BR","AWL-BOR-BR","Mo4jcaGpPXi","Borama",10.3126346937799,43.2390019052352
"sfM7H9kZxpq","AWL-BOR-BS","AWL-BOR-BS","AWL-BOR-BS","Mo4jcaGpPXi","Borama",10.2814941358321,43.0236675032266
"nsiaUEKOUbc","AWL-BOR-BT","AWL-BOR-BT","AWL-BOR-BT","Mo4jcaGpPXi","Borama",10.3152633738624,43.0481297317934
"rmEgqIktOj8","AWL-BOR-BU","AWL-BOR-BU","AWL-BOR-BU","Mo4jcaGpPXi","Borama",10.1897337361897,43.0139115853043
"uivtqSk1xUI","AWL-BOR-BV","AWL-BOR-BV","AWL-BOR-BV","Mo4jcaGpPXi","Borama",10.0104461036546,43.1317536023391
"MAFtCfhYQ4f","AWL-BOR-BW","AWL-BOR-BW","AWL-BOR-BW","Mo4jcaGpPXi","Borama",10.1970503045021,42.9463145206335
"H7y7kmxwQnX","AWL-BOR-BX","AWL-BOR-BX","AWL-BOR-BX","Mo4jcaGpPXi","Borama",9.92161750815655,43.1292432714825
"sMmaSnPPE7D","AWL-BOR-BY","AWL-BOR-BY","AWL-BOR-BY","Mo4jcaGpPXi","Borama",9.72851568577953,43.2971207677303
"taN43pw7tpd","AWL-BOR-BZ","AWL-BOR-BZ","AWL-BOR-BZ","Mo4jcaGpPXi","Borama",10.1829290392423,42.9271660941589
"VQfPeEA9BJ4","AWL-BOR-C","AWL-BOR-C","AWL-BOR-C","Mo4jcaGpPXi","Borama",10.194965447678,43.1639532488729
"T7lAYG7dAZV","AWL-BOR-CA","AWL-BOR-CA","AWL-BOR-CA","Mo4jcaGpPXi","Borama",10.1035278887708,43.1999994747438
"OdwwbF5WyZU","AWL-BOR-CB","AWL-BOR-CB","AWL-BOR-CB","Mo4jcaGpPXi","Borama",9.95312090741134,43.2289287251538
"fpukpC41MzD","AWL-BOR-CC","AWL-BOR-CC","AWL-BOR-CC","Mo4jcaGpPXi","Borama",10.309667408857,43.2099815038034
"q9vVVnNLo7V","AWL-BOR-CD","AWL-BOR-CD","AWL-BOR-CD","Mo4jcaGpPXi","Borama",10.1703137347217,43.0713793114378
"Yvf8R8HDaGK","AWL-BOR-CE","AWL-BOR-CE","AWL-BOR-CE","Mo4jcaGpPXi","Borama",10.162725574397,43.1630964257143
"fnbviX0JCiB","AWL-BOR-CF","AWL-BOR-CF","AWL-BOR-CF","Mo4jcaGpPXi","Borama",9.64826031881396,43.3177543824507
"jxVd36vPb5s","AWL-BOR-CG","AWL-BOR-CG","AWL-BOR-CG","Mo4jcaGpPXi","Borama",9.89982834581263,43.1626813017849
"Vqnf2TZDryV","AWL-BOR-CH","AWL-BOR-CH","AWL-BOR-CH","Mo4jcaGpPXi","Borama",9.94752688363569,43.269051958872
"ooyzUuv2uYQ","AWL-BOR-CI","AWL-BOR-CI","AWL-BOR-CI","Mo4jcaGpPXi","Borama",10.1318096939055,43.0100149409082
"tDkeY3ewPxT","AWL-BOR-CJ","AWL-BOR-CJ","AWL-BOR-CJ","Mo4jcaGpPXi","Borama",10.2167612748076,42.962223540888
"nrjShsAEYKC","AWL-BOR-CK","AWL-BOR-CK","AWL-BOR-CK","Mo4jcaGpPXi","Borama",10.1921599751999,42.9690408998608
"AdjShVjjX2U","AWL-BOR-CL","AWL-BOR-CL","AWL-BOR-CL","Mo4jcaGpPXi","Borama",9.85592812317526,43.2267598493308
"qZceAjWTR4u","AWL-BOR-CM","AWL-BOR-CM","AWL-BOR-CM","Mo4jcaGpPXi","Borama",10.2906546311496,43.2448359424379
"NU0TIOfxRpl","AWL-BOR-CN","AWL-BOR-CN","AWL-BOR-CN","Mo4jcaGpPXi","Borama",10.3246608838463,43.0091627176272
"K0sp3UPhGW8","AWL-BOR-CO","AWL-BOR-CO","AWL-BOR-CO","Mo4jcaGpPXi","Borama",10.1562519708426,43.1153724030379
"AZrDTSKUWLe","AWL-BOR-D","AWL-BOR-D","AWL-BOR-D","Mo4jcaGpPXi","Borama",9.91119733137507,43.1496267980636
"lsJcZdW7MJY","AWL-BOR-E","AWL-BOR-E","AWL-BOR-E","Mo4jcaGpPXi","Borama",9.92440767896653,43.2880293283746
"IQZ4saTD1bF","AWL-BOR-F","AWL-BOR-F","AWL-BOR-F","Mo4jcaGpPXi","Borama",9.81903564943399,43.2583505563085
"gEljnwuYEf8","AWL-BOR-G","AWL-BOR-G","AWL-BOR-G","Mo4jcaGpPXi","Borama",10.0110081932504,43.0771827131593
"KXNnduc0WwY","AWL-BOR-H","AWL-BOR-H","AWL-BOR-H","Mo4jcaGpPXi","Borama",10.259089084939,43.1674869043613
"dvoDYVY94xN","AWL-BOR-I","AWL-BOR-I","AWL-BOR-I","Mo4jcaGpPXi","Borama",9.93718803940949,43.1262706758427
"zoaAduHGsxa","AWL-BOR-J","AWL-BOR-J","AWL-BOR-J","Mo4jcaGpPXi","Borama",10.0181354584167,43.1692888048174
"Dhg0Mi0LO86","AWL-BOR-K","AWL-BOR-K","AWL-BOR-K","Mo4jcaGpPXi","Borama",10.2137509471168,42.9809803808262
"OQCAUuPNdDl","AWL-BOR-L","AWL-BOR-L","AWL-BOR-L","Mo4jcaGpPXi","Borama",10.3012042038138,43.0779136916312
"VZCVBnbPzpN","AWL-BOR-M","AWL-BOR-M","AWL-BOR-M","Mo4jcaGpPXi","Borama",10.0207132534543,43.1907869298564
"AlPTP3BE6VC","AWL-BOR-N","AWL-BOR-N","AWL-BOR-N","Mo4jcaGpPXi","Borama",9.78284776055384,43.3101246781268
"B6hzK8OjSw6","AWL-BOR-O","AWL-BOR-O","AWL-BOR-O","Mo4jcaGpPXi","Borama",9.90923139994037,43.2338605037038
"voOlc1nFYJm","AWL-BOR-P","AWL-BOR-P","AWL-BOR-P","Mo4jcaGpPXi","Borama",10.1503395740812,43.1597923954434
"Zfg1XXD7q8j","AWL-BOR-Q","AWL-BOR-Q","AWL-BOR-Q","Mo4jcaGpPXi","Borama",9.96595833792807,43.1270127077324
"aAR82SzcMZa","AWL-BOR-R","AWL-BOR-R","AWL-BOR-R","Mo4jcaGpPXi","Borama",9.90060500641163,43.2004692944514
"MpPtRNleoLv","AWL-BOR-S","AWL-BOR-S","AWL-BOR-S","Mo4jcaGpPXi","Borama",10.066264424795,43.1099073427579
"sxclManWG4d","AWL-BOR-T","AWL-BOR-T","AWL-BOR-T","Mo4jcaGpPXi","Borama",9.85921844875651,43.2890412946573
"rOhE37959UD","AWL-BOR-U","AWL-BOR-U","AWL-BOR-U","Mo4jcaGpPXi","Borama",10.0936041617137,43.1950663075034
"CFeXnccymBl","AWL-BOR-V","AWL-BOR-V","AWL-BOR-V","Mo4jcaGpPXi","Borama",9.97433152899485,43.1189235286997
"Z0WuVkU5h3q","AWL-BOR-W","AWL-BOR-W","AWL-BOR-W","Mo4jcaGpPXi","Borama",9.91068411104019,43.1157617967368
"H2ifT4BMTgt","AWL-BOR-X","AWL-BOR-X","AWL-BOR-X","Mo4jcaGpPXi","Borama",10.1500130966944,42.9949773635088
"l8O0WChu4Zw","AWL-BOR-Y","AWL-BOR-Y","AWL-BOR-Y","Mo4jcaGpPXi","Borama",10.2829515438039,43.1467889372995
"FcAjGkJmRzb","AWL-BOR-Z","AWL-BOR-Z","AWL-BOR-Z","Mo4jcaGpPXi","Borama",10.2141783257446,43.261268573998
"fISy7Q4ohgf","WGB-BGB-A","WGB-BGB-A","WGB-BGB-A","NLMIEVpk3fG","Baligubadle",9.09170315309963,44.485161247959
"DxFdQ8TlvjK","WGB-BGB-B","WGB-BGB-B","WGB-BGB-B","NLMIEVpk3fG","Baligubadle",9.23414092757241,44.407222860686
"tFZnOaIra0M","WGB-BGB-C","WGB-BGB-C","WGB-BGB-C","NLMIEVpk3fG","Baligubadle",9.22202219425776,43.8813356377264
"i7lfPxEEVfx","WGB-BGB-D","WGB-BGB-D","WGB-BGB-D","NLMIEVpk3fG","Baligubadle",9.0417939732427,44.4217305383715
"oKqz3szzGek","WGB-BGB-E","WGB-BGB-E","WGB-BGB-E","NLMIEVpk3fG","Baligubadle",9.22466861585791,44.4230146645383
"CCaUWnLHPXy","WGB-BGB-F","WGB-BGB-F","WGB-BGB-F","NLMIEVpk3fG","Baligubadle",8.93212871973269,44.3563715892205
"MAeT2QPI6Kn","WGB-BGB-G","WGB-BGB-G","WGB-BGB-G","NLMIEVpk3fG","Baligubadle",9.13871129042867,43.9624844186049
"PWXSXUWBpaP","WGB-BGB-H","WGB-BGB-H","WGB-BGB-H","NLMIEVpk3fG","Baligubadle",9.01305733584556,44.0846748143166
"jQjP82RCzQ1","WGB-BGB-I","WGB-BGB-I","WGB-BGB-I","NLMIEVpk3fG","Baligubadle",9.31654166627105,44.0148628970039
"HsmOjEGtoVT","WGB-BGB-J","WGB-BGB-J","WGB-BGB-J","NLMIEVpk3fG","Baligubadle",9.11841565207295,44.0574164492451
"WqV1VEULyqA","WGB-BGB-K","WGB-BGB-K","WGB-BGB-K","NLMIEVpk3fG","Baligubadle",9.04922374683004,43.9457198006882
"WbTpVXd6oq0","WGB-BGB-L","WGB-BGB-L","WGB-BGB-L","NLMIEVpk3fG","Baligubadle",9.19323326928537,44.3971353837782
"yAPFDfOixBE","WGB-BGB-M","WGB-BGB-M","WGB-BGB-M","NLMIEVpk3fG","Baligubadle",9.12742128492724,44.3536931672978
"uPesifctNtN","WGB-BGB-N","WGB-BGB-N","WGB-BGB-N","NLMIEVpk3fG","Baligubadle",9.15381580150092,44.258396191776
"JDvbwWWFkx3","WGB-BGB-O","WGB-BGB-O","WGB-BGB-O","NLMIEVpk3fG","Baligubadle",9.12304698209286,44.4953432589959
"NeACnWQefjQ","WGB-BGB-P","WGB-BGB-P","WGB-BGB-P","NLMIEVpk3fG","Baligubadle",9.13099844147049,44.4045159195661
"avzBIReCVLI","WGB-BGB-Q","WGB-BGB-Q","WGB-BGB-Q","NLMIEVpk3fG","Baligubadle",9.30113314057964,44.1606010785316
"tFOKW9MMBjO","WGB-BGB-R","WGB-BGB-R","WGB-BGB-R","NLMIEVpk3fG","Baligubadle",9.05136600380214,44.4205519620319
"PQU54wFVGQk","WGB-BGB-S","WGB-BGB-S","WGB-BGB-S","NLMIEVpk3fG","Baligubadle",8.94204374535913,44.1630005268687
"xemJJdJGsOr","WGB-BGB-T","WGB-BGB-T","WGB-BGB-T","NLMIEVpk3fG","Baligubadle",9.15306403249855,44.5024389699814
"n9qWi5eowgy","WGB-BGB-U","WGB-BGB-U","WGB-BGB-U","NLMIEVpk3fG","Baligubadle",9.40168789957256,44.0107473647166
"G48ZFIptLXw","WGB-BGB-V","WGB-BGB-V","WGB-BGB-V","NLMIEVpk3fG","Baligubadle",9.42755527578754,44.1044197806897
"XejJn9ozXNy","SNG-ERI-A","SNG-ERI-A","SNG-ERI-A","NwJomtK2Qnp","Erigavo",10.7729000839523,47.7623154542338
"ZTrfzSVLI6W","SNG-ERI-AA","SNG-ERI-AA","SNG-ERI-AA","NwJomtK2Qnp","Erigavo",10.5460415166828,47.1812549233488
"JMxyUHb0JNW","SNG-ERI-AA1","SNG-ERI-AA1","SNG-ERI-AA1","NwJomtK2Qnp","Erigavo",10.2365152691168,47.3936661746405
"p5uOJKi5Jwg","SNG-ERI-AA2","SNG-ERI-AA2","SNG-ERI-AA2","NwJomtK2Qnp","Erigavo",10.764322187576,46.8750096726793
"y6OJBfKdEGj","SNG-ERI-AB","SNG-ERI-AB","SNG-ERI-AB","NwJomtK2Qnp","Erigavo",11.0908239436515,47.4287943321454
"qC3MrLbkkRs","SNG-ERI-AB1","SNG-ERI-AB1","SNG-ERI-AB1","NwJomtK2Qnp","Erigavo",10.544038171675,47.1222603736678
"pqsDICLjJcc","SNG-ERI-AB2","SNG-ERI-AB2","SNG-ERI-AB2","NwJomtK2Qnp","Erigavo",10.7969061258011,47.1544454084416
"dKinKvNs6W2","SNG-ERI-AC","SNG-ERI-AC","SNG-ERI-AC","NwJomtK2Qnp","Erigavo",11.1817330317573,47.4895459251954
"g7dcgGAZj73","SNG-ERI-AC1","SNG-ERI-AC1","SNG-ERI-AC1","NwJomtK2Qnp","Erigavo",10.9939730876673,47.5015137089467
"zfJw2Hfv1Zv","SNG-ERI-AC2","SNG-ERI-AC2","SNG-ERI-AC2","NwJomtK2Qnp","Erigavo",10.6320000294441,46.6268602331695
"NqWMqsgDZVx","SNG-ERI-AD","SNG-ERI-AD","SNG-ERI-AD","NwJomtK2Qnp","Erigavo",10.6970274883736,46.8700124467704
"Em7D8SkuMQw","SNG-ERI-AD1","SNG-ERI-AD1","SNG-ERI-AD1","NwJomtK2Qnp","Erigavo",10.6104970219515,46.5274808589894
"m5CzFtXWL4p","SNG-ERI-AD2","SNG-ERI-AD2","SNG-ERI-AD2","NwJomtK2Qnp","Erigavo",10.0565727507286,47.4832852587694
"BZFm5L7nxah","SNG-ERI-AE","SNG-ERI-AE","SNG-ERI-AE","NwJomtK2Qnp","Erigavo",10.1762730153768,47.8244559118306
"KGfNpsZlSoe","SNG-ERI-AE1","SNG-ERI-AE1","SNG-ERI-AE1","NwJomtK2Qnp","Erigavo",10.7353148492337,47.0531012447791
"CUVKEk1Cmco","SNG-ERI-AF","SNG-ERI-AF","SNG-ERI-AF","NwJomtK2Qnp","Erigavo",10.1026356991396,47.5175931867691
"dWcX4AZQxUm","SNG-ERI-AF1","SNG-ERI-AF1","SNG-ERI-AF1","NwJomtK2Qnp","Erigavo",11.1456412464133,47.5857307037595
"ZM9KXUsFSND","SNG-ERI-AG","SNG-ERI-AG","SNG-ERI-AG","NwJomtK2Qnp","Erigavo",10.4670843743989,47.3064360772857
"OLY51qcPFtW","SNG-ERI-AG1","SNG-ERI-AG1","SNG-ERI-AG1","NwJomtK2Qnp","Erigavo",11.0498701125681,47.1947558812717
"uqImrqKYTZ0","SNG-ERI-AG2","SNG-ERI-AG2","SNG-ERI-AG2","NwJomtK2Qnp","Erigavo",10.4299299257687,47.7066056147104
"IelFmO4l5NM","SNG-ERI-AH","SNG-ERI-AH","SNG-ERI-AH","NwJomtK2Qnp","Erigavo",10.7073779833792,47.1137780417513
"TytAetYbbxm","SNG-ERI-AI","SNG-ERI-AI","SNG-ERI-AI","NwJomtK2Qnp","Erigavo",10.8080324232554,46.9951113694197
"PKfPSWCtqwy","SNG-ERI-AJ","SNG-ERI-AJ","SNG-ERI-AJ","NwJomtK2Qnp","Erigavo",10.2700306829436,47.7748765063829
"yopCGi3R2Vc","SNG-ERI-AK","SNG-ERI-AK","SNG-ERI-AK","NwJomtK2Qnp","Erigavo",10.4389221665164,47.3411457981508
"K2jWHM4d1Qz","SNG-ERI-AL","SNG-ERI-AL","SNG-ERI-AL","NwJomtK2Qnp","Erigavo",10.5312429692247,47.4136056948534
"yAcxOJKCawU","SNG-ERI-AM","SNG-ERI-AM","SNG-ERI-AM","NwJomtK2Qnp","Erigavo",10.2208243849889,47.4369314516326
"cAgzattMuhL","SNG-ERI-AN","SNG-ERI-AN","SNG-ERI-AN","NwJomtK2Qnp","Erigavo",10.4115582622367,47.3031439091304
"L5wyC7HPktV","SNG-ERI-AO","SNG-ERI-AO","SNG-ERI-AO","NwJomtK2Qnp","Erigavo",9.91361629597101,47.7346642441645
"AU10AD9HNi3","SNG-ERI-AP","SNG-ERI-AP","SNG-ERI-AP","NwJomtK2Qnp","Erigavo",10.6405395485927,47.3748987135685
"LyWMZi4f5Hj","SNG-ERI-AQ","SNG-ERI-AQ","SNG-ERI-AQ","NwJomtK2Qnp","Erigavo",10.3806381178299,47.3524296975937
"ElqFZxbennJ","SNG-ERI-AR","SNG-ERI-AR","SNG-ERI-AR","NwJomtK2Qnp","Erigavo",10.6502325840078,47.7537311369485
"R8Lf3U349sz","SNG-ERI-AS","SNG-ERI-AS","SNG-ERI-AS","NwJomtK2Qnp","Erigavo",10.4184438381527,47.4229012523
"TXtJqRoOpwZ","SNG-ERI-AT","SNG-ERI-AT","SNG-ERI-AT","NwJomtK2Qnp","Erigavo",10.8671678480955,46.9974022226771
"cVjgHXfqMh9","SNG-ERI-AU","SNG-ERI-AU","SNG-ERI-AU","NwJomtK2Qnp","Erigavo",10.4396691221422,47.2741260213845
"Li69BvsNMBn","SNG-ERI-AV","SNG-ERI-AV","SNG-ERI-AV","NwJomtK2Qnp","Erigavo",10.6693335344315,46.7079634212196
"H5nzyc0HgNE","SNG-ERI-AW","SNG-ERI-AW","SNG-ERI-AW","NwJomtK2Qnp","Erigavo",10.4333265694387,47.5715868048831
"LG4PYJxWKth","SNG-ERI-AX","SNG-ERI-AX","SNG-ERI-AX","NwJomtK2Qnp","Erigavo",10.5010379027494,46.8314742528159
"JhnxDS9X9Gp","SNG-ERI-AY","SNG-ERI-AY","SNG-ERI-AY","NwJomtK2Qnp","Erigavo",10.7702173877452,46.7530180470065
"JJbKuOLD1s4","SNG-ERI-AZ","SNG-ERI-AZ","SNG-ERI-AZ","NwJomtK2Qnp","Erigavo",10.1443059245859,47.8458792500043
"npplurFogsa","SNG-ERI-B","SNG-ERI-B","SNG-ERI-B","NwJomtK2Qnp","Erigavo",10.7222939479842,46.9142373184048
"u051gB2qrfl","SNG-ERI-BA","SNG-ERI-BA","SNG-ERI-BA","NwJomtK2Qnp","Erigavo",10.7386316623947,47.4741657200575
"BHJUUFJ9Q0A","SNG-ERI-BB","SNG-ERI-BB","SNG-ERI-BB","NwJomtK2Qnp","Erigavo",10.4890519269095,47.6286457069259
"p5rahW5er1k","SNG-ERI-BC","SNG-ERI-BC","SNG-ERI-BC","NwJomtK2Qnp","Erigavo",10.3708542776326,47.1335363383949
"uBbS8lIKyNm","SNG-ERI-BD","SNG-ERI-BD","SNG-ERI-BD","NwJomtK2Qnp","Erigavo",11.0698062670385,47.7477626445573
"vRBCADbr9pu","SNG-ERI-BE","SNG-ERI-BE","SNG-ERI-BE","NwJomtK2Qnp","Erigavo",10.6422301165107,47.3773225450016
"TfIdzxqhq57","SNG-ERI-C","SNG-ERI-C","SNG-ERI-C","NwJomtK2Qnp","Erigavo",10.1174860383916,47.817083482683
"aiqipncwN2L","SNG-ERI-D","SNG-ERI-D","SNG-ERI-D","NwJomtK2Qnp","Erigavo",10.8025783503671,47.434052596897
"LBCy8jmGw7f","SNG-ERI-E","SNG-ERI-E","SNG-ERI-E","NwJomtK2Qnp","Erigavo",10.8295996262591,47.6984069040338
"tpaMlyM4mVv","SNG-ERI-F","SNG-ERI-F","SNG-ERI-F","NwJomtK2Qnp","Erigavo",10.7502653678395,47.5328182053787
"sMLFL36RJay","SNG-ERI-G","SNG-ERI-G","SNG-ERI-G","NwJomtK2Qnp","Erigavo",10.7656893806889,47.766092043304
"be4LMhXKJjl","SNG-ERI-H","SNG-ERI-H","SNG-ERI-H","NwJomtK2Qnp","Erigavo",10.1644341510058,47.7676421435184
"e6xuaQl4vaI","SNG-ERI-I","SNG-ERI-I","SNG-ERI-I","NwJomtK2Qnp","Erigavo",11.1137613353934,47.2552688158273
"SSRC4dcTEjJ","SNG-ERI-J","SNG-ERI-J","SNG-ERI-J","NwJomtK2Qnp","Erigavo",10.4125484132992,46.9617804635586
"S4Nj0xE97hW","SNG-ERI-K","SNG-ERI-K","SNG-ERI-K","NwJomtK2Qnp","Erigavo",9.85978760787908,47.7641632470411
"K3czR8i5L9W","SNG-ERI-L","SNG-ERI-L","SNG-ERI-L","NwJomtK2Qnp","Erigavo",10.5183549288119,47.4742460543387
"WQRfm8qByNs","SNG-ERI-M","SNG-ERI-M","SNG-ERI-M","NwJomtK2Qnp","Erigavo",10.5725173445383,47.7016600821252
"E0SLbOV3iOC","SNG-ERI-N","SNG-ERI-N","SNG-ERI-N","NwJomtK2Qnp","Erigavo",10.88255487199,46.9139915300398
"QhGZdXgMw3L","SNG-ERI-O","SNG-ERI-O","SNG-ERI-O","NwJomtK2Qnp","Erigavo",10.6067593154516,47.7341968356393
"xHjgU6cE93N","SNG-ERI-P","SNG-ERI-P","SNG-ERI-P","NwJomtK2Qnp","Erigavo",10.7986990995661,47.0851717920946
"RC9aVrAC13I","SNG-ERI-Q","SNG-ERI-Q","SNG-ERI-Q","NwJomtK2Qnp","Erigavo",10.0542111309668,47.8244644340187
"A1Iw2sIUvLR","SNG-ERI-R","SNG-ERI-R","SNG-ERI-R","NwJomtK2Qnp","Erigavo",10.2219033630618,47.3973086439324
"Mrxlmx00ID8","SNG-ERI-R41","SNG-ERI-R41","SNG-ERI-R41","NwJomtK2Qnp","Erigavo",10.5888870311297,46.9134897421284
"kOfB7LZD0YP","SNG-ERI-R42","SNG-ERI-R42","SNG-ERI-R42","NwJomtK2Qnp","Erigavo",11.0327797017463,47.7537945623891
"oQCaCWuBUcf","SNG-ERI-R43","SNG-ERI-R43","SNG-ERI-R43","NwJomtK2Qnp","Erigavo",9.83124371289334,47.7544456766649
"Tq3tV8G6m6b","SNG-ERI-R44","SNG-ERI-R44","SNG-ERI-R44","NwJomtK2Qnp","Erigavo",10.0850302890093,47.824512613425
"rVmYRw51sVv","SNG-ERI-R45","SNG-ERI-R45","SNG-ERI-R45","NwJomtK2Qnp","Erigavo",10.5511762584583,47.3648343687618
"zdkFWLQVf6O","SNG-ERI-R46","SNG-ERI-R46","SNG-ERI-R46","NwJomtK2Qnp","Erigavo",10.2983591084798,47.7313137525064
"UxrfKcnmyeP","SNG-ERI-R47","SNG-ERI-R47","SNG-ERI-R47","NwJomtK2Qnp","Erigavo",10.1897682482793,47.22300592484
"pG5FdOsN7cO","SNG-ERI-R48","SNG-ERI-R48","SNG-ERI-R48","NwJomtK2Qnp","Erigavo",10.4156516995679,47.852508758047
"MHq8Ht6ifKv","SNG-ERI-R49","SNG-ERI-R49","SNG-ERI-R49","NwJomtK2Qnp","Erigavo",10.551423193987,47.3778175545766
"SF9CVeaCODz","SNG-ERI-R50","SNG-ERI-R50","SNG-ERI-R50","NwJomtK2Qnp","Erigavo",10.2639545027728,47.4508078392822
"oydQXd1lABm","SNG-ERI-R51","SNG-ERI-R51","SNG-ERI-R51","NwJomtK2Qnp","Erigavo",10.2731505115117,47.7469055372848
"yXceIdENisQ","SNG-ERI-R52","SNG-ERI-R52","SNG-ERI-R52","NwJomtK2Qnp","Erigavo",10.0501268035127,47.8341851911317
"q67hs08WMcq","SNG-ERI-R53","SNG-ERI-R53","SNG-ERI-R53","NwJomtK2Qnp","Erigavo",11.0879046739681,47.4469557713251
"giAua50psqM","SNG-ERI-R54","SNG-ERI-R54","SNG-ERI-R54","NwJomtK2Qnp","Erigavo",9.9035236261303,47.8377130305413
"CDcUryzIuTQ","SNG-ERI-R55","SNG-ERI-R55","SNG-ERI-R55","NwJomtK2Qnp","Erigavo",10.1835381585901,47.3814041027942
"qOUxvjEpgxS","SNG-ERI-R56","SNG-ERI-R56","SNG-ERI-R56","NwJomtK2Qnp","Erigavo",10.8186025935349,46.8204723095241
"spxlOE65lRY","SNG-ERI-R74","SNG-ERI-R74","SNG-ERI-R74","NwJomtK2Qnp","Erigavo",10.3483808039601,47.0905018627698
"MO8n1ui2sKu","SNG-ERI-R75","SNG-ERI-R75","SNG-ERI-R75","NwJomtK2Qnp","Erigavo",10.7675272757344,47.0196641789039
"tf4iMdzLJ3N","SNG-ERI-R76","SNG-ERI-R76","SNG-ERI-R76","NwJomtK2Qnp","Erigavo",10.50851633109,47.5821788724428
"Y0JliwxGQHc","SNG-ERI-R77","SNG-ERI-R77","SNG-ERI-R77","NwJomtK2Qnp","Erigavo",10.9298846101117,47.5976380895122
"tK38pRopfVu","SNG-ERI-R78","SNG-ERI-R78","SNG-ERI-R78","NwJomtK2Qnp","Erigavo",10.5017450391964,46.7168461096483
"wX1hWouVgsV","SNG-ERI-R79","SNG-ERI-R79","SNG-ERI-R79","NwJomtK2Qnp","Erigavo",10.0428445022813,47.6697260300526
"VqqMWI5pBSz","SNG-ERI-R80","SNG-ERI-R80","SNG-ERI-R80","NwJomtK2Qnp","Erigavo",10.2389087283352,47.5618444655343
"lwhaJCZuExK","SNG-ERI-S","SNG-ERI-S","SNG-ERI-S","NwJomtK2Qnp","Erigavo",10.5249950591531,47.2523357494283
"AfI18pRPfwW","SNG-ERI-T","SNG-ERI-T","SNG-ERI-T","NwJomtK2Qnp","Erigavo",10.3110138824043,47.0752290351517
"fBCKnvCa1K8","SNG-ERI-TT","SNG-ERI-TT","SNG-ERI-TT","NwJomtK2Qnp","Erigavo",10.833955364528,47.4134547296864
"zMGbzeEmHxj","SNG-ERI-U","SNG-ERI-U","SNG-ERI-U","NwJomtK2Qnp","Erigavo",10.5453011785267,47.2594384739129
"GjB3dz2wK4D","SNG-ERI-UU","SNG-ERI-UU","SNG-ERI-UU","NwJomtK2Qnp","Erigavo",10.8235435874444,47.1422827368895
"vOaZCarO0lK","SNG-ERI-V","SNG-ERI-V","SNG-ERI-V","NwJomtK2Qnp","Erigavo",10.3983878081452,46.9720188238606
"pGAZbMt2tgt","SNG-ERI-W","SNG-ERI-W","SNG-ERI-W","NwJomtK2Qnp","Erigavo",10.482015236623,47.3973976842962
"zsiV5v9bKZ3","SNG-ERI-X","SNG-ERI-X","SNG-ERI-X","NwJomtK2Qnp","Erigavo",10.6920683670486,47.33069535474
"xSZeZLqGSNY","SNG-ERI-Y","SNG-ERI-Y","SNG-ERI-Y","NwJomtK2Qnp","Erigavo",10.7368721652084,47.5509358371938
"QyRZjiZwGJc","SNG-ERI-Z","SNG-ERI-Z","SNG-ERI-Z","NwJomtK2Qnp","Erigavo",10.5769856517349,47.0373882240266
"dckmRQyFkdS","SMD-SGA-A","SMD-SGA-A","SMD-SGA-A","OAaYmXEATpO","Galkayu South",6.55617279160545,47.4682642073185
"ylWYycH2MWd","SMD-SGA-AA","SMD-SGA-AA","SMD-SGA-AA","OAaYmXEATpO","Galkayu South",6.68885717022536,46.815639894382
"NHxV95LI9r0","SMD-SGA-AB","SMD-SGA-AB","SMD-SGA-AB","OAaYmXEATpO","Galkayu South",6.60504738725518,47.2389494752628
"ZJo32tnkfFy","SMD-SGA-AC","SMD-SGA-AC","SMD-SGA-AC","OAaYmXEATpO","Galkayu South",6.71205800895798,46.758580148401
"fRAdB6faSlo","SMD-SGA-B","SMD-SGA-B","SMD-SGA-B","OAaYmXEATpO","Galkayu South",6.59891851615683,47.0089168902485
"hEOpn6NlTaU","SMD-SGA-C","SMD-SGA-C","SMD-SGA-C","OAaYmXEATpO","Galkayu South",6.95019481116175,47.8935670457538
"WhGVsyOO3Qv","SMD-SGA-D","SMD-SGA-D","SMD-SGA-D","OAaYmXEATpO","Galkayu South",6.72296266282497,47.7242471440493
"UjIN0XHBy3r","SMD-SGA-E","SMD-SGA-E","SMD-SGA-E","OAaYmXEATpO","Galkayu South",6.75835888281913,47.4246598803434
"G0i73ExQm64","SMD-SGA-F","SMD-SGA-F","SMD-SGA-F","OAaYmXEATpO","Galkayu South",6.67513014069922,47.2973098092418
"hkdCNjKEuxO","SMD-SGA-G","SMD-SGA-G","SMD-SGA-G","OAaYmXEATpO","Galkayu South",6.78218034734244,47.8739238386287
"FsqUlBEku4J","SMD-SGA-H","SMD-SGA-H","SMD-SGA-H","OAaYmXEATpO","Galkayu South",6.82626256818868,47.6970885408925
"b7E7iA5JIAt","SMD-SGA-I","SMD-SGA-I","SMD-SGA-I","OAaYmXEATpO","Galkayu South",6.53931648922491,47.6737796008316
"ZALOA01co45","SMD-SGA-J","SMD-SGA-J","SMD-SGA-J","OAaYmXEATpO","Galkayu South",6.33183596273827,47.1152140298355
"eU8koQgA2PQ","SMD-SGA-K","SMD-SGA-K","SMD-SGA-K","OAaYmXEATpO","Galkayu South",6.80342061759142,47.8117012491175
"H3UFxd7w3zM","SMD-SGA-L","SMD-SGA-L","SMD-SGA-L","OAaYmXEATpO","Galkayu South",6.66615476623682,47.2367317009384
"IirIUf3BWw3","SMD-SGA-M","SMD-SGA-M","SMD-SGA-M","OAaYmXEATpO","Galkayu South",6.52211393302401,47.4929432433799
"ojpv1vipXp7","SMD-SGA-N","SMD-SGA-N","SMD-SGA-N","OAaYmXEATpO","Galkayu South",6.36337779618056,47.5916000311369
"LjLbDzoOaZo","SMD-SGA-O","SMD-SGA-O","SMD-SGA-O","OAaYmXEATpO","Galkayu South",6.82778963869169,47.1453398819024
"eY2fH2KGAOz","SMD-SGA-P","SMD-SGA-P","SMD-SGA-P","OAaYmXEATpO","Galkayu South",6.76094172266856,47.7438559328151
"ii8JviG1DDh","SMD-SGA-Q","SMD-SGA-Q","SMD-SGA-Q","OAaYmXEATpO","Galkayu South",6.51092373092377,47.2704687534832
"t37sgLsv4UM","SMD-SGA-R","SMD-SGA-R","SMD-SGA-R","OAaYmXEATpO","Galkayu South",6.2484374598568,47.0739356076375
"KQp7I7vOQfI","SMD-SGA-S","SMD-SGA-S","SMD-SGA-S","OAaYmXEATpO","Galkayu South",6.56234776948735,46.9215896067619
"J7Wi94Zsv7x","SMD-SGA-T","SMD-SGA-T","SMD-SGA-T","OAaYmXEATpO","Galkayu South",6.65999937944428,46.9743175318987
"SywhToUgoVb","SMD-SGA-U","SMD-SGA-U","SMD-SGA-U","OAaYmXEATpO","Galkayu South",6.60711465504002,47.8050910705696
"MBaZA8VA3TT","SMD-SGA-V","SMD-SGA-V","SMD-SGA-V","OAaYmXEATpO","Galkayu South",6.80757476686651,47.8001873030932
"a3YdKmwT7TY","SMD-SGA-W","SMD-SGA-W","SMD-SGA-W","OAaYmXEATpO","Galkayu South",6.68062007524271,47.1024553211104
"kd0vdKP15in","SMD-SGA-X","SMD-SGA-X","SMD-SGA-X","OAaYmXEATpO","Galkayu South",6.36648993085796,46.9872673332915
"pUdfI7UcDk4","SMD-SGA-Y","SMD-SGA-Y","SMD-SGA-Y","OAaYmXEATpO","Galkayu South",6.78329292609526,47.8573707219156
"o1onMg0mgPh","SMD-SGA-Z","SMD-SGA-Z","SMD-SGA-Z","OAaYmXEATpO","Galkayu South",6.43223918238579,47.2671573984028
"ggabf1PnSw6","NUG-DNG-A","NUG-DNG-A","NUG-DNG-A","OE9mEIkz7yB","Dangoroyo",8.90732977151793,49.9736001792471
"NN1h9jMmomY","NUG-DNG-B","NUG-DNG-B","NUG-DNG-B","OE9mEIkz7yB","Dangoroyo",8.83850823600952,49.9189424756565
"KkjqUL1VxaF","NUG-DNG-C","NUG-DNG-C","NUG-DNG-C","OE9mEIkz7yB","Dangoroyo",8.56436803387948,49.3760424722473
"Y7wWAYXBPQO","NUG-DNG-D","NUG-DNG-D","NUG-DNG-D","OE9mEIkz7yB","Dangoroyo",8.76289893436466,49.6825603130057
"XDCS6DpkM1j","NUG-DNG-E","NUG-DNG-E","NUG-DNG-E","OE9mEIkz7yB","Dangoroyo",8.81045513222196,48.9626110024908
"DQ1aFtpnt0p","NUG-DNG-F","NUG-DNG-F","NUG-DNG-F","OE9mEIkz7yB","Dangoroyo",8.96875652424115,49.5782448511782
"mAJ8uNpbVVl","NUG-DNG-G","NUG-DNG-G","NUG-DNG-G","OE9mEIkz7yB","Dangoroyo",8.92807675905455,49.1721206082523
"Nk8ujfN7sw9","NUG-DNG-H","NUG-DNG-H","NUG-DNG-H","OE9mEIkz7yB","Dangoroyo",8.73245011652205,50.3827274242728
"Fm0XQDuDBmw","NUG-DNG-I","NUG-DNG-I","NUG-DNG-I","OE9mEIkz7yB","Dangoroyo",8.89330237396971,49.310486607794
"Q9YfbmA3u6U","BAN-MDN-A","BAN-MDN-A","BAN-MDN-A","OL5FkUIirHa","Madina",1.98278378552016,45.2422319753178
"iFAvi5WrMi4","BAN-MDN-B","BAN-MDN-B","BAN-MDN-B","OL5FkUIirHa","Madina",1.99470486864398,45.2591963338842
"AhfVXx2bhcy","BAN-MDN-C","BAN-MDN-C","BAN-MDN-C","OL5FkUIirHa","Madina",2.02672697469729,45.2889320703691
"eNwWxiKjGre","BAN-MDN-D","BAN-MDN-D","BAN-MDN-D","OL5FkUIirHa","Madina",1.96140559684403,45.1933243600743
"Bx05i8wakdp","BAN-MDN-E","BAN-MDN-E","BAN-MDN-E","OL5FkUIirHa","Madina",2.01737859719072,45.2977369058904
"aZza587WAO8","BAN-MDN-F","BAN-MDN-F","BAN-MDN-F","OL5FkUIirHa","Madina",2.01811116438106,45.2897456375206
"Kx5EySaEL33","BAN-MDN-G","BAN-MDN-G","BAN-MDN-G","OL5FkUIirHa","Madina",1.97067008688649,45.2209078686298
"Gpu3eYtpMtk","BAN-MDN-H","BAN-MDN-H","BAN-MDN-H","OL5FkUIirHa","Madina",1.99708968469001,45.2639090985489
"AGwbbOEc0qa","BAN-MDN-I","BAN-MDN-I","BAN-MDN-I","OL5FkUIirHa","Madina",2.00069137989552,45.2652574141786
"W4zUpAIwGkb","BAN-MDN-J","BAN-MDN-J","BAN-MDN-J","OL5FkUIirHa","Madina",1.96009979432975,45.1921874514842
"JoYIt16I8oN","BAN-MDN-K","BAN-MDN-K","BAN-MDN-K","OL5FkUIirHa","Madina",1.97877619574363,45.2344918340171
"dGJjrIP4NFl","BAN-MDN-L","BAN-MDN-L","BAN-MDN-L","OL5FkUIirHa","Madina",1.9966022559091,45.2568190735772
"j24Qs5DNA4A","BAN-MDN-M","BAN-MDN-M","BAN-MDN-M","OL5FkUIirHa","Madina",1.994738324473,45.2430647967546
"rXz7E4TQeey","BAN-MDN-N","BAN-MDN-N","BAN-MDN-N","OL5FkUIirHa","Madina",1.96063288288283,45.1949627394104
"MVWuv9Zrubp","BAN-MDN-O","BAN-MDN-O","BAN-MDN-O","OL5FkUIirHa","Madina",1.9760045762873,45.2323322709384
"p6kSrDcxLmh","BAN-MDN-P","BAN-MDN-P","BAN-MDN-P","OL5FkUIirHa","Madina",1.96441676626392,45.221666015957
"KWaEPKKWkwz","BAN-MDN-Q","BAN-MDN-Q","BAN-MDN-Q","OL5FkUIirHa","Madina",2.02946698587428,45.3074399686126
"hrzhxwbuGWe","BAN-MDN-R","BAN-MDN-R","BAN-MDN-R","OL5FkUIirHa","Madina",1.98070390892368,45.2471401190283
"BpHgWH1VDXO","BAN-MDN-S","BAN-MDN-S","BAN-MDN-S","OL5FkUIirHa","Madina",1.97108988525734,45.2316288258994
"qHT62g9KDhR","BAN-MDN-T","BAN-MDN-T","BAN-MDN-T","OL5FkUIirHa","Madina",1.98436151885385,45.2279334814747
"EhiBtV1cazN","BAN-MDN-U","BAN-MDN-U","BAN-MDN-U","OL5FkUIirHa","Madina",2.02466493539908,45.3007419503764
"nR5UWsWm5Rw","BAN-MDN-V","BAN-MDN-V","BAN-MDN-V","OL5FkUIirHa","Madina",1.9886108175278,45.2408189802543
"STUoFLJzAjc","BAY-BDL-A","BAY-BDL-A","BAY-BDL-A","OfEJKsm4bKo","Berdale",3.32718145723839,42.9872339128249
"w53IIHoIP6f","BAY-BDL-B","BAY-BDL-B","BAY-BDL-B","OfEJKsm4bKo","Berdale",3.25505483603746,42.9766158356536
"b4QzcV12kcK","BAY-BDL-C","BAY-BDL-C","BAY-BDL-C","OfEJKsm4bKo","Berdale",3.3340214547036,43.2030884044915
"eVNQvmp79x8","BAY-BDL-D","BAY-BDL-D","BAY-BDL-D","OfEJKsm4bKo","Berdale",3.47362262724399,42.8984436197975
"RPusQp1UIJz","BAY-BDL-E","BAY-BDL-E","BAY-BDL-E","OfEJKsm4bKo","Berdale",3.38816416455946,43.1021602077565
"GcOxpX6o8A2","BAY-BDL-F","BAY-BDL-F","BAY-BDL-F","OfEJKsm4bKo","Berdale",3.25555074525685,42.8146544541177
"n0CS9tclRjP","BAY-BDL-G","BAY-BDL-G","BAY-BDL-G","OfEJKsm4bKo","Berdale",3.53109376095566,43.3780945884835
"h8oubfZ1icE","BAY-BDL-H","BAY-BDL-H","BAY-BDL-H","OfEJKsm4bKo","Berdale",3.35621775868812,43.0732696752682
"UcR1zJcn0zx","BAY-BDL-I","BAY-BDL-I","BAY-BDL-I","OfEJKsm4bKo","Berdale",3.41493857082194,43.0490802507368
"piJvCOrLKyn","BAY-BDL-J","BAY-BDL-J","BAY-BDL-J","OfEJKsm4bKo","Berdale",3.5559293252541,43.3974860659964
"lKukASQ7CaG","BAY-BDL-K","BAY-BDL-K","BAY-BDL-K","OfEJKsm4bKo","Berdale",3.25745469498129,43.1756069392179
"pQfOFEEVUKv","BAY-BDL-L","BAY-BDL-L","BAY-BDL-L","OfEJKsm4bKo","Berdale",3.22213237442696,42.8862556861529
"IcOJkDcLj5F","BAY-BDL-M","BAY-BDL-M","BAY-BDL-M","OfEJKsm4bKo","Berdale",3.40446497653455,43.0295673448688
"mKwMCVu9jyP","BAY-BDL-N","BAY-BDL-N","BAY-BDL-N","OfEJKsm4bKo","Berdale",3.59444140217608,43.1900122941556
"Dmd1DK0AEBR","BAY-BDL-O","BAY-BDL-O","BAY-BDL-O","OfEJKsm4bKo","Berdale",3.36930356546627,42.8999440329478
"VRjtTyH6QxO","BAY-BDL-P","BAY-BDL-P","BAY-BDL-P","OfEJKsm4bKo","Berdale",3.62185551670266,42.9445055239341
"ZeEVKC1wtM4","BAY-BDL-Q","BAY-BDL-Q","BAY-BDL-Q","OfEJKsm4bKo","Berdale",3.59689812597087,42.9078779345363
"MB6OKTxibGU","BAY-BDL-R","BAY-BDL-R","BAY-BDL-R","OfEJKsm4bKo","Berdale",3.43740371409963,43.3340862447165
"Jk73iqIBoWr","BAY-BDL-S","BAY-BDL-S","BAY-BDL-S","OfEJKsm4bKo","Berdale",3.56409055331271,43.3700418463355
"R66hGPwu1rO","BAY-BDL-T","BAY-BDL-T","BAY-BDL-T","OfEJKsm4bKo","Berdale",3.23716070592478,42.8883728072973
"ZMTF74JRb1F","BAY-BDL-U","BAY-BDL-U","BAY-BDL-U","OfEJKsm4bKo","Berdale",3.29144133613203,43.325966961797
"UROtndgttX5","BAY-BDL-V","BAY-BDL-V","BAY-BDL-V","OfEJKsm4bKo","Berdale",3.30513499618994,43.1178526681523
"Gf6sXdW7Wl1","BAY-BDL-W","BAY-BDL-W","BAY-BDL-W","OfEJKsm4bKo","Berdale",3.226671264416,42.8870636031759
"NW20YxrTTNB","BAY-BDL-X","BAY-BDL-X","BAY-BDL-X","OfEJKsm4bKo","Berdale",3.64601460560301,43.0935508496592
"JL27N3X9gow","BAY-BDL-Y","BAY-BDL-Y","BAY-BDL-Y","OfEJKsm4bKo","Berdale",3.43921531764797,43.0059766046131
"H4ILzy0axd1","BAY-BDL-Z","BAY-BDL-Z","BAY-BDL-Z","OfEJKsm4bKo","Berdale",3.47335008074288,43.1623669185613
"nvQtyjvhqIH","BAY-BHB-A","BAY-BHB-A","BAY-BHB-A","OoffZfsoBdO","Burhakaba",2.23059907619081,43.9083703788173
"p9uMkga2hIQ","BAY-BHB-AA","BAY-BHB-AA","BAY-BHB-AA","OoffZfsoBdO","Burhakaba",2.67212821434572,44.3011413247876
"o6FE1yMBJp9","BAY-BHB-AB","BAY-BHB-AB","BAY-BHB-AB","OoffZfsoBdO","Burhakaba",2.80143246683264,44.2197293647125
"vDlcM6sUseW","BAY-BHB-AC","BAY-BHB-AC","BAY-BHB-AC","OoffZfsoBdO","Burhakaba",2.21106581762148,43.6277439224273
"NYREdBv2N7b","BAY-BHB-AD","BAY-BHB-AD","BAY-BHB-AD","OoffZfsoBdO","Burhakaba",2.11383566710196,44.1317303228175
"Dyx89Lq0Dqu","BAY-BHB-AE","BAY-BHB-AE","BAY-BHB-AE","OoffZfsoBdO","Burhakaba",2.36900186281946,43.7905933034103
"YyBGBO57KKX","BAY-BHB-AF","BAY-BHB-AF","BAY-BHB-AF","OoffZfsoBdO","Burhakaba",2.34547130936227,43.4317276760877
"AkTLVSUAI8q","BAY-BHB-B","BAY-BHB-B","BAY-BHB-B","OoffZfsoBdO","Burhakaba",2.94919199346448,43.9747360354983
"Gm4Au9SD8Zw","BAY-BHB-C","BAY-BHB-C","BAY-BHB-C","OoffZfsoBdO","Burhakaba",2.78502252997578,44.3143414523829
"J8KRXdOgE9J","BAY-BHB-D","BAY-BHB-D","BAY-BHB-D","OoffZfsoBdO","Burhakaba",2.40336740619959,44.3710954346055
"NWKHYBwvFsG","BAY-BHB-E","BAY-BHB-E","BAY-BHB-E","OoffZfsoBdO","Burhakaba",3.13322560720615,44.1609780543292
"zW4jeoQ2fCG","BAY-BHB-F","BAY-BHB-F","BAY-BHB-F","OoffZfsoBdO","Burhakaba",2.26582652574544,43.7928382690906
"RS0xAKjc72B","BAY-BHB-G","BAY-BHB-G","BAY-BHB-G","OoffZfsoBdO","Burhakaba",2.77412220900282,44.3396255732076
"pBhntYysn7W","BAY-BHB-H","BAY-BHB-H","BAY-BHB-H","OoffZfsoBdO","Burhakaba",2.60633706029384,43.7485066757025
"e95hiC2catT","BAY-BHB-I","BAY-BHB-I","BAY-BHB-I","OoffZfsoBdO","Burhakaba",1.91254875384731,43.9581108603334
"ATohk6PVB0M","BAY-BHB-J","BAY-BHB-J","BAY-BHB-J","OoffZfsoBdO","Burhakaba",3.0200430800163,44.3608588691388
"kINXFSG6rJx","BAY-BHB-K","BAY-BHB-K","BAY-BHB-K","OoffZfsoBdO","Burhakaba",2.07295331387756,44.0390148761898
"iQt4snBbdYa","BAY-BHB-L","BAY-BHB-L","BAY-BHB-L","OoffZfsoBdO","Burhakaba",3.06024475234814,44.9947966082449
"w3y2AuTMeVZ","BAY-BHB-M","BAY-BHB-M","BAY-BHB-M","OoffZfsoBdO","Burhakaba",2.88929611230264,43.8669344127554
"g6LKUnhXvNX","BAY-BHB-N","BAY-BHB-N","BAY-BHB-N","OoffZfsoBdO","Burhakaba",2.63991902861503,43.8115443560811
"wVJn2GgxxOd","BAY-BHB-O","BAY-BHB-O","BAY-BHB-O","OoffZfsoBdO","Burhakaba",2.18947688709432,44.0651608083263
"NYgkF4dl3Wf","BAY-BHB-P","BAY-BHB-P","BAY-BHB-P","OoffZfsoBdO","Burhakaba",2.78705003508609,44.7104179055396
"oULRJX740sw","BAY-BHB-Q","BAY-BHB-Q","BAY-BHB-Q","OoffZfsoBdO","Burhakaba",2.36361490326004,43.5908725112175
"UkYzUgxzVRw","BAY-BHB-R","BAY-BHB-R","BAY-BHB-R","OoffZfsoBdO","Burhakaba",2.5913399234462,44.4293127121599
"JIsCp2NQVth","BAY-BHB-S","BAY-BHB-S","BAY-BHB-S","OoffZfsoBdO","Burhakaba",3.00917726156141,44.1679507998954
"ZyWQgGLypmR","BAY-BHB-T","BAY-BHB-T","BAY-BHB-T","OoffZfsoBdO","Burhakaba",1.9473230136467,43.7790122282542
"ahpdLZrbOAe","BAY-BHB-U","BAY-BHB-U","BAY-BHB-U","OoffZfsoBdO","Burhakaba",2.49190358658344,44.4625770722173
"yBPC9fFZQEq","BAY-BHB-V","BAY-BHB-V","BAY-BHB-V","OoffZfsoBdO","Burhakaba",2.41898292778763,44.4992551808879
"PdV7rFtaNBX","BAY-BHB-W","BAY-BHB-W","BAY-BHB-W","OoffZfsoBdO","Burhakaba",2.31625953559237,44.3436116113931
"Lnqw3Wucdly","BAY-BHB-X","BAY-BHB-X","BAY-BHB-X","OoffZfsoBdO","Burhakaba",2.64234237657169,44.067620432946
"kwVDCkOLZAx","BAY-BHB-Y","BAY-BHB-Y","BAY-BHB-Y","OoffZfsoBdO","Burhakaba",2.16360732831926,44.0828805845765
"BPilcHrEBZJ","BAY-BHB-Z","BAY-BHB-Z","BAY-BHB-Z","OoffZfsoBdO","Burhakaba",2.5324833384435,44.2603776128213
"ZzsRq05hqkx","BAN-YQA-A","BAN-YQA-A","BAN-YQA-A","P9axoTNAQCK","Yaqshid",2.12871043596005,45.3366142734591
"vUahz7ldjaF","BAN-YQA-AA","BAN-YQA-AA","BAN-YQA-AA","P9axoTNAQCK","Yaqshid",2.13192443370232,45.3843129457242
"pCBxS30xmkS","BAN-YQA-AAA","BAN-YQA-AAA","BAN-YQA-AAA","P9axoTNAQCK","Yaqshid",2.1216081696252,45.3356053662604
"ZodE98VAOLU","BAN-YQA-AAB","BAN-YQA-AAB","BAN-YQA-AAB","P9axoTNAQCK","Yaqshid",2.15113066516313,45.3944639958732
"Dpsp8RNjkGh","BAN-YQA-AB","BAN-YQA-AB","BAN-YQA-AB","P9axoTNAQCK","Yaqshid",2.14041547612721,45.3286198417731
"Qs4EaUPpucg","BAN-YQA-AC","BAN-YQA-AC","BAN-YQA-AC","P9axoTNAQCK","Yaqshid",2.13189340899191,45.3631697565054
"WoHM2dxnU3U","BAN-YQA-AD","BAN-YQA-AD","BAN-YQA-AD","P9axoTNAQCK","Yaqshid",2.12551540886345,45.3680137143155
"ciwfMCTUKDZ","BAN-YQA-AE","BAN-YQA-AE","BAN-YQA-AE","P9axoTNAQCK","Yaqshid",2.07903393028531,45.3518983959331
"bNwAPCP6BUI","BAN-YQA-AF","BAN-YQA-AF","BAN-YQA-AF","P9axoTNAQCK","Yaqshid",2.14794560839191,45.3674273559635
"fnyDUj3C6a9","BAN-YQA-AG","BAN-YQA-AG","BAN-YQA-AG","P9axoTNAQCK","Yaqshid",2.14654716394259,45.3704462752916
"BqWsEFYP3Jr","BAN-YQA-AH","BAN-YQA-AH","BAN-YQA-AH","P9axoTNAQCK","Yaqshid",2.14920157147997,45.3523858416349
"tJB3Ou60uf0","BAN-YQA-AI","BAN-YQA-AI","BAN-YQA-AI","P9axoTNAQCK","Yaqshid",2.14863583109028,45.3884452953369
"FKQdzUSmGo5","BAN-YQA-AJ","BAN-YQA-AJ","BAN-YQA-AJ","P9axoTNAQCK","Yaqshid",2.13249238503639,45.349169118082
"U9fWkFQewJr","BAN-YQA-AK","BAN-YQA-AK","BAN-YQA-AK","P9axoTNAQCK","Yaqshid",2.11890300428915,45.3753210746149
"z7tLgYWHr0A","BAN-YQA-AL","BAN-YQA-AL","BAN-YQA-AL","P9axoTNAQCK","Yaqshid",2.09220008090486,45.3600454074428
"L32hJFORTLh","BAN-YQA-AM","BAN-YQA-AM","BAN-YQA-AM","P9axoTNAQCK","Yaqshid",2.13195498470304,45.3414997627766
"tnFi2JCmxRE","BAN-YQA-AN","BAN-YQA-AN","BAN-YQA-AN","P9axoTNAQCK","Yaqshid",2.11337417368711,45.3640241155755
"uvBwpwd0wIH","BAN-YQA-AO","BAN-YQA-AO","BAN-YQA-AO","P9axoTNAQCK","Yaqshid",2.06041011368683,45.3534736259526
"Dh5SsRQHuLF","BAN-YQA-AP","BAN-YQA-AP","BAN-YQA-AP","P9axoTNAQCK","Yaqshid",2.13623136960709,45.3344917425855
"CCII5KQpgsp","BAN-YQA-AQ","BAN-YQA-AQ","BAN-YQA-AQ","P9axoTNAQCK","Yaqshid",2.11063440989325,45.3730630126197
"XquwR96gkVm","BAN-YQA-AR","BAN-YQA-AR","BAN-YQA-AR","P9axoTNAQCK","Yaqshid",2.14064057509398,45.3760871510644
"pAcWpd7ZRnG","BAN-YQA-AS","BAN-YQA-AS","BAN-YQA-AS","P9axoTNAQCK","Yaqshid",2.11209581125828,45.3466293301722
"Db8j8qLSRas","BAN-YQA-AT","BAN-YQA-AT","BAN-YQA-AT","P9axoTNAQCK","Yaqshid",2.0576730851468,45.3527694273799
"GlK3qWRCx90","BAN-YQA-AU","BAN-YQA-AU","BAN-YQA-AU","P9axoTNAQCK","Yaqshid",2.13144571523518,45.3670436537572
"fmliF4iVsX7","BAN-YQA-AV","BAN-YQA-AV","BAN-YQA-AV","P9axoTNAQCK","Yaqshid",2.13551202162561,45.3482271159823
"WwaQ6v7IZvl","BAN-YQA-AW","BAN-YQA-AW","BAN-YQA-AW","P9axoTNAQCK","Yaqshid",2.09571492313346,45.35651528986
"v2j4ayUas9K","BAN-YQA-AX","BAN-YQA-AX","BAN-YQA-AX","P9axoTNAQCK","Yaqshid",2.05265288884112,45.3471634864862
"g6NDUOtbDTU","BAN-YQA-AY","BAN-YQA-AY","BAN-YQA-AY","P9axoTNAQCK","Yaqshid",2.14782149498533,45.3536920906556
"sDxMEmPIeDE","BAN-YQA-AZ","BAN-YQA-AZ","BAN-YQA-AZ","P9axoTNAQCK","Yaqshid",2.08809280822952,45.3451614446811
"HCkS6Gty33n","BAN-YQA-B","BAN-YQA-B","BAN-YQA-B","P9axoTNAQCK","Yaqshid",2.07212328066352,45.3416589462062
"VJcBAbBpT87","BAN-YQA-C","BAN-YQA-C","BAN-YQA-C","P9axoTNAQCK","Yaqshid",2.12298810762179,45.3738700095488
"j0J2DieuL2C","BAN-YQA-D","BAN-YQA-D","BAN-YQA-D","P9axoTNAQCK","Yaqshid",2.06605841685523,45.3493599959033
"iwXnQmm8mR1","BAN-YQA-E","BAN-YQA-E","BAN-YQA-E","P9axoTNAQCK","Yaqshid",2.124630142483,45.3699512153548
"TZEKEsv7o24","BAN-YQA-F","BAN-YQA-F","BAN-YQA-F","P9axoTNAQCK","Yaqshid",2.12035881410188,45.3501005348779
"sXARDm2qxLL","BAN-YQA-G","BAN-YQA-G","BAN-YQA-G","P9axoTNAQCK","Yaqshid",2.11049885801076,45.3707135998335
"u8JaM9calOZ","BAN-YQA-H","BAN-YQA-H","BAN-YQA-H","P9axoTNAQCK","Yaqshid",2.10225686087281,45.3423506078915
"QTMDvaKyzHm","BAN-YQA-I","BAN-YQA-I","BAN-YQA-I","P9axoTNAQCK","Yaqshid",2.09189737851002,45.3358409267455
"G10Xu3C6R89","BAN-YQA-J","BAN-YQA-J","BAN-YQA-J","P9axoTNAQCK","Yaqshid",2.12127377125517,45.3516388111739
"fPu68l9wlBS","BAN-YQA-K","BAN-YQA-K","BAN-YQA-K","P9axoTNAQCK","Yaqshid",2.09949602712735,45.334052794907
"fochYTjCVic","BAN-YQA-L","BAN-YQA-L","BAN-YQA-L","P9axoTNAQCK","Yaqshid",2.12711348929062,45.3422422203575
"SuFTuOrGkZo","BAN-YQA-M","BAN-YQA-M","BAN-YQA-M","P9axoTNAQCK","Yaqshid",2.14894952728315,45.3691153624442
"QTZ7F30XTSh","BAN-YQA-N","BAN-YQA-N","BAN-YQA-N","P9axoTNAQCK","Yaqshid",2.12370107780287,45.3351548710661
"ojYasQ9QmrM","BAN-YQA-O","BAN-YQA-O","BAN-YQA-O","P9axoTNAQCK","Yaqshid",2.09036721142785,45.3396198860769
"g4GyvOcAg64","BAN-YQA-P","BAN-YQA-P","BAN-YQA-P","P9axoTNAQCK","Yaqshid",2.1139816308669,45.3457402466308
"tsUYIAQPhQG","BAN-YQA-Q","BAN-YQA-Q","BAN-YQA-Q","P9axoTNAQCK","Yaqshid",2.10881917184629,45.3558885088718
"cpNCPWubcHh","BAN-YQA-R","BAN-YQA-R","BAN-YQA-R","P9axoTNAQCK","Yaqshid",2.13549142603948,45.3716832915007
"IUEOng2bLi4","BAN-YQA-S","BAN-YQA-S","BAN-YQA-S","P9axoTNAQCK","Yaqshid",2.11757376107234,45.3360091947793
"IEGJbX5TFps","BAN-YQA-T","BAN-YQA-T","BAN-YQA-T","P9axoTNAQCK","Yaqshid",2.09676564211093,45.3520581308007
"kD8B9cuZWAQ","BAN-YQA-U","BAN-YQA-U","BAN-YQA-U","P9axoTNAQCK","Yaqshid",2.1379316191867,45.3412417152531
"xEVrSMhwfHs","BAN-YQA-V","BAN-YQA-V","BAN-YQA-V","P9axoTNAQCK","Yaqshid",2.10968808164567,45.3402580525533
"bnXItQIcbi3","BAN-YQA-W","BAN-YQA-W","BAN-YQA-W","P9axoTNAQCK","Yaqshid",2.13511960920892,45.3627593795664
"KhKOYPWu1Nh","BAN-YQA-X","BAN-YQA-X","BAN-YQA-X","P9axoTNAQCK","Yaqshid",2.08400380093596,45.3570045162707
"c12puD9Badg","BAN-YQA-Y","BAN-YQA-Y","BAN-YQA-Y","P9axoTNAQCK","Yaqshid",2.12697504102017,45.3538661622311
"HrbP7Kniwdb","BAN-YQA-Z","BAN-YQA-Z","BAN-YQA-Z","P9axoTNAQCK","Yaqshid",2.13073649655071,45.3518883098999
"WN7zDNJC9dx","BKL-ELB-A","BKL-ELB-A","BKL-ELB-A","PRclE1ztYPa","El Barde",4.58578652087301,43.8739420325029
"nXWR312cmYe","BKL-ELB-B","BKL-ELB-B","BKL-ELB-B","PRclE1ztYPa","El Barde",4.77500496595952,43.7736357331208
"Wcw4iqCc6Vx","BKL-ELB-C","BKL-ELB-C","BKL-ELB-C","PRclE1ztYPa","El Barde",4.52825861345779,43.5225436186289
"ZQgvGSQFxnG","BKL-ELB-D","BKL-ELB-D","BKL-ELB-D","PRclE1ztYPa","El Barde",4.52523083090763,43.5158687708331
"j77GSPKUf3j","BKL-ELB-E","BKL-ELB-E","BKL-ELB-E","PRclE1ztYPa","El Barde",4.46277808591782,43.9696020265566
"NO7dkG9JMRa","BKL-ELB-F","BKL-ELB-F","BKL-ELB-F","PRclE1ztYPa","El Barde",4.71258985158377,43.6255884973484
"vq9plGQINvw","BKL-ELB-G","BKL-ELB-G","BKL-ELB-G","PRclE1ztYPa","El Barde",4.79809952565687,44.1654893281377
"eANWdKYbz8v","BKL-ELB-H","BKL-ELB-H","BKL-ELB-H","PRclE1ztYPa","El Barde",4.80244155984258,44.1592515674456
"Q6JibGG6mIV","BKL-ELB-I","BKL-ELB-I","BKL-ELB-I","PRclE1ztYPa","El Barde",4.52505501867586,43.8921851972845
"UrddWuuzipc","BKL-ELB-J","BKL-ELB-J","BKL-ELB-J","PRclE1ztYPa","El Barde",4.6322498760898,44.2641830696394
"gsquB8h41lZ","BKL-ELB-K","BKL-ELB-K","BKL-ELB-K","PRclE1ztYPa","El Barde",4.54979112674352,43.9004400720699
"I7WaxL7cTER","BKL-ELB-L","BKL-ELB-L","BKL-ELB-L","PRclE1ztYPa","El Barde",4.89801755444222,44.1863181071271
"d6YLSMzb1hT","BKL-ELB-M","BKL-ELB-M","BKL-ELB-M","PRclE1ztYPa","El Barde",4.49230399413985,43.9729087390265
"MtBNbL1NuwS","BKL-ELB-N","BKL-ELB-N","BKL-ELB-N","PRclE1ztYPa","El Barde",4.59202030667318,44.3086368257789
"nAeT81BFeTr","BKL-ELB-O","BKL-ELB-O","BKL-ELB-O","PRclE1ztYPa","El Barde",4.70607368581814,43.4670973738577
"na1V6N5j3Co","BKL-ELB-P","BKL-ELB-P","BKL-ELB-P","PRclE1ztYPa","El Barde",4.85736715476732,43.9495632009769
"YMN2kv5dNxM","BKL-ELB-Q","BKL-ELB-Q","BKL-ELB-Q","PRclE1ztYPa","El Barde",4.47284492532421,44.5719939727218
"sJzZExTEF2M","BKL-ELB-R","BKL-ELB-R","BKL-ELB-R","PRclE1ztYPa","El Barde",4.53778980256115,43.8752529216942
"CChpbyNNJzD","TOG-BUH-A","TOG-BUH-A","TOG-BUH-A","PhTmfI7rhUV","Buhodle",8.47089227161576,46.6544006203335
"w8Pe2WlxCdX","TOG-BUH-AA","TOG-BUH-AA","TOG-BUH-AA","PhTmfI7rhUV","Buhodle",8.43400981150574,46.3219572040791
"peraAWTmjb7","TOG-BUH-AB","TOG-BUH-AB","TOG-BUH-AB","PhTmfI7rhUV","Buhodle",8.69054625802375,46.1222478052023
"OnHxSHT7NhE","TOG-BUH-AC","TOG-BUH-AC","TOG-BUH-AC","PhTmfI7rhUV","Buhodle",8.16386389385652,46.8132143635443
"vjpnaE3Bija","TOG-BUH-AD","TOG-BUH-AD","TOG-BUH-AD","PhTmfI7rhUV","Buhodle",8.647566595976,46.1957301540975
"AWBlemAVYvs","TOG-BUH-AE","TOG-BUH-AE","TOG-BUH-AE","PhTmfI7rhUV","Buhodle",8.09258020388784,46.7240625173497
"OHMMq8ji4ed","TOG-BUH-AF","TOG-BUH-AF","TOG-BUH-AF","PhTmfI7rhUV","Buhodle",8.35352008267281,46.3369279203292
"gyQXyqM7vRP","TOG-BUH-AG","TOG-BUH-AG","TOG-BUH-AG","PhTmfI7rhUV","Buhodle",8.44085984713892,46.01964127719
"gK6vSLUXwiK","TOG-BUH-B","TOG-BUH-B","TOG-BUH-B","PhTmfI7rhUV","Buhodle",8.48354059172556,46.1659689625237
"bMPgi2wOXll","TOG-BUH-C","TOG-BUH-C","TOG-BUH-C","PhTmfI7rhUV","Buhodle",8.26169983968511,46.528333846555
"KnmX9DHfS8g","TOG-BUH-D","TOG-BUH-D","TOG-BUH-D","PhTmfI7rhUV","Buhodle",8.61683798142351,46.3315282347773
"smUSQwztdKm","TOG-BUH-E","TOG-BUH-E","TOG-BUH-E","PhTmfI7rhUV","Buhodle",8.59902648660243,46.4597509417327
"CvbfboPgeX0","TOG-BUH-F","TOG-BUH-F","TOG-BUH-F","PhTmfI7rhUV","Buhodle",8.62033842728148,46.2388320498251
"sPk1DamK71M","TOG-BUH-G","TOG-BUH-G","TOG-BUH-G","PhTmfI7rhUV","Buhodle",8.18528895096218,46.6111240876578
"b9o2yI0WAB2","TOG-BUH-H","TOG-BUH-H","TOG-BUH-H","PhTmfI7rhUV","Buhodle",8.38240723239002,46.4111635747549
"KOgmPCCEJIe","TOG-BUH-I","TOG-BUH-I","TOG-BUH-I","PhTmfI7rhUV","Buhodle",8.39384571427562,46.7468820970249
"zU10PE5zv5H","TOG-BUH-J","TOG-BUH-J","TOG-BUH-J","PhTmfI7rhUV","Buhodle",8.41522919876476,46.6333188795901
"OrGMB643Z8K","TOG-BUH-K","TOG-BUH-K","TOG-BUH-K","PhTmfI7rhUV","Buhodle",8.59062426792155,46.2673550785278
"k43LRVapCsU","TOG-BUH-L","TOG-BUH-L","TOG-BUH-L","PhTmfI7rhUV","Buhodle",8.84386477810319,46.1048383268875
"w8FHjl6DDEJ","TOG-BUH-M","TOG-BUH-M","TOG-BUH-M","PhTmfI7rhUV","Buhodle",8.60781935819211,46.2447214525279
"MRs1T2R6CVw","TOG-BUH-N","TOG-BUH-N","TOG-BUH-N","PhTmfI7rhUV","Buhodle",8.31649937000329,46.1294888532013
"APpvisoFn0b","TOG-BUH-O","TOG-BUH-O","TOG-BUH-O","PhTmfI7rhUV","Buhodle",8.47598139185518,46.8878091821788
"KTl1jtyOiCg","TOG-BUH-P","TOG-BUH-P","TOG-BUH-P","PhTmfI7rhUV","Buhodle",8.55165362010485,46.6587256603826
"ExOfhyMdlmK","TOG-BUH-Q","TOG-BUH-Q","TOG-BUH-Q","PhTmfI7rhUV","Buhodle",8.49217945451229,46.6615698903504
"C3gM15PVk4w","TOG-BUH-R","TOG-BUH-R","TOG-BUH-R","PhTmfI7rhUV","Buhodle",8.45543216831691,46.7740505877017
"ip35w5FdBoK","TOG-BUH-S","TOG-BUH-S","TOG-BUH-S","PhTmfI7rhUV","Buhodle",8.41996106291441,46.9103280639301
"wnMp0jMB2VR","TOG-BUH-T","TOG-BUH-T","TOG-BUH-T","PhTmfI7rhUV","Buhodle",8.43816215361907,46.8900781710114
"luhUcpjsTvT","TOG-BUH-U","TOG-BUH-U","TOG-BUH-U","PhTmfI7rhUV","Buhodle",8.669375789167,46.2965465246052
"PQn3e9f4bB0","TOG-BUH-V","TOG-BUH-V","TOG-BUH-V","PhTmfI7rhUV","Buhodle",8.55138738812254,46.4358761919828
"rYZjs29RQfg","TOG-BUH-W","TOG-BUH-W","TOG-BUH-W","PhTmfI7rhUV","Buhodle",8.49031906036148,46.057055267395
"rYIt0jjrlhg","TOG-BUH-X","TOG-BUH-X","TOG-BUH-X","PhTmfI7rhUV","Buhodle",8.30497441784686,46.1080215011043
"JMOxIEYulIX","TOG-BUH-Y","TOG-BUH-Y","TOG-BUH-Y","PhTmfI7rhUV","Buhodle",8.58458503406355,46.0832333792575
"eVl4PbnFGJX","TOG-BUH-Z","TOG-BUH-Z","TOG-BUH-Z","PhTmfI7rhUV","Buhodle",8.60649219361271,46.3745969289839
"w0HkHatBT3N","HRN-BLT-A","HRN-BLT-A","HRN-BLT-A","Q4TURfGu3qJ","Belet Weyne",4.25321316738618,45.2199528490065
"NsWFOycd2kk","HRN-BLT-AA","HRN-BLT-AA","HRN-BLT-AA","Q4TURfGu3qJ","Belet Weyne",4.5951354715217,44.7786697377135
"JWg88WuFykm","HRN-BLT-AB","HRN-BLT-AB","HRN-BLT-AB","Q4TURfGu3qJ","Belet Weyne",4.51622406886948,45.1894932594799
"qfbAWGZOKXV","HRN-BLT-AC","HRN-BLT-AC","HRN-BLT-AC","Q4TURfGu3qJ","Belet Weyne",4.61646218863396,45.1103591134283
"hPXMlX7sA1i","HRN-BLT-AD","HRN-BLT-AD","HRN-BLT-AD","Q4TURfGu3qJ","Belet Weyne",4.67467374280315,45.3609327175698
"Cz5Pa5TwCT6","HRN-BLT-AE","HRN-BLT-AE","HRN-BLT-AE","Q4TURfGu3qJ","Belet Weyne",4.43070608840959,44.9182964879875
"jmCHFOuJdWG","HRN-BLT-AF","HRN-BLT-AF","HRN-BLT-AF","Q4TURfGu3qJ","Belet Weyne",4.91806788914462,45.3191896077302
"qmj5979aRkv","HRN-BLT-AG","HRN-BLT-AG","HRN-BLT-AG","Q4TURfGu3qJ","Belet Weyne",4.11712483959857,45.1688951310927
"VUe03bAuMbp","HRN-BLT-AH","HRN-BLT-AH","HRN-BLT-AH","Q4TURfGu3qJ","Belet Weyne",4.42175325376105,45.138264310567
"Eu7IEOGhZOA","HRN-BLT-AI","HRN-BLT-AI","HRN-BLT-AI","Q4TURfGu3qJ","Belet Weyne",4.33250474942305,45.0905605672192
"qIKHTwbtGjD","HRN-BLT-AJ","HRN-BLT-AJ","HRN-BLT-AJ","Q4TURfGu3qJ","Belet Weyne",4.60679704384983,45.1584461152314
"Bv8OmAEu3Dv","HRN-BLT-AK","HRN-BLT-AK","HRN-BLT-AK","Q4TURfGu3qJ","Belet Weyne",4.26183479906615,45.2789702212113
"rDBUKCnn7N1","HRN-BLT-AL","HRN-BLT-AL","HRN-BLT-AL","Q4TURfGu3qJ","Belet Weyne",4.36546611160755,45.2912135432116
"cPECcP9Mqzn","HRN-BLT-AM","HRN-BLT-AM","HRN-BLT-AM","Q4TURfGu3qJ","Belet Weyne",4.896840132068,44.7678007898484
"vtC8Z3H6Vpr","HRN-BLT-AN","HRN-BLT-AN","HRN-BLT-AN","Q4TURfGu3qJ","Belet Weyne",4.89108241743619,45.0572948817462
"KpJbamQXCpO","HRN-BLT-AO","HRN-BLT-AO","HRN-BLT-AO","Q4TURfGu3qJ","Belet Weyne",4.69376810605893,44.9597112530674
"D9Jtiqw1dHN","HRN-BLT-AP","HRN-BLT-AP","HRN-BLT-AP","Q4TURfGu3qJ","Belet Weyne",4.05439374391325,45.1044195633144
"tM6BB1XoYLY","HRN-BLT-AQ","HRN-BLT-AQ","HRN-BLT-AQ","Q4TURfGu3qJ","Belet Weyne",4.98476642845502,45.3186108766623
"sMdWmojYT0X","HRN-BLT-AR","HRN-BLT-AR","HRN-BLT-AR","Q4TURfGu3qJ","Belet Weyne",4.46311092027856,45.6148627967295
"qVFzIgkULx7","HRN-BLT-AS","HRN-BLT-AS","HRN-BLT-AS","Q4TURfGu3qJ","Belet Weyne",4.12512914843625,45.2573547355098
"TnlAnI3o9nA","HRN-BLT-AT","HRN-BLT-AT","HRN-BLT-AT","Q4TURfGu3qJ","Belet Weyne",4.82462416873623,44.8898652698405
"tTSBkaDKxnv","HRN-BLT-AU","HRN-BLT-AU","HRN-BLT-AU","Q4TURfGu3qJ","Belet Weyne",4.29837202449868,44.8876114349357
"VEFasT2x5Aq","HRN-BLT-AV","HRN-BLT-AV","HRN-BLT-AV","Q4TURfGu3qJ","Belet Weyne",4.55563932706269,45.1101943891371
"pl8TNAFOxUf","HRN-BLT-AW","HRN-BLT-AW","HRN-BLT-AW","Q4TURfGu3qJ","Belet Weyne",4.80727217433059,45.4771324445781
"PMFw2mrwK9a","HRN-BLT-AX","HRN-BLT-AX","HRN-BLT-AX","Q4TURfGu3qJ","Belet Weyne",4.9792501479548,45.3038438485242
"XlqakbtRS4f","HRN-BLT-AY","HRN-BLT-AY","HRN-BLT-AY","Q4TURfGu3qJ","Belet Weyne",4.28058577606262,44.9589775095543
"ajZd7bdw8qn","HRN-BLT-AZ","HRN-BLT-AZ","HRN-BLT-AZ","Q4TURfGu3qJ","Belet Weyne",4.88941585407405,45.4017262661261
"xhHJwrwvtjN","HRN-BLT-B","HRN-BLT-B","HRN-BLT-B","Q4TURfGu3qJ","Belet Weyne",4.55060221484418,45.5178363275915
"MYDpTSetWSY","HRN-BLT-BA","HRN-BLT-BA","HRN-BLT-BA","Q4TURfGu3qJ","Belet Weyne",4.91252279920873,45.1897309025724
"OfImZf21Avn","HRN-BLT-BB","HRN-BLT-BB","HRN-BLT-BB","Q4TURfGu3qJ","Belet Weyne",4.5545319802831,45.3514267167233
"Et9WFUfInQF","HRN-BLT-BC","HRN-BLT-BC","HRN-BLT-BC","Q4TURfGu3qJ","Belet Weyne",4.16002028626141,44.9251591024371
"nRT5xZp7Ul7","HRN-BLT-BD","HRN-BLT-BD","HRN-BLT-BD","Q4TURfGu3qJ","Belet Weyne",4.84438367468329,45.2944853727124
"HkY6L31L6Sy","HRN-BLT-BE","HRN-BLT-BE","HRN-BLT-BE","Q4TURfGu3qJ","Belet Weyne",4.46585383306371,45.2195181053568
"rZciuAay7ii","HRN-BLT-BF","HRN-BLT-BF","HRN-BLT-BF","Q4TURfGu3qJ","Belet Weyne",4.50958844524819,45.1932552504202
"AuT8fCFsNDF","HRN-BLT-BG","HRN-BLT-BG","HRN-BLT-BG","Q4TURfGu3qJ","Belet Weyne",4.08216190743971,45.1232396115304
"fHbouijfLc8","HRN-BLT-BH","HRN-BLT-BH","HRN-BLT-BH","Q4TURfGu3qJ","Belet Weyne",4.67536276776206,45.5245673895237
"TzlbEO4NBle","HRN-BLT-BI","HRN-BLT-BI","HRN-BLT-BI","Q4TURfGu3qJ","Belet Weyne",4.90442419797354,45.0306202207942
"Q9F8USgytBJ","HRN-BLT-BJ","HRN-BLT-BJ","HRN-BLT-BJ","Q4TURfGu3qJ","Belet Weyne",4.6638820263675,45.2502457082976
"aJCPH1KoM1X","HRN-BLT-BK","HRN-BLT-BK","HRN-BLT-BK","Q4TURfGu3qJ","Belet Weyne",4.56221166789054,44.7519236969133
"ju3j0Ru64En","HRN-BLT-BL","HRN-BLT-BL","HRN-BLT-BL","Q4TURfGu3qJ","Belet Weyne",4.02380370324575,44.7837298125567
"molEQiDaSUJ","HRN-BLT-BM","HRN-BLT-BM","HRN-BLT-BM","Q4TURfGu3qJ","Belet Weyne",4.41610428008741,45.4921941263647
"eu2ZQenrg9X","HRN-BLT-BN","HRN-BLT-BN","HRN-BLT-BN","Q4TURfGu3qJ","Belet Weyne",4.86060026865917,45.5094775732588
"VmM38Ev9sws","HRN-BLT-BO","HRN-BLT-BO","HRN-BLT-BO","Q4TURfGu3qJ","Belet Weyne",4.7368206594556,45.0804254766168
"x4IFzLlhbxF","HRN-BLT-BP","HRN-BLT-BP","HRN-BLT-BP","Q4TURfGu3qJ","Belet Weyne",5.08209645404093,45.1706091743945
"jyLiBOwNo6I","HRN-BLT-BQ","HRN-BLT-BQ","HRN-BLT-BQ","Q4TURfGu3qJ","Belet Weyne",4.57482921175069,45.3603689851617
"iDNfgDWVXha","HRN-BLT-BR","HRN-BLT-BR","HRN-BLT-BR","Q4TURfGu3qJ","Belet Weyne",4.7697940604873,45.3939608743987
"Wp8wRzgIa3L","HRN-BLT-BS","HRN-BLT-BS","HRN-BLT-BS","Q4TURfGu3qJ","Belet Weyne",4.23470628571582,44.7197658186748
"vAU1S2q0GRG","HRN-BLT-BT","HRN-BLT-BT","HRN-BLT-BT","Q4TURfGu3qJ","Belet Weyne",4.16969340479844,45.1448423569084
"mVHv7qRVVWE","HRN-BLT-BU","HRN-BLT-BU","HRN-BLT-BU","Q4TURfGu3qJ","Belet Weyne",4.13031986694058,45.0305616338371
"T7zjOfec11D","HRN-BLT-BV","HRN-BLT-BV","HRN-BLT-BV","Q4TURfGu3qJ","Belet Weyne",4.18847439629953,45.0368685249112
"QrdGg7wXpSS","HRN-BLT-BW","HRN-BLT-BW","HRN-BLT-BW","Q4TURfGu3qJ","Belet Weyne",4.69283867729413,45.5042023227248
"Y9fLyekenhr","HRN-BLT-BX","HRN-BLT-BX","HRN-BLT-BX","Q4TURfGu3qJ","Belet Weyne",4.27051898033543,45.340836830029
"NdTzH12WDjG","HRN-BLT-BY","HRN-BLT-BY","HRN-BLT-BY","Q4TURfGu3qJ","Belet Weyne",5.05314545218996,45.1117701325303
"LjpguI27Y7q","HRN-BLT-BZ","HRN-BLT-BZ","HRN-BLT-BZ","Q4TURfGu3qJ","Belet Weyne",4.91501274344161,44.6994652381421
"ocKImo9x8lu","HRN-BLT-C","HRN-BLT-C","HRN-BLT-C","Q4TURfGu3qJ","Belet Weyne",4.38645224338852,45.35934663178
"tx05ZhRMRsG","HRN-BLT-CC","HRN-BLT-CC","HRN-BLT-CC","Q4TURfGu3qJ","Belet Weyne",3.97782499431874,44.7882447673227
"xddC0SxVa7M","HRN-BLT-CD","HRN-BLT-CD","HRN-BLT-CD","Q4TURfGu3qJ","Belet Weyne",4.32197898031317,44.8342514831175
"f4dJoIH5UxG","HRN-BLT-CE","HRN-BLT-CE","HRN-BLT-CE","Q4TURfGu3qJ","Belet Weyne",4.70022895346744,44.8511377382949
"gb08Dg1M4Zj","HRN-BLT-CF","HRN-BLT-CF","HRN-BLT-CF","Q4TURfGu3qJ","Belet Weyne",4.61958530206813,45.3025660536946
"wRbxqMmHwuY","HRN-BLT-CH","HRN-BLT-CH","HRN-BLT-CH","Q4TURfGu3qJ","Belet Weyne",4.11029490341676,45.1826128243698
"FE8Ls9ikJl3","HRN-BLT-CI","HRN-BLT-CI","HRN-BLT-CI","Q4TURfGu3qJ","Belet Weyne",4.3180682870588,45.2925145001704
"AUdu3BhpLIE","HRN-BLT-CJ","HRN-BLT-CJ","HRN-BLT-CJ","Q4TURfGu3qJ","Belet Weyne",4.40359637203799,45.164286115094
"pSByrzjXnNO","HRN-BLT-CK","HRN-BLT-CK","HRN-BLT-CK","Q4TURfGu3qJ","Belet Weyne",4.23114814642034,45.1702503683162
"ogFJTU15cC0","HRN-BLT-CL","HRN-BLT-CL","HRN-BLT-CL","Q4TURfGu3qJ","Belet Weyne",4.71556949660839,44.6711469722676
"Y4k4gmsPEcc","HRN-BLT-D","HRN-BLT-D","HRN-BLT-D","Q4TURfGu3qJ","Belet Weyne",4.5778274792947,45.0503918000235
"bS34jxEad0t","HRN-BLT-E","HRN-BLT-E","HRN-BLT-E","Q4TURfGu3qJ","Belet Weyne",4.93607789676514,45.064652511573
"fwkLo8mO4A5","HRN-BLT-F","HRN-BLT-F","HRN-BLT-F","Q4TURfGu3qJ","Belet Weyne",4.39589277986457,45.1535226304354
"k84Dqc47tHW","HRN-BLT-G","HRN-BLT-G","HRN-BLT-G","Q4TURfGu3qJ","Belet Weyne",4.51380570052422,45.3278495278283
"GrCZGJG6a8p","HRN-BLT-H","HRN-BLT-H","HRN-BLT-H","Q4TURfGu3qJ","Belet Weyne",4.56936825876341,44.7593840300341
"FUKMptBeIle","HRN-BLT-I","HRN-BLT-I","HRN-BLT-I","Q4TURfGu3qJ","Belet Weyne",4.27954928325994,44.9209043622069
"sG9QNr0u6Mk","HRN-BLT-J","HRN-BLT-J","HRN-BLT-J","Q4TURfGu3qJ","Belet Weyne",4.90404706010484,45.0641994725802
"LBccyFytuPQ","HRN-BLT-K","HRN-BLT-K","HRN-BLT-K","Q4TURfGu3qJ","Belet Weyne",4.84914508841611,45.222778086003
"z8We5SrWNga","HRN-BLT-L","HRN-BLT-L","HRN-BLT-L","Q4TURfGu3qJ","Belet Weyne",4.75562517855822,45.4957130352855
"Ddnx5pcKtow","HRN-BLT-M","HRN-BLT-M","HRN-BLT-M","Q4TURfGu3qJ","Belet Weyne",4.24572156553972,45.2864029927614
"VSrwlqt0Qy9","HRN-BLT-N","HRN-BLT-N","HRN-BLT-N","Q4TURfGu3qJ","Belet Weyne",4.62509207958426,44.9933794264457
"VPbA1MBZMAA","HRN-BLT-O","HRN-BLT-O","HRN-BLT-O","Q4TURfGu3qJ","Belet Weyne",4.6199059414595,45.3656217931748
"XSk00Jagohg","HRN-BLT-P","HRN-BLT-P","HRN-BLT-P","Q4TURfGu3qJ","Belet Weyne",5.00522595747054,45.1181952630004
"Oj7CWT7mZcK","HRN-BLT-Q","HRN-BLT-Q","HRN-BLT-Q","Q4TURfGu3qJ","Belet Weyne",4.45694801242026,44.6971834799214
"dUVRryCOq9b","HRN-BLT-R","HRN-BLT-R","HRN-BLT-R","Q4TURfGu3qJ","Belet Weyne",4.42007800105789,45.4251145592409
"tTnVriwFOLb","HRN-BLT-S","HRN-BLT-S","HRN-BLT-S","Q4TURfGu3qJ","Belet Weyne",4.87550716094055,44.7559100747293
"S3X2Fg2Ta6w","HRN-BLT-T","HRN-BLT-T","HRN-BLT-T","Q4TURfGu3qJ","Belet Weyne",4.8504563563794,44.6062346880882
"ifvM6olafc0","HRN-BLT-U","HRN-BLT-U","HRN-BLT-U","Q4TURfGu3qJ","Belet Weyne",4.96582745003689,45.3579142878085
"xQLVKL20gYs","HRN-BLT-V","HRN-BLT-V","HRN-BLT-V","Q4TURfGu3qJ","Belet Weyne",4.45629454956253,45.3179588550254
"Cyhj0yg3BVs","HRN-BLT-W","HRN-BLT-W","HRN-BLT-W","Q4TURfGu3qJ","Belet Weyne",4.67384425143113,45.0970521178928
"o8OLaFkpOA0","HRN-BLT-X","HRN-BLT-X","HRN-BLT-X","Q4TURfGu3qJ","Belet Weyne",4.65607190538513,45.0893594486908
"eZZzFq6bFJf","HRN-BLT-Y","HRN-BLT-Y","HRN-BLT-Y","Q4TURfGu3qJ","Belet Weyne",4.24237214688347,44.8974960936103
"yoVFOpDSoIM","HRN-BLT-Z","HRN-BLT-Z","HRN-BLT-Z","Q4TURfGu3qJ","Belet Weyne",4.39113779128489,44.7655789152773
"pvsq3Qg1P9U","BKL-RBD-A","BKL-RBD-A","BKL-RBD-A","Q8u84jVhhIo","Rabdure",4.56125105481244,43.1068543610563
"vg7ZtAR9TOb","BKL-RBD-B","BKL-RBD-B","BKL-RBD-B","Q8u84jVhhIo","Rabdure",4.35912584409345,43.1672888053671
"NucxUbf00vS","BKL-RBD-C","BKL-RBD-C","BKL-RBD-C","Q8u84jVhhIo","Rabdure",4.12090104050404,43.1874899245284
"AFlB5mLjQuq","BKL-RBD-D","BKL-RBD-D","BKL-RBD-D","Q8u84jVhhIo","Rabdure",4.42479743767616,43.1134535621949
"wRGlEwX9ZPc","BKL-RBD-E","BKL-RBD-E","BKL-RBD-E","Q8u84jVhhIo","Rabdure",4.17875998717939,43.4118079248086
"rfsKliAe8JL","BKL-RBD-F","BKL-RBD-F","BKL-RBD-F","Q8u84jVhhIo","Rabdure",4.35404026647572,43.2319625100579
"oVaaA6oppNi","BKL-RBD-G","BKL-RBD-G","BKL-RBD-G","Q8u84jVhhIo","Rabdure",4.24397138006142,43.0198342296829
"tXYnQ3vkKHd","BKL-RBD-H","BKL-RBD-H","BKL-RBD-H","Q8u84jVhhIo","Rabdure",4.52932498901753,43.020993432887
"TVmGu1um3ph","BKL-RBD-I","BKL-RBD-I","BKL-RBD-I","Q8u84jVhhIo","Rabdure",4.10390873387673,43.3879509183476
"kyBF6lVU8Pq","BKL-RBD-J","BKL-RBD-J","BKL-RBD-J","Q8u84jVhhIo","Rabdure",4.42638871068334,43.172929219266
"ttwntWt6jke","BKL-RBD-K","BKL-RBD-K","BKL-RBD-K","Q8u84jVhhIo","Rabdure",4.34547958365739,43.3594313896907
"ntgemUSBF9W","BKL-RBD-L","BKL-RBD-L","BKL-RBD-L","Q8u84jVhhIo","Rabdure",4.14001149043591,43.3330704680204
"oXY6fHUNiiT","BKL-RBD-M","BKL-RBD-M","BKL-RBD-M","Q8u84jVhhIo","Rabdure",4.14361092710765,42.9879548175302
"Zg5fRSLxGfB","BKL-RBD-N","BKL-RBD-N","BKL-RBD-N","Q8u84jVhhIo","Rabdure",4.50993062545348,43.0239680173381
"OomY7WK3w5V","BKL-RBD-O","BKL-RBD-O","BKL-RBD-O","Q8u84jVhhIo","Rabdure",4.25155788917237,43.1995961640878
"XlLkMd1UG7w","BKL-RBD-P","BKL-RBD-P","BKL-RBD-P","Q8u84jVhhIo","Rabdure",4.27372087056073,43.2237737853568
"UYg3asDIqa6","BKL-RBD-Q","BKL-RBD-Q","BKL-RBD-Q","Q8u84jVhhIo","Rabdure",4.16840021586525,42.9933935991304
"xfszNmYtboj","BKL-RBD-R","BKL-RBD-R","BKL-RBD-R","Q8u84jVhhIo","Rabdure",4.44109800553747,43.184321698137
"oqKpMsSZj2I","BKL-RBD-S","BKL-RBD-S","BKL-RBD-S","Q8u84jVhhIo","Rabdure",4.45925880316092,43.2677179614436
"BIDRb01HVeQ","BKL-RBD-T","BKL-RBD-T","BKL-RBD-T","Q8u84jVhhIo","Rabdure",4.48947168206171,43.1884835386209
"i8g5JWhPG0O","BKL-RBD-U","BKL-RBD-U","BKL-RBD-U","Q8u84jVhhIo","Rabdure",4.25705311151304,43.0614034961636
"pKWzROxsPju","BKL-RBD-V","BKL-RBD-V","BKL-RBD-V","Q8u84jVhhIo","Rabdure",4.2572452735044,43.0182396419257
"JsOVmwQUf24","BKL-RBD-W","BKL-RBD-W","BKL-RBD-W","Q8u84jVhhIo","Rabdure",4.24812699193073,43.4417686388889
"r93MOMvZ3Im","BAN-HWD-A","BAN-HWD-A","BAN-HWD-A","QTQYUfXvclX","Hawal Wadag",2.04478749803864,45.3277150601419
"kPoe8dbzoNB","BAN-HWD-B","BAN-HWD-B","BAN-HWD-B","QTQYUfXvclX","Hawal Wadag",2.05133123707286,45.3184304405252
"xksHHQnQfZa","BAN-HWD-C","BAN-HWD-C","BAN-HWD-C","QTQYUfXvclX","Hawal Wadag",2.06102109128429,45.3151664005678
"TRQThc4ikr1","BAN-HWD-D","BAN-HWD-D","BAN-HWD-D","QTQYUfXvclX","Hawal Wadag",2.06435791927112,45.3207717337159
"tIPMLjk1W47","BAN-HWD-E","BAN-HWD-E","BAN-HWD-E","QTQYUfXvclX","Hawal Wadag",2.04217713291098,45.3229120715287
"x4Yq2HiXLHr","BAN-HWD-F","BAN-HWD-F","BAN-HWD-F","QTQYUfXvclX","Hawal Wadag",2.04430069134579,45.3209118446814
"e3PqYB7i04P","BAN-HWD-G","BAN-HWD-G","BAN-HWD-G","QTQYUfXvclX","Hawal Wadag",2.05670058764144,45.3204796988805
"R6I6mnxZDaQ","BAN-HWD-H","BAN-HWD-H","BAN-HWD-H","QTQYUfXvclX","Hawal Wadag",2.04495223099204,45.3255647908776
"fsoDpK6tUhx","BAN-HWD-I","BAN-HWD-I","BAN-HWD-I","QTQYUfXvclX","Hawal Wadag",2.05328285304002,45.3195984005051
"Mf7IiekFr6i","BAN-HWD-J","BAN-HWD-J","BAN-HWD-J","QTQYUfXvclX","Hawal Wadag",2.04271196858845,45.3279842015948
"ndbINGZ7L5s","BAN-HWD-K","BAN-HWD-K","BAN-HWD-K","QTQYUfXvclX","Hawal Wadag",2.04515934427343,45.3203923686473
"Zpv3niiv2rj","GDD-GHR-A","GDD-GHR-A","GDD-GHR-A","Qi3m0VUQ4KW","Galhareeri",4.23916121359396,47.248442368235
"GgFEOo2ClcQ","GDD-GHR-B","GDD-GHR-B","GDD-GHR-B","Qi3m0VUQ4KW","Galhareeri",4.18398455722142,47.1776377756989
"ycw6Mn0dnlg","GDD-GHR-C","GDD-GHR-C","GDD-GHR-C","Qi3m0VUQ4KW","Galhareeri",4.27492287862826,47.0779726583768
"yUF9vvGYtCE","GDD-GHR-D","GDD-GHR-D","GDD-GHR-D","Qi3m0VUQ4KW","Galhareeri",4.56388090056054,47.5116645268048
"WLcZRNQEsTt","GDD-GHR-E","GDD-GHR-E","GDD-GHR-E","Qi3m0VUQ4KW","Galhareeri",4.65949030690068,47.0776897158271
"zQYrJZSezC2","GDD-GHR-F","GDD-GHR-F","GDD-GHR-F","Qi3m0VUQ4KW","Galhareeri",4.31169593795522,47.3992030771782
"iS4LfIOXgxp","GDD-GHR-G","GDD-GHR-G","GDD-GHR-G","Qi3m0VUQ4KW","Galhareeri",4.490710535162,47.206126187632
"XWRTrkRxYLU","GDD-GHR-H","GDD-GHR-H","GDD-GHR-H","Qi3m0VUQ4KW","Galhareeri",4.42234967198865,47.1364329989807
"WW55lRx1f6Q","GDD-GHR-I","GDD-GHR-I","GDD-GHR-I","Qi3m0VUQ4KW","Galhareeri",4.50219763594888,47.4168779540021
"J6K7onCr7R8","GDD-GHR-J","GDD-GHR-J","GDD-GHR-J","Qi3m0VUQ4KW","Galhareeri",4.37502383751585,47.3308164792934
"AEYXp4c4AbW","GDD-GHR-K","GDD-GHR-K","GDD-GHR-K","Qi3m0VUQ4KW","Galhareeri",4.41252110871316,47.2904931855511
"Py1wTPlfx9s","GDD-GHR-L","GDD-GHR-L","GDD-GHR-L","Qi3m0VUQ4KW","Galhareeri",4.46820591731364,47.0853414104162
"F42vyBz7Hh2","GDD-GHR-M","GDD-GHR-M","GDD-GHR-M","Qi3m0VUQ4KW","Galhareeri",4.26474600240227,46.9820781673926
"HxGztBQTecS","GDD-GHR-N","GDD-GHR-N","GDD-GHR-N","Qi3m0VUQ4KW","Galhareeri",4.40311980658927,46.8489147548203
"m45PGclG1ga","GGD-GHR-A","GGD-GHR-A","GGD-GHR-A","Qi3m0VUQ4KW","Galhareeri",4.43241884212274,47.4987174653785
"GnYJBIIlDCB","GGD-GHR-B","GGD-GHR-B","GGD-GHR-B","Qi3m0VUQ4KW","Galhareeri",4.54456019521188,47.2715018647224
"KO9aQgGiXIT","GGD-GHR-C","GGD-GHR-C","GGD-GHR-C","Qi3m0VUQ4KW","Galhareeri",4.45915884794908,47.0184469397255
"GdlAvFVCmzL","GGD-GHR-D","GGD-GHR-D","GGD-GHR-D","Qi3m0VUQ4KW","Galhareeri",4.70965562370562,47.518937640441
"WYMfnoOlK49","GGD-GHR-E","GGD-GHR-E","GGD-GHR-E","Qi3m0VUQ4KW","Galhareeri",4.52829899704405,47.1476541901527
"uc25RqHm1oZ","GGD-GHR-F","GGD-GHR-F","GGD-GHR-F","Qi3m0VUQ4KW","Galhareeri",4.57795860894694,47.511952215537
"DCiDYPPquvY","GGD-GHR-G","GGD-GHR-G","GGD-GHR-G","Qi3m0VUQ4KW","Galhareeri",4.64142209427724,47.306492019764
"hJxd10bQFVl","GGD-GHR-H","GGD-GHR-H","GGD-GHR-H","Qi3m0VUQ4KW","Galhareeri",4.55592331821298,47.0312674581026
"jnqC9vm71lR","GGD-GHR-I","GGD-GHR-I","GGD-GHR-I","Qi3m0VUQ4KW","Galhareeri",4.33558507499903,46.8893257852531
"eqmcDe35Y5R","GGD-GHR-J","GGD-GHR-J","GGD-GHR-J","Qi3m0VUQ4KW","Galhareeri",4.54736210083895,47.4799237259089
"QH0XzcHzJaJ","GGD-GHR-K","GGD-GHR-K","GGD-GHR-K","Qi3m0VUQ4KW","Galhareeri",4.44187804554136,46.9255580928843
"TEawEL1yilb","GGD-GHR-L","GGD-GHR-L","GGD-GHR-L","Qi3m0VUQ4KW","Galhareeri",4.5373313265959,47.0098488288397
"ubaYxGH2w4C","GGD-GHR-M","GGD-GHR-M","GGD-GHR-M","Qi3m0VUQ4KW","Galhareeri",4.50605627800073,47.0972351364457
"zgk5erOilPP","GGD-GHR-N","GGD-GHR-N","GGD-GHR-N","Qi3m0VUQ4KW","Galhareeri",4.2959450830431,46.9068499628688
"LL6iPeeD1ad","LJB-JME-A","LJB-JME-A","LJB-JME-A","Rb1H8UQs49v","Jamaame East",0.0163514752897585,42.8787538297041
"FXVNwIE1b59","LJB-JME-B","LJB-JME-B","LJB-JME-B","Rb1H8UQs49v","Jamaame East",0.235526146935878,42.9088477446153
"HT1TuHbZS3G","LJB-JME-C","LJB-JME-C","LJB-JME-C","Rb1H8UQs49v","Jamaame East",0.0440216938540575,42.8876241052984
"c18uvhHfA57","LJB-JME-D","LJB-JME-D","LJB-JME-D","Rb1H8UQs49v","Jamaame East",0.146505138933004,42.9144538561238
"vorIwhz2df6","LJB-JME-E","LJB-JME-E","LJB-JME-E","Rb1H8UQs49v","Jamaame East",0.218002693797772,42.874412805501
"i4oUwZauA22","LJB-JME-F","LJB-JME-F","LJB-JME-F","Rb1H8UQs49v","Jamaame East",0.135611985897801,42.8447935371461
"IWDFlbiyfYD","LJB-JME-G","LJB-JME-G","LJB-JME-G","Rb1H8UQs49v","Jamaame East",0.146518044629859,42.8806153935142
"Mi2BrUFNl19","LJB-JME-H","LJB-JME-H","LJB-JME-H","Rb1H8UQs49v","Jamaame East",0.0466820119145019,42.8770279591612
"cdxJKmbOppu","LJB-JME-I","LJB-JME-I","LJB-JME-I","Rb1H8UQs49v","Jamaame East",0.0753085089726123,42.8563240527594
"FEvgsiXmFd6","LJB-JME-J","LJB-JME-J","LJB-JME-J","Rb1H8UQs49v","Jamaame East",0.291310000094879,43.0369772647122
"wj3kxLr40Wn","LJB-JME-K","LJB-JME-K","LJB-JME-K","Rb1H8UQs49v","Jamaame East",0.240980533824231,42.9716013799736
"X6NQUkGehOU","LJB-JME-L","LJB-JME-L","LJB-JME-L","Rb1H8UQs49v","Jamaame East",0.18939867370623,42.8153258430272
"c3jaK1c11wr","LJB-JME-M","LJB-JME-M","LJB-JME-M","Rb1H8UQs49v","Jamaame East",0.240733837671221,42.7957566676707
"Zo8qYaz0beo","LJB-JME-N","LJB-JME-N","LJB-JME-N","Rb1H8UQs49v","Jamaame East",0.0474685988810814,42.8972106833084
"QY5uaCGBMme","LJB-JME-O","LJB-JME-O","LJB-JME-O","Rb1H8UQs49v","Jamaame East",0.304060138425832,43.0541909212612
"IqSdGuQdPpH","LJB-JME-P","LJB-JME-P","LJB-JME-P","Rb1H8UQs49v","Jamaame East",0.21936044509989,42.8632917478741
"aEO9F9GevBG","LJB-JME-Q","LJB-JME-Q","LJB-JME-Q","Rb1H8UQs49v","Jamaame East",0.234097062484139,42.8471155914726
"TtNeiANQh8g","LJB-JME-R","LJB-JME-R","LJB-JME-R","Rb1H8UQs49v","Jamaame East",0.0452273295882387,42.9261483507277
"WT8sEC2Tlsl","LJB-JME-S","LJB-JME-S","LJB-JME-S","Rb1H8UQs49v","Jamaame East",0.0955448019268146,42.976490613312
"cuRLKxpgeIb","LSH-QRO-A","LSH-QRO-A","LSH-QRO-A","Rprk26PfwkQ","Qoryoley",1.91213564508583,44.287433352742
"oO6dfehEcwt","LSH-QRO-AA","LSH-QRO-AA","LSH-QRO-AA","Rprk26PfwkQ","Qoryoley",1.9209310507061,44.5796091063214
"q5oRKzdYPEP","LSH-QRO-AB","LSH-QRO-AB","LSH-QRO-AB","Rprk26PfwkQ","Qoryoley",1.87720094648523,44.613274430402
"oyfWaMAorDW","LSH-QRO-AC","LSH-QRO-AC","LSH-QRO-AC","Rprk26PfwkQ","Qoryoley",2.01332054863135,44.3057498271255
"DMFMqCaXn1v","LSH-QRO-AD","LSH-QRO-AD","LSH-QRO-AD","Rprk26PfwkQ","Qoryoley",1.75779409313354,44.4984647783107
"gemrnxi1AGy","LSH-QRO-AE","LSH-QRO-AE","LSH-QRO-AE","Rprk26PfwkQ","Qoryoley",1.86060932736043,44.3738471886766
"Y2IX3ImFrOi","LSH-QRO-AF","LSH-QRO-AF","LSH-QRO-AF","Rprk26PfwkQ","Qoryoley",1.87568142726387,44.1979404782197
"DIGXqzBY8Kb","LSH-QRO-AG","LSH-QRO-AG","LSH-QRO-AG","Rprk26PfwkQ","Qoryoley",1.7827142292545,44.241876995657
"Lr926KUXx9W","LSH-QRO-AH","LSH-QRO-AH","LSH-QRO-AH","Rprk26PfwkQ","Qoryoley",1.88132585980104,44.2721543577281
"IZvFAFKRsBJ","LSH-QRO-AI","LSH-QRO-AI","LSH-QRO-AI","Rprk26PfwkQ","Qoryoley",1.77405459005834,44.1992186722749
"JiaPaR4Ur9L","LSH-QRO-AJ","LSH-QRO-AJ","LSH-QRO-AJ","Rprk26PfwkQ","Qoryoley",1.99353147854644,44.2713348809982
"wm5pPdAKsN6","LSH-QRO-AK","LSH-QRO-AK","LSH-QRO-AK","Rprk26PfwkQ","Qoryoley",1.91577662176754,44.1863555079636
"TOMWcmos6gL","LSH-QRO-AL","LSH-QRO-AL","LSH-QRO-AL","Rprk26PfwkQ","Qoryoley",1.80509652624504,44.1129428549261
"PFfb8nr6DNW","LSH-QRO-AM","LSH-QRO-AM","LSH-QRO-AM","Rprk26PfwkQ","Qoryoley",1.88776354641306,43.9067480644457
"Cu2Zpqrqm2d","LSH-QRO-AN","LSH-QRO-AN","LSH-QRO-AN","Rprk26PfwkQ","Qoryoley",2.04896251770015,44.2696528322589
"sgq0CjT0NPx","LSH-QRO-AO","LSH-QRO-AO","LSH-QRO-AO","Rprk26PfwkQ","Qoryoley",1.9550077927444,44.4942181283261
"GhIf2EKz2ga","LSH-QRO-AP","LSH-QRO-AP","LSH-QRO-AP","Rprk26PfwkQ","Qoryoley",1.94041344846446,44.4800660350454
"hU4vwqSKlF2","LSH-QRO-AQ","LSH-QRO-AQ","LSH-QRO-AQ","Rprk26PfwkQ","Qoryoley",1.84147301244691,44.0789750105785
"Nap7oTl7pVT","LSH-QRO-AR","LSH-QRO-AR","LSH-QRO-AR","Rprk26PfwkQ","Qoryoley",1.87539335819629,43.9324392625539
"ZJVsezvmszF","LSH-QRO-AS","LSH-QRO-AS","LSH-QRO-AS","Rprk26PfwkQ","Qoryoley",1.85956216736689,43.9688142098662
"lS7nHwGH9Vg","LSH-QRO-AT","LSH-QRO-AT","LSH-QRO-AT","Rprk26PfwkQ","Qoryoley",2.03892298773819,44.3732805786705
"T4bWfJDh71S","LSH-QRO-AU","LSH-QRO-AU","LSH-QRO-AU","Rprk26PfwkQ","Qoryoley",1.8478005277045,44.3285089290144
"ot15BNCIxGT","LSH-QRO-AV","LSH-QRO-AV","LSH-QRO-AV","Rprk26PfwkQ","Qoryoley",1.98722993187497,44.14285626002
"QOoWQnaJW9K","LSH-QRO-AW","LSH-QRO-AW","LSH-QRO-AW","Rprk26PfwkQ","Qoryoley",2.05182527008082,44.3509078889132
"cvdKoXgXhSr","LSH-QRO-AX","LSH-QRO-AX","LSH-QRO-AX","Rprk26PfwkQ","Qoryoley",1.78261611018151,44.5901702782065
"qzNbbg4WfpW","LSH-QRO-AY","LSH-QRO-AY","LSH-QRO-AY","Rprk26PfwkQ","Qoryoley",1.96914932799435,44.1032018605095
"apfVtA1dBVU","LSH-QRO-AZ","LSH-QRO-AZ","LSH-QRO-AZ","Rprk26PfwkQ","Qoryoley",1.74276073531193,44.417334562517
"dnPwnJxZcJb","LSH-QRO-B","LSH-QRO-B","LSH-QRO-B","Rprk26PfwkQ","Qoryoley",1.77531433277476,44.3894976347822
"CBB556P4sjL","LSH-QRO-BA","LSH-QRO-BA","LSH-QRO-BA","Rprk26PfwkQ","Qoryoley",1.81924659192402,44.36287583208
"ulLTnd4ZKP3","LSH-QRO-BB","LSH-QRO-BB","LSH-QRO-BB","Rprk26PfwkQ","Qoryoley",1.90610272944751,44.5140702257933
"f7P287tJw3B","LSH-QRO-C","LSH-QRO-C","LSH-QRO-C","Rprk26PfwkQ","Qoryoley",1.82489826527918,44.1944833402361
"mn5hbO972bb","LSH-QRO-D","LSH-QRO-D","LSH-QRO-D","Rprk26PfwkQ","Qoryoley",1.95860579782913,44.6154609086555
"YAw660JluBn","LSH-QRO-E","LSH-QRO-E","LSH-QRO-E","Rprk26PfwkQ","Qoryoley",1.95255172846243,44.5274850636843
"JPymR4IkYo5","LSH-QRO-F","LSH-QRO-F","LSH-QRO-F","Rprk26PfwkQ","Qoryoley",1.81099154226212,44.4325511991206
"PUcOTe5OSwP","LSH-QRO-G","LSH-QRO-G","LSH-QRO-G","Rprk26PfwkQ","Qoryoley",2.00641788255682,44.1698130207191
"RSbFP0W63Mb","LSH-QRO-H","LSH-QRO-H","LSH-QRO-H","Rprk26PfwkQ","Qoryoley",2.00871948635712,44.4644939357489
"Wix2m4iiCFV","LSH-QRO-I","LSH-QRO-I","LSH-QRO-I","Rprk26PfwkQ","Qoryoley",1.96374885907699,44.116218057211
"MO9RSzbfiXU","LSH-QRO-J","LSH-QRO-J","LSH-QRO-J","Rprk26PfwkQ","Qoryoley",1.80621382931492,44.1244920371376
"qed50sdTnaX","LSH-QRO-K","LSH-QRO-K","LSH-QRO-K","Rprk26PfwkQ","Qoryoley",1.93645133029861,44.0773703437688
"u3tFMprIB7Z","LSH-QRO-L","LSH-QRO-L","LSH-QRO-L","Rprk26PfwkQ","Qoryoley",1.8108159562511,44.2034650761151
"Hh1rLVlQIGh","LSH-QRO-M","LSH-QRO-M","LSH-QRO-M","Rprk26PfwkQ","Qoryoley",2.02458241865296,44.3727156846224
"hsNUvgWK2RM","LSH-QRO-N","LSH-QRO-N","LSH-QRO-N","Rprk26PfwkQ","Qoryoley",1.85871130441015,44.2315685940668
"xnnqLyNqqFF","LSH-QRO-O","LSH-QRO-O","LSH-QRO-O","Rprk26PfwkQ","Qoryoley",1.96375049478017,44.1944497177781
"KVotZsJHA7p","LSH-QRO-P","LSH-QRO-P","LSH-QRO-P","Rprk26PfwkQ","Qoryoley",1.90286589397649,44.4773125021062
"udykjCdTYW6","LSH-QRO-Q","LSH-QRO-Q","LSH-QRO-Q","Rprk26PfwkQ","Qoryoley",1.67157405106964,44.4992411399129
"TIKwbGU1h71","LSH-QRO-R","LSH-QRO-R","LSH-QRO-R","Rprk26PfwkQ","Qoryoley",1.90240694785634,44.4986480543638
"RL5dWHhoiRu","LSH-QRO-S","LSH-QRO-S","LSH-QRO-S","Rprk26PfwkQ","Qoryoley",1.79101137189103,44.2506687722567
"oePg9Z2drJX","LSH-QRO-T","LSH-QRO-T","LSH-QRO-T","Rprk26PfwkQ","Qoryoley",1.91990885573657,44.5422736568266
"P3grqEZl1em","LSH-QRO-U","LSH-QRO-U","LSH-QRO-U","Rprk26PfwkQ","Qoryoley",1.85946226711069,44.4082559016611
"YTS3YamXW8u","LSH-QRO-V","LSH-QRO-V","LSH-QRO-V","Rprk26PfwkQ","Qoryoley",2.02118812496499,44.3881047884294
"FfLgBymL3X0","LSH-QRO-W","LSH-QRO-W","LSH-QRO-W","Rprk26PfwkQ","Qoryoley",1.81787599781523,44.230498162832
"Icj5SYinBB6","LSH-QRO-X","LSH-QRO-X","LSH-QRO-X","Rprk26PfwkQ","Qoryoley",1.84195253254007,44.1600581890045
"sAlAPbxCCNd","LSH-QRO-Y","LSH-QRO-Y","LSH-QRO-Y","Rprk26PfwkQ","Qoryoley",1.86480252143014,44.4094777767675
"Cu1VENQQZ6a","LSH-QRO-Z","LSH-QRO-Z","LSH-QRO-Z","Rprk26PfwkQ","Qoryoley",1.81033389331397,44.0803035675816
"Z4sgzIHoAfV","NUG-EIL-A","NUG-EIL-A","NUG-EIL-A","ScMSoaWCuqx","Eyl",7.56897786628645,49.458917104314
"eWpW6SzEhUS","NUG-EIL-B","NUG-EIL-B","NUG-EIL-B","ScMSoaWCuqx","Eyl",8.27155218524489,49.7147759370917
"YemC1ow6TlR","NUG-EIL-C","NUG-EIL-C","NUG-EIL-C","ScMSoaWCuqx","Eyl",7.72409193113359,49.4560589156913
"AYlbVj6GNYW","NUG-EIL-D","NUG-EIL-D","NUG-EIL-D","ScMSoaWCuqx","Eyl",8.5480516042385,49.6883331184015
"SE1pcYMyiva","NUG-EIL-E","NUG-EIL-E","NUG-EIL-E","ScMSoaWCuqx","Eyl",8.34435209763003,49.6511209202139
"MJHiLLS4mbm","NUG-EIL-F","NUG-EIL-F","NUG-EIL-F","ScMSoaWCuqx","Eyl",7.74812348737458,49.2949975558558
"e6iKWoOKF0N","NUG-EIL-G","NUG-EIL-G","NUG-EIL-G","ScMSoaWCuqx","Eyl",8.3511645358171,49.5886438968558
"DYDtuwnDfFO","NUG-EIL-H","NUG-EIL-H","NUG-EIL-H","ScMSoaWCuqx","Eyl",7.80834594873762,49.4083125924106
"OpUiQotOd8Z","NUG-EIL-I","NUG-EIL-I","NUG-EIL-I","ScMSoaWCuqx","Eyl",8.04484886359916,49.5437082839971
"xH5YxNagNWM","NUG-EIL-J","NUG-EIL-J","NUG-EIL-J","ScMSoaWCuqx","Eyl",7.86989929121013,49.684184900094
"vRpHLVuGLWE","NUG-EIL-K","NUG-EIL-K","NUG-EIL-K","ScMSoaWCuqx","Eyl",7.55770039434466,49.321271191826
"D00azprS7m7","NUG-EIL-L","NUG-EIL-L","NUG-EIL-L","ScMSoaWCuqx","Eyl",7.53305716796563,49.6228978341397
"DrBxeiWa5F1","HRN-BBT-A","HRN-BBT-A","HRN-BBT-A","TMA9vIa7S2J","Bulo Burti",4.19492602429326,45.576053083221
"d9P4jb1ovzh","HRN-BBT-AA","HRN-BBT-AA","HRN-BBT-AA","TMA9vIa7S2J","Bulo Burti",4.2666399885113,45.5852201617589
"YONG2ySBWf4","HRN-BBT-AB","HRN-BBT-AB","HRN-BBT-AB","TMA9vIa7S2J","Bulo Burti",3.64122501545129,45.465214427965
"DuCvEDZVPuJ","HRN-BBT-AC","HRN-BBT-AC","HRN-BBT-AC","TMA9vIa7S2J","Bulo Burti",4.05111457074823,45.5940552245922
"dlTohkTT7wv","HRN-BBT-AD","HRN-BBT-AD","HRN-BBT-AD","TMA9vIa7S2J","Bulo Burti",3.27588244063257,45.0184193948579
"pEqR2PiExB6","HRN-BBT-AE","HRN-BBT-AE","HRN-BBT-AE","TMA9vIa7S2J","Bulo Burti",3.39423221602264,44.7893399157115
"yfGE0zDzBOW","HRN-BBT-AF","HRN-BBT-AF","HRN-BBT-AF","TMA9vIa7S2J","Bulo Burti",4.14464412719411,45.4484240599746
"cuBVskTe9tG","HRN-BBT-AG","HRN-BBT-AG","HRN-BBT-AG","TMA9vIa7S2J","Bulo Burti",3.99159337399085,45.2534427586904
"QNo8Oedz328","HRN-BBT-AH","HRN-BBT-AH","HRN-BBT-AH","TMA9vIa7S2J","Bulo Burti",3.41830667012469,45.0348980266015
"Sl2vIFPb447","HRN-BBT-AI","HRN-BBT-AI","HRN-BBT-AI","TMA9vIa7S2J","Bulo Burti",3.76607232389324,45.4488217366212
"FnOdEQuXMWu","HRN-BBT-AJ","HRN-BBT-AJ","HRN-BBT-AJ","TMA9vIa7S2J","Bulo Burti",3.85314282902929,45.0349186417581
"ojElkuwePmZ","HRN-BBT-AK","HRN-BBT-AK","HRN-BBT-AK","TMA9vIa7S2J","Bulo Burti",3.96521883645449,45.701789156788
"zz9HhwfLW43","HRN-BBT-AL","HRN-BBT-AL","HRN-BBT-AL","TMA9vIa7S2J","Bulo Burti",3.94925619308315,45.5305976823728
"SSNLvvoHWgO","HRN-BBT-AM","HRN-BBT-AM","HRN-BBT-AM","TMA9vIa7S2J","Bulo Burti",3.80371135318558,45.4397160124506
"ZFcmSrszBJQ","HRN-BBT-AN","HRN-BBT-AN","HRN-BBT-AN","TMA9vIa7S2J","Bulo Burti",4.33848107912036,45.4302519724836
"xyzNeAmpo5h","HRN-BBT-AO","HRN-BBT-AO","HRN-BBT-AO","TMA9vIa7S2J","Bulo Burti",3.75492457729715,45.3581331667178
"A9lMYClmJxa","HRN-BBT-B","HRN-BBT-B","HRN-BBT-B","TMA9vIa7S2J","Bulo Burti",4.27416404012261,45.5893515368949
"Zd7AOxcoyaP","HRN-BBT-C","HRN-BBT-C","HRN-BBT-C","TMA9vIa7S2J","Bulo Burti",3.92765999687152,44.8727753149734
"ihj4tbHZoe3","HRN-BBT-D","HRN-BBT-D","HRN-BBT-D","TMA9vIa7S2J","Bulo Burti",3.64445737547969,45.2228486227468
"OIwCPs6mU7h","HRN-BBT-E","HRN-BBT-E","HRN-BBT-E","TMA9vIa7S2J","Bulo Burti",3.66173462177658,45.1519782944891
"heKVjqvZBR6","HRN-BBT-F","HRN-BBT-F","HRN-BBT-F","TMA9vIa7S2J","Bulo Burti",3.90433120618435,45.5196958758763
"HTVSLWI8bFD","HRN-BBT-G","HRN-BBT-G","HRN-BBT-G","TMA9vIa7S2J","Bulo Burti",4.23091676426392,45.496583602441
"cq86cCnjTwd","HRN-BBT-H","HRN-BBT-H","HRN-BBT-H","TMA9vIa7S2J","Bulo Burti",3.99191095146952,45.5879989363597
"TOxeE5Xgycn","HRN-BBT-I","HRN-BBT-I","HRN-BBT-I","TMA9vIa7S2J","Bulo Burti",3.96343052657275,45.2849142625597
"qcopoWPtz16","HRN-BBT-J","HRN-BBT-J","HRN-BBT-J","TMA9vIa7S2J","Bulo Burti",3.85421301295749,44.9589074041191
"Xo36KuEVqX1","HRN-BBT-K","HRN-BBT-K","HRN-BBT-K","TMA9vIa7S2J","Bulo Burti",3.88364920040924,44.8555549516469
"Whb4MEXbuMk","HRN-BBT-L","HRN-BBT-L","HRN-BBT-L","TMA9vIa7S2J","Bulo Burti",3.92852672035073,45.2773992659681
"HAhxHW78Cee","HRN-BBT-M","HRN-BBT-M","HRN-BBT-M","TMA9vIa7S2J","Bulo Burti",3.71351006299424,45.4613399101611
"U5OxsUbe46o","HRN-BBT-N","HRN-BBT-N","HRN-BBT-N","TMA9vIa7S2J","Bulo Burti",3.81466767360842,44.9614313273245
"HfxslpnxR0D","HRN-BBT-O","HRN-BBT-O","HRN-BBT-O","TMA9vIa7S2J","Bulo Burti",3.98795765438987,45.2309329601666
"vvaz20Jjsh8","HRN-BBT-P","HRN-BBT-P","HRN-BBT-P","TMA9vIa7S2J","Bulo Burti",3.73933792459986,45.3749892115519
"ollhVpmc1C3","HRN-BBT-Q","HRN-BBT-Q","HRN-BBT-Q","TMA9vIa7S2J","Bulo Burti",4.08235965568812,45.5674656296887
"G0fFE2x0QpN","HRN-BBT-R","HRN-BBT-R","HRN-BBT-R","TMA9vIa7S2J","Bulo Burti",3.62481777054112,44.9353812747888
"igJ9t0PYeuI","HRN-BBT-S","HRN-BBT-S","HRN-BBT-S","TMA9vIa7S2J","Bulo Burti",4.4156725800161,45.6645635686888
"NzGBqoUIcfi","HRN-BBT-T","HRN-BBT-T","HRN-BBT-T","TMA9vIa7S2J","Bulo Burti",3.45166958199801,44.9952266822689
"aDAMdiqnwC5","HRN-BBT-U","HRN-BBT-U","HRN-BBT-U","TMA9vIa7S2J","Bulo Burti",3.27051778129448,44.7827959021179
"MHJOudRHVmA","HRN-BBT-V","HRN-BBT-V","HRN-BBT-V","TMA9vIa7S2J","Bulo Burti",4.38477703461154,45.5891351799795
"cgCDlfogTpG","HRN-BBT-W","HRN-BBT-W","HRN-BBT-W","TMA9vIa7S2J","Bulo Burti",3.67408906563407,45.5496493613332
"HPfdSK4ZJ3W","HRN-BBT-X","HRN-BBT-X","HRN-BBT-X","TMA9vIa7S2J","Bulo Burti",3.67864233990153,45.5234287618579
"NfcqsSD1RIe","HRN-BBT-Y","HRN-BBT-Y","HRN-BBT-Y","TMA9vIa7S2J","Bulo Burti",3.73398325859126,45.700927739372
"zFYwZzVCrcX","HRN-BBT-Z","HRN-BBT-Z","HRN-BBT-Z","TMA9vIa7S2J","Bulo Burti",4.16620885155078,45.5500376152064
"KQjzGLv9WCT","HRN-BBT-j","HRN-BBT-j","HRN-BBT-j","TMA9vIa7S2J","Bulo Burti",3.6020418227131,45.3368567237206
"vgeabt8r8jJ","HRN-BBT-k","HRN-BBT-k","HRN-BBT-k","TMA9vIa7S2J","Bulo Burti",3.67078126923921,45.1760931079469
"KiBzSZSG6tC","MUD-JIR-A","MUD-JIR-A","MUD-JIR-A","TfqX7ELnj90","Jariban",7.08160168429767,49.2724381519773
"B0pDviaXUer","MUD-JIR-AA","MUD-JIR-AA","MUD-JIR-AA","TfqX7ELnj90","Jariban",6.97075928217465,48.6722612226395
"dRaoPlk7ndo","MUD-JIR-AB","MUD-JIR-AB","MUD-JIR-AB","TfqX7ELnj90","Jariban",6.92287571567527,48.6175964427467
"vaYcOoDjpXJ","MUD-JIR-AC","MUD-JIR-AC","MUD-JIR-AC","TfqX7ELnj90","Jariban",7.13945827240926,49.1388123623496
"Qi5UkPFK8zu","MUD-JIR-AD","MUD-JIR-AD","MUD-JIR-AD","TfqX7ELnj90","Jariban",7.35323747465838,48.3600525592471
"YjWQ3OdRrCO","MUD-JIR-AE","MUD-JIR-AE","MUD-JIR-AE","TfqX7ELnj90","Jariban",7.3196389708608,49.0175628691623
"ZyW3T1kTIEu","MUD-JIR-B","MUD-JIR-B","MUD-JIR-B","TfqX7ELnj90","Jariban",7.61474064904644,48.8963883398633
"ZW1k8H2Q2NI","MUD-JIR-C","MUD-JIR-C","MUD-JIR-C","TfqX7ELnj90","Jariban",6.78518182385573,49.1005765117765
"aEEq7tIr5Ms","MUD-JIR-D","MUD-JIR-D","MUD-JIR-D","TfqX7ELnj90","Jariban",7.08949561534075,49.0532887414063
"id2XlpYrNdW","MUD-JIR-E","MUD-JIR-E","MUD-JIR-E","TfqX7ELnj90","Jariban",7.24276839935613,49.4020251135736
"tfp4kSGvWvl","MUD-JIR-F","MUD-JIR-F","MUD-JIR-F","TfqX7ELnj90","Jariban",6.49141959202373,48.9994559324723
"UhWSmWPzVpa","MUD-JIR-G","MUD-JIR-G","MUD-JIR-G","TfqX7ELnj90","Jariban",6.81090918087985,48.5134652090163
"UymZmp1sOzJ","MUD-JIR-H","MUD-JIR-H","MUD-JIR-H","TfqX7ELnj90","Jariban",7.42331826757377,49.4119665752204
"L0Mj4p2RWee","MUD-JIR-I","MUD-JIR-I","MUD-JIR-I","TfqX7ELnj90","Jariban",7.65463924044128,48.560900158541
"gVxT2Q3bjNf","MUD-JIR-J","MUD-JIR-J","MUD-JIR-J","TfqX7ELnj90","Jariban",7.48330910439184,48.1835301527275
"UwyO8ZLjOWo","MUD-JIR-K","MUD-JIR-K","MUD-JIR-K","TfqX7ELnj90","Jariban",6.61979931420411,48.5495209324951
"DXr4WunITqd","MUD-JIR-L","MUD-JIR-L","MUD-JIR-L","TfqX7ELnj90","Jariban",7.07468007064859,48.957661403235
"p8p4HMD0R3C","MUD-JIR-M","MUD-JIR-M","MUD-JIR-M","TfqX7ELnj90","Jariban",6.7592272133341,48.7865447450479
"t529kXxdKmg","MUD-JIR-N","MUD-JIR-N","MUD-JIR-N","TfqX7ELnj90","Jariban",7.00213326099523,49.1641015065793
"nwG0pwS4LyW","MUD-JIR-O","MUD-JIR-O","MUD-JIR-O","TfqX7ELnj90","Jariban",7.34300556810056,48.5930518951431
"Jl5938CHknc","MUD-JIR-P","MUD-JIR-P","MUD-JIR-P","TfqX7ELnj90","Jariban",7.43051091819986,49.5209840307318
"BSU4OwEGTCP","MUD-JIR-Q","MUD-JIR-Q","MUD-JIR-Q","TfqX7ELnj90","Jariban",6.6781369537791,48.7039580350247
"kichnwS5Mjg","MUD-JIR-R","MUD-JIR-R","MUD-JIR-R","TfqX7ELnj90","Jariban",6.96681452347895,49.3294307228586
"ntc68qXc7ap","MUD-JIR-S","MUD-JIR-S","MUD-JIR-S","TfqX7ELnj90","Jariban",7.38711732114592,49.4205205896779
"wy4PEoBw1oe","MUD-JIR-T","MUD-JIR-T","MUD-JIR-T","TfqX7ELnj90","Jariban",7.05473872397441,49.1317651085818
"B3eS5jJ4mwa","MUD-JIR-U","MUD-JIR-U","MUD-JIR-U","TfqX7ELnj90","Jariban",7.31461226521502,48.3391774743676
"SmZeUv8lvun","MUD-JIR-V","MUD-JIR-V","MUD-JIR-V","TfqX7ELnj90","Jariban",7.74010972574004,48.6409579201412
"OqFPVIMUT4z","MUD-JIR-W","MUD-JIR-W","MUD-JIR-W","TfqX7ELnj90","Jariban",7.40625931595634,48.7149527997095
"HU94YJpJsxp","MUD-JIR-X","MUD-JIR-X","MUD-JIR-X","TfqX7ELnj90","Jariban",7.03603875604617,48.3744606290492
"xPo5X0EZTGj","MUD-JIR-Y","MUD-JIR-Y","MUD-JIR-Y","TfqX7ELnj90","Jariban",7.7005945278105,48.6163376309992
"KErt9tI8N4y","MUD-JIR-Z","MUD-JIR-Z","MUD-JIR-Z","TfqX7ELnj90","Jariban",7.61587436987325,49.0268426354457
"iBQPHIJIQRl","GDO-BLH-A","GDO-BLH-A","GDO-BLH-A","U8huWiXf1nT","Belet Hawa",3.98136667712795,42.0230887488374
"XWe13YKMjB0","GDO-BLH-AA","GDO-BLH-AA","GDO-BLH-AA","U8huWiXf1nT","Belet Hawa",3.56641172734176,41.9618321485563
"X1D7uGZSRHF","GDO-BLH-AB","GDO-BLH-AB","GDO-BLH-AB","U8huWiXf1nT","Belet Hawa",3.63685813622879,41.9499427579127
"KNRCKsH7mka","GDO-BLH-AC","GDO-BLH-AC","GDO-BLH-AC","U8huWiXf1nT","Belet Hawa",3.50271618194574,41.710681173813
"GYOpnIYbYPA","GDO-BLH-AD","GDO-BLH-AD","GDO-BLH-AD","U8huWiXf1nT","Belet Hawa",3.32853590627152,41.7332407455671
"RAtCguFLuQ7","GDO-BLH-AE","GDO-BLH-AE","GDO-BLH-AE","U8huWiXf1nT","Belet Hawa",3.50731885993767,41.6270501165958
"ThFR4VIGcBQ","GDO-BLH-B","GDO-BLH-B","GDO-BLH-B","U8huWiXf1nT","Belet Hawa",3.63412425557766,41.8784177479935
"oD7eHu171mt","GDO-BLH-C","GDO-BLH-C","GDO-BLH-C","U8huWiXf1nT","Belet Hawa",3.80442905006364,41.8496761710328
"B3wdQQS2kh6","GDO-BLH-D","GDO-BLH-D","GDO-BLH-D","U8huWiXf1nT","Belet Hawa",3.79967815510006,41.8521792552544
"AAUIaBq2i2o","GDO-BLH-E","GDO-BLH-E","GDO-BLH-E","U8huWiXf1nT","Belet Hawa",3.70786408074524,42.0268111195961
"FYXrmSUHWpo","GDO-BLH-F","GDO-BLH-F","GDO-BLH-F","U8huWiXf1nT","Belet Hawa",3.77191855909795,42.1048933255547
"bizrJCgfbK6","GDO-BLH-G","GDO-BLH-G","GDO-BLH-G","U8huWiXf1nT","Belet Hawa",3.46406113849162,41.7294142014322
"RdMSWYAqILH","GDO-BLH-H","GDO-BLH-H","GDO-BLH-H","U8huWiXf1nT","Belet Hawa",3.40202551373252,41.7860966615867
"DQoUkUvJjXI","GDO-BLH-I","GDO-BLH-I","GDO-BLH-I","U8huWiXf1nT","Belet Hawa",3.73178974910657,42.01648745782
"GfClxyB7CIi","GDO-BLH-J","GDO-BLH-J","GDO-BLH-J","U8huWiXf1nT","Belet Hawa",3.71871459576017,41.8226608671579
"xTPsduDZOjZ","GDO-BLH-K","GDO-BLH-K","GDO-BLH-K","U8huWiXf1nT","Belet Hawa",3.83049443064167,41.8139136439403
"Nx3IR3A8HCi","GDO-BLH-L","GDO-BLH-L","GDO-BLH-L","U8huWiXf1nT","Belet Hawa",3.53055522743065,41.7899307392288
"iD6v5EfjiBI","GDO-BLH-M","GDO-BLH-M","GDO-BLH-M","U8huWiXf1nT","Belet Hawa",3.98379903216719,41.9474683363301
"c1jpDmJVtOS","GDO-BLH-N","GDO-BLH-N","GDO-BLH-N","U8huWiXf1nT","Belet Hawa",3.33485065685655,41.8166858743379
"CsJydfPALX4","GDO-BLH-O","GDO-BLH-O","GDO-BLH-O","U8huWiXf1nT","Belet Hawa",3.37480459715016,41.9063364894151
"u7hUtU760t5","GDO-BLH-P","GDO-BLH-P","GDO-BLH-P","U8huWiXf1nT","Belet Hawa",3.42714443022538,41.8953578682781
"XdBuCYxR2XC","GDO-BLH-Q","GDO-BLH-Q","GDO-BLH-Q","U8huWiXf1nT","Belet Hawa",3.72494606784885,42.022967972511
"qp8O3JqLIqh","GDO-BLH-R","GDO-BLH-R","GDO-BLH-R","U8huWiXf1nT","Belet Hawa",3.61609506496004,41.7535118970686
"wtqZJuMmMyf","GDO-BLH-S","GDO-BLH-S","GDO-BLH-S","U8huWiXf1nT","Belet Hawa",3.46636169286919,41.7935033022069
"n3MTAl1h3tX","GDO-BLH-T","GDO-BLH-T","GDO-BLH-T","U8huWiXf1nT","Belet Hawa",3.85127496903627,41.8191081854324
"gkQ6yZuROl0","GDO-BLH-U","GDO-BLH-U","GDO-BLH-U","U8huWiXf1nT","Belet Hawa",3.94991709358931,41.9106941338367
"pLzHhYZJ1f6","GDO-BLH-V","GDO-BLH-V","GDO-BLH-V","U8huWiXf1nT","Belet Hawa",3.53756638996715,41.911914199674
"vd7PjQ0gzOx","GDO-BLH-W","GDO-BLH-W","GDO-BLH-W","U8huWiXf1nT","Belet Hawa",3.47717566323882,41.9039706355955
"YOI5ymNmj61","GDO-BLH-X","GDO-BLH-X","GDO-BLH-X","U8huWiXf1nT","Belet Hawa",3.5898530429861,42.0013550778057
"hU3GWByxpy0","GDO-BLH-Y","GDO-BLH-Y","GDO-BLH-Y","U8huWiXf1nT","Belet Hawa",3.79592698092632,41.8554989729954
"uH312T1YkCf","GDO-BLH-Z","GDO-BLH-Z","GDO-BLH-Z","U8huWiXf1nT","Belet Hawa",3.62414858409579,41.8876069280075
"f6tvWn9XU9H","BKL-TGL-A","BKL-TGL-A","BKL-TGL-A","UYCNExzMZ2F","Tiyeglo",3.26538396634594,44.6839284080828
"qug6FmVg4cx","BKL-TGL-B","BKL-TGL-B","BKL-TGL-B","UYCNExzMZ2F","Tiyeglo",3.98720036290412,44.670463195075
"AOPZD15FAW4","BKL-TGL-C","BKL-TGL-C","BKL-TGL-C","UYCNExzMZ2F","Tiyeglo",3.54498737071752,44.5146525089969
"vf6KRRIngjE","BKL-TGL-D","BKL-TGL-D","BKL-TGL-D","UYCNExzMZ2F","Tiyeglo",3.92309105711462,44.3099691611476
"XxdgxWApSaJ","BKL-TGL-E","BKL-TGL-E","BKL-TGL-E","UYCNExzMZ2F","Tiyeglo",4.39399145340467,44.3243355903199
"oiSLErb7Y1O","BKL-TGL-F","BKL-TGL-F","BKL-TGL-F","UYCNExzMZ2F","Tiyeglo",3.30923791639622,44.4468066136562
"v1JolpI33LO","BKL-TGL-G","BKL-TGL-G","BKL-TGL-G","UYCNExzMZ2F","Tiyeglo",3.87975002285747,44.4890613919791
"VO47y7gubak","BKL-TGL-H","BKL-TGL-H","BKL-TGL-H","UYCNExzMZ2F","Tiyeglo",4.23808823088318,44.7030819434786
"ZCWVjNVgxMG","BKL-TGL-I","BKL-TGL-I","BKL-TGL-I","UYCNExzMZ2F","Tiyeglo",4.17898515586462,44.4203997137624
"SmNPa6paqPV","BKL-TGL-J","BKL-TGL-J","BKL-TGL-J","UYCNExzMZ2F","Tiyeglo",3.98148326514565,44.3753531512252
"Yl4fEvngpOo","BKL-TGL-K","BKL-TGL-K","BKL-TGL-K","UYCNExzMZ2F","Tiyeglo",3.89925474867973,44.6312809484996
"bWHvaU7AYpy","BKL-TGL-L","BKL-TGL-L","BKL-TGL-L","UYCNExzMZ2F","Tiyeglo",4.30737400548959,44.3248516064283
"XbHI2g7KSIv","BKL-TGL-M","BKL-TGL-M","BKL-TGL-M","UYCNExzMZ2F","Tiyeglo",3.78835187061572,44.5556069252345
"DvGbg19AqTs","BKL-TGL-N","BKL-TGL-N","BKL-TGL-N","UYCNExzMZ2F","Tiyeglo",3.42458307553949,44.5625740437944
"zWT595h2c4t","BKL-TGL-O","BKL-TGL-O","BKL-TGL-O","UYCNExzMZ2F","Tiyeglo",4.05905045473332,44.6173193988128
"V5q9YNxTe2T","BKL-TGL-P","BKL-TGL-P","BKL-TGL-P","UYCNExzMZ2F","Tiyeglo",3.31773639671278,44.5062231355144
"y4o0Mci3BDb","BKL-TGL-Q","BKL-TGL-Q","BKL-TGL-Q","UYCNExzMZ2F","Tiyeglo",3.28371057789776,44.4739382059199
"zmOEPolYelt","BKL-TGL-R","BKL-TGL-R","BKL-TGL-R","UYCNExzMZ2F","Tiyeglo",4.2246480225755,44.5027204368026
"Jy2SW1RjxC0","BKL-TGL-S","BKL-TGL-S","BKL-TGL-S","UYCNExzMZ2F","Tiyeglo",3.9097309024421,44.1857350834696
"OcXnoNuzYUJ","BKL-TGL-T","BKL-TGL-T","BKL-TGL-T","UYCNExzMZ2F","Tiyeglo",4.11830050153944,44.4701872980671
"JOkh08L8HrE","BKL-TGL-U","BKL-TGL-U","BKL-TGL-U","UYCNExzMZ2F","Tiyeglo",3.93220651602569,44.4360018158237
"lOGgqNL8VvY","BKL-TGL-V","BKL-TGL-V","BKL-TGL-V","UYCNExzMZ2F","Tiyeglo",3.29813590382037,44.7649887541095
"quYVQBQ26Hw","SNG-ELF-A","SNG-ELF-A","SNG-ELF-A","UZiSp5W2OdP","El Afweyn",9.53105005730036,46.9566139731437
"kSDpmtVeu3v","SNG-ELF-AA","SNG-ELF-AA","SNG-ELF-AA","UZiSp5W2OdP","El Afweyn",9.75415839349992,46.7934216568772
"oMAtUXNIZLA","SNG-ELF-AB","SNG-ELF-AB","SNG-ELF-AB","UZiSp5W2OdP","El Afweyn",9.65141181514219,46.6685155361969
"w2J11oybU4h","SNG-ELF-AC","SNG-ELF-AC","SNG-ELF-AC","UZiSp5W2OdP","El Afweyn",9.96289393194403,46.7255562856075
"nmVG38xu8uc","SNG-ELF-AD","SNG-ELF-AD","SNG-ELF-AD","UZiSp5W2OdP","El Afweyn",10.6800914801087,46.2978027025637
"j8UXQI91maR","SNG-ELF-AE","SNG-ELF-AE","SNG-ELF-AE","UZiSp5W2OdP","El Afweyn",10.1733727124453,46.8095844075648
"NXtxbOKKk76","SNG-ELF-B","SNG-ELF-B","SNG-ELF-B","UZiSp5W2OdP","El Afweyn",10.1271194030851,46.5272961319695
"bvgs6V78qct","SNG-ELF-C","SNG-ELF-C","SNG-ELF-C","UZiSp5W2OdP","El Afweyn",10.2404511968152,46.9907073771549
"pcaHE7s1iol","SNG-ELF-D","SNG-ELF-D","SNG-ELF-D","UZiSp5W2OdP","El Afweyn",10.080453884603,47.1739201066955
"wO3pdaTL4mb","SNG-ELF-E","SNG-ELF-E","SNG-ELF-E","UZiSp5W2OdP","El Afweyn",10.4084658096053,46.5321599160124
"KbpawwEv0Vi","SNG-ELF-F","SNG-ELF-F","SNG-ELF-F","UZiSp5W2OdP","El Afweyn",10.2173768009609,46.5965570683151
"t8k6TvWzvNQ","SNG-ELF-G","SNG-ELF-G","SNG-ELF-G","UZiSp5W2OdP","El Afweyn",10.311733023616,46.3091783167079
"ZuA9G9ZKxuV","SNG-ELF-H","SNG-ELF-H","SNG-ELF-H","UZiSp5W2OdP","El Afweyn",9.97451553287995,46.9882433724913
"wSC0VNgnj4t","SNG-ELF-I","SNG-ELF-I","SNG-ELF-I","UZiSp5W2OdP","El Afweyn",10.2004788231876,46.9935480697045
"za8kexzZB6x","SNG-ELF-J","SNG-ELF-J","SNG-ELF-J","UZiSp5W2OdP","El Afweyn",9.95463817538255,47.4084370983688
"ZODSClTGO3e","SNG-ELF-K","SNG-ELF-K","SNG-ELF-K","UZiSp5W2OdP","El Afweyn",10.0231278245098,46.4301286020307
"Le1F6KKAuWy","SNG-ELF-L","SNG-ELF-L","SNG-ELF-L","UZiSp5W2OdP","El Afweyn",9.56857711548002,46.8937360001407
"SnvM9PLnutN","SNG-ELF-M","SNG-ELF-M","SNG-ELF-M","UZiSp5W2OdP","El Afweyn",9.93451315863577,46.4922368320723
"CZDInDIHjQN","SNG-ELF-N","SNG-ELF-N","SNG-ELF-N","UZiSp5W2OdP","El Afweyn",9.85706263357469,47.1882521400535
"bekjhEy6TtJ","SNG-ELF-O","SNG-ELF-O","SNG-ELF-O","UZiSp5W2OdP","El Afweyn",9.90851960246565,47.5847913047606
"MDO0EVInUAK","SNG-ELF-P","SNG-ELF-P","SNG-ELF-P","UZiSp5W2OdP","El Afweyn",9.57392342299766,46.8863742303712
"FjtCLUbVQNF","SNG-ELF-Q","SNG-ELF-Q","SNG-ELF-Q","UZiSp5W2OdP","El Afweyn",9.90476214005727,47.2363041841828
"qFfLR5jNd1g","SNG-ELF-R","SNG-ELF-R","SNG-ELF-R","UZiSp5W2OdP","El Afweyn",10.0174545915308,46.5995335161479
"xVtvG0V6V2u","SNG-ELF-S","SNG-ELF-S","SNG-ELF-S","UZiSp5W2OdP","El Afweyn",10.5595686688163,46.3839028287148
"gBYbdR79zgI","SNG-ELF-T","SNG-ELF-T","SNG-ELF-T","UZiSp5W2OdP","El Afweyn",9.45043104484339,46.8239048036994
"coZWsSwYvUp","SNG-ELF-U","SNG-ELF-U","SNG-ELF-U","UZiSp5W2OdP","El Afweyn",9.56238840348819,46.7765897072934
"xbL2FRkT8Q3","SNG-ELF-V","SNG-ELF-V","SNG-ELF-V","UZiSp5W2OdP","El Afweyn",10.0160711965832,47.2470024689158
"MShNYnSYuRD","SNG-ELF-W","SNG-ELF-W","SNG-ELF-W","UZiSp5W2OdP","El Afweyn",9.94530070935212,46.6231525356991
"amxBrGIcxPa","SNG-ELF-X","SNG-ELF-X","SNG-ELF-X","UZiSp5W2OdP","El Afweyn",10.6309125145547,46.2383274154894
"vKo5etHcYkH","SNG-ELF-Y","SNG-ELF-Y","SNG-ELF-Y","UZiSp5W2OdP","El Afweyn",9.54983602989508,46.7193371427075
"LIhKV7sWeAm","SNG-ELF-Z","SNG-ELF-Z","SNG-ELF-Z","UZiSp5W2OdP","El Afweyn",10.7520612482834,46.1692073196614
"uEbH2WIkgpM","MSH-JOW-A","MSH-JOW-A","MSH-JOW-A","Um4unHo0QA7","Jowhar",2.76518075938803,45.2215328026552
"yAZ1Dcbnbww","MSH-JOW-AA","MSH-JOW-AA","MSH-JOW-AA","Um4unHo0QA7","Jowhar",2.90365929559304,45.6531603047191
"fUFlszx9hIa","MSH-JOW-AB","MSH-JOW-AB","MSH-JOW-AB","Um4unHo0QA7","Jowhar",2.73257037013783,45.7836725776258
"P78BLhiiZpZ","MSH-JOW-AC","MSH-JOW-AC","MSH-JOW-AC","Um4unHo0QA7","Jowhar",2.78179634402078,45.8392086446097
"RNr3ahyUFab","MSH-JOW-AD","MSH-JOW-AD","MSH-JOW-AD","Um4unHo0QA7","Jowhar",2.64353094163284,45.5851660625647
"W4gi3EiTF8M","MSH-JOW-AE","MSH-JOW-AE","MSH-JOW-AE","Um4unHo0QA7","Jowhar",2.77204352386749,45.6213232114334
"ytSal5Cuibs","MSH-JOW-AF","MSH-JOW-AF","MSH-JOW-AF","Um4unHo0QA7","Jowhar",2.87080516604592,45.2340418361962
"YJYkpnTg1Om","MSH-JOW-AG","MSH-JOW-AG","MSH-JOW-AG","Um4unHo0QA7","Jowhar",2.9442478967476,45.245265420418
"zYPhbo5SnwP","MSH-JOW-AH","MSH-JOW-AH","MSH-JOW-AH","Um4unHo0QA7","Jowhar",2.81561264858176,45.6980360325724
"QjVmbrWU8vw","MSH-JOW-AI","MSH-JOW-AI","MSH-JOW-AI","Um4unHo0QA7","Jowhar",2.91376605646637,45.7568104296415
"v2KvmPyCMsD","MSH-JOW-AJ","MSH-JOW-AJ","MSH-JOW-AJ","Um4unHo0QA7","Jowhar",2.91677920057755,45.4183860955143
"GVdMeFNNZzI","MSH-JOW-AK","MSH-JOW-AK","MSH-JOW-AK","Um4unHo0QA7","Jowhar",2.73227477145657,45.4640791651993
"n3OtyyfJYo9","MSH-JOW-AL","MSH-JOW-AL","MSH-JOW-AL","Um4unHo0QA7","Jowhar",2.89130147216667,45.2631469040643
"cACBGxuuo35","MSH-JOW-AM","MSH-JOW-AM","MSH-JOW-AM","Um4unHo0QA7","Jowhar",2.76795272430116,45.6117828296974
"SoCevL3TINu","MSH-JOW-AN","MSH-JOW-AN","MSH-JOW-AN","Um4unHo0QA7","Jowhar",2.96662288368076,45.7885735566052
"eNHNuh9cePV","MSH-JOW-AO","MSH-JOW-AO","MSH-JOW-AO","Um4unHo0QA7","Jowhar",2.71511885424161,45.6657033567846
"y22BR7wkwpj","MSH-JOW-AP","MSH-JOW-AP","MSH-JOW-AP","Um4unHo0QA7","Jowhar",2.83158150088239,45.21747642864
"iG3nJwpxnEe","MSH-JOW-AQ","MSH-JOW-AQ","MSH-JOW-AQ","Um4unHo0QA7","Jowhar",2.89404524267986,45.5032190097894
"A6vlXKBChJr","MSH-JOW-AR","MSH-JOW-AR","MSH-JOW-AR","Um4unHo0QA7","Jowhar",2.77838282929828,45.5275555642611
"EEgiCZ8SNcS","MSH-JOW-AS","MSH-JOW-AS","MSH-JOW-AS","Um4unHo0QA7","Jowhar",2.657964297289,45.3886017777674
"UiBgeQMCaVU","MSH-JOW-AT","MSH-JOW-AT","MSH-JOW-AT","Um4unHo0QA7","Jowhar",2.71740945546527,45.7343195194807
"qvkmCHi7sC5","MSH-JOW-AU","MSH-JOW-AU","MSH-JOW-AU","Um4unHo0QA7","Jowhar",2.9716126740673,45.6970965068812
"WoHJOAJFBKD","MSH-JOW-AV","MSH-JOW-AV","MSH-JOW-AV","Um4unHo0QA7","Jowhar",2.68083411734224,45.6477778510746
"KkM3NXx7j4O","MSH-JOW-B","MSH-JOW-B","MSH-JOW-B","Um4unHo0QA7","Jowhar",2.95374916602793,45.2487648715717
"yxIFSfIwP4A","MSH-JOW-C","MSH-JOW-C","MSH-JOW-C","Um4unHo0QA7","Jowhar",2.85181708616787,45.5689003846411
"EuV0hD68NDG","MSH-JOW-D","MSH-JOW-D","MSH-JOW-D","Um4unHo0QA7","Jowhar",2.7800674083861,45.5257428160922
"bfKRwzFeFDr","MSH-JOW-E","MSH-JOW-E","MSH-JOW-E","Um4unHo0QA7","Jowhar",2.77900645002802,45.5743311656682
"A2PZ0BgqrJM","MSH-JOW-F","MSH-JOW-F","MSH-JOW-F","Um4unHo0QA7","Jowhar",2.70657503631073,45.2336104533256
"LyO4JZVKeER","MSH-JOW-G","MSH-JOW-G","MSH-JOW-G","Um4unHo0QA7","Jowhar",2.67945735108423,45.3531039260237
"TqOFS3hfu0o","MSH-JOW-H","MSH-JOW-H","MSH-JOW-H","Um4unHo0QA7","Jowhar",2.68237840783044,45.4309105029293
"b3HB08MSreH","MSH-JOW-I","MSH-JOW-I","MSH-JOW-I","Um4unHo0QA7","Jowhar",2.65747318112394,45.2479446875549
"zsFHVWKxwIE","MSH-JOW-J","MSH-JOW-J","MSH-JOW-J","Um4unHo0QA7","Jowhar",2.8016456783677,45.9193392517707
"nB9cpUVRHBT","MSH-JOW-K","MSH-JOW-K","MSH-JOW-K","Um4unHo0QA7","Jowhar",2.85776763651661,45.3792405445784
"Gr8k0TUd3MP","MSH-JOW-L","MSH-JOW-L","MSH-JOW-L","Um4unHo0QA7","Jowhar",2.82981258447773,45.6423239303104
"f0xQF8DcAys","MSH-JOW-M","MSH-JOW-M","MSH-JOW-M","Um4unHo0QA7","Jowhar",2.89801821392742,45.558121585613
"HdXjMnTrpb9","MSH-JOW-N","MSH-JOW-N","MSH-JOW-N","Um4unHo0QA7","Jowhar",2.92728131194947,45.623509019303
"Saksz87icsE","MSH-JOW-O","MSH-JOW-O","MSH-JOW-O","Um4unHo0QA7","Jowhar",2.89393657104766,45.1901682043016
"gr0OMHwznhE","MSH-JOW-P","MSH-JOW-P","MSH-JOW-P","Um4unHo0QA7","Jowhar",2.93327926130055,45.7425826939999
"dgEAaCz6ygy","MSH-JOW-Q","MSH-JOW-Q","MSH-JOW-Q","Um4unHo0QA7","Jowhar",2.68693958812544,45.5758754946309
"d1nae1NghQZ","MSH-JOW-R","MSH-JOW-R","MSH-JOW-R","Um4unHo0QA7","Jowhar",2.97752802029568,45.7440565505264
"zrR4NBEeSBY","MSH-JOW-S","MSH-JOW-S","MSH-JOW-S","Um4unHo0QA7","Jowhar",2.73818687206544,45.7006644511723
"H6tyP0yzJxn","MSH-JOW-T","MSH-JOW-T","MSH-JOW-T","Um4unHo0QA7","Jowhar",2.92570229496157,45.8253784840724
"NLW5CxLnR66","MSH-JOW-U","MSH-JOW-U","MSH-JOW-U","Um4unHo0QA7","Jowhar",2.6211886562026,45.564090262938
"VshDqnNuAbI","MSH-JOW-V","MSH-JOW-V","MSH-JOW-V","Um4unHo0QA7","Jowhar",2.7858447840951,45.5213349643414
"x48FshvI7ZV","MSH-JOW-W","MSH-JOW-W","MSH-JOW-W","Um4unHo0QA7","Jowhar",2.69977848551833,45.6352878129165
"GMOBwyTtpeM","MSH-JOW-X","MSH-JOW-X","MSH-JOW-X","Um4unHo0QA7","Jowhar",2.84344772330767,45.6227689739898
"Cdo6AERpWUg","MSH-JOW-Y","MSH-JOW-Y","MSH-JOW-Y","Um4unHo0QA7","Jowhar",2.78109159471431,45.390089099838
"ktYC5I5Iuzz","MSH-JOW-Z","MSH-JOW-Z","MSH-JOW-Z","Um4unHo0QA7","Jowhar",2.86392495371036,45.3397292251109
"DR7M9BAmev3","MSH-ADY-A","MSH-ADY-A","MSH-ADY-A","WBXOjBRrWmw","Aden Yabal",3.48163283887261,46.4170026255988
"OLTLDLYZCFK","MSH-ADY-AA","MSH-ADY-AA","MSH-ADY-AA","WBXOjBRrWmw","Aden Yabal",3.71954677501817,46.4811426391394
"PfqlQQ7iI3K","MSH-ADY-AB","MSH-ADY-AB","MSH-ADY-AB","WBXOjBRrWmw","Aden Yabal",3.67297743243406,46.6668090962885
"kbYmXQXgG9z","MSH-ADY-AC","MSH-ADY-AC","MSH-ADY-AC","WBXOjBRrWmw","Aden Yabal",3.39783628623736,46.1541906455668
"KJFM96zp7ye","MSH-ADY-AD","MSH-ADY-AD","MSH-ADY-AD","WBXOjBRrWmw","Aden Yabal",3.6091070063683,45.9518592123161
"sqEVDoA07N7","MSH-ADY-AE","MSH-ADY-AE","MSH-ADY-AE","WBXOjBRrWmw","Aden Yabal",3.35402284854673,45.9969641662555
"v7RSSvbCq7q","MSH-ADY-B","MSH-ADY-B","MSH-ADY-B","WBXOjBRrWmw","Aden Yabal",3.77225619250474,46.3024042377088
"yhdRvLG092k","MSH-ADY-C","MSH-ADY-C","MSH-ADY-C","WBXOjBRrWmw","Aden Yabal",3.48518824433732,46.1775920973382
"ootbiCiFdn2","MSH-ADY-D","MSH-ADY-D","MSH-ADY-D","WBXOjBRrWmw","Aden Yabal",3.4957978507267,46.5511228894677
"nvIcp03xhXM","MSH-ADY-E","MSH-ADY-E","MSH-ADY-E","WBXOjBRrWmw","Aden Yabal",3.43022833629626,46.5047946138697
"MDQrLmnvpYq","MSH-ADY-F","MSH-ADY-F","MSH-ADY-F","WBXOjBRrWmw","Aden Yabal",3.51221573408098,46.4997761306807
"UD946D86wS8","MSH-ADY-G","MSH-ADY-G","MSH-ADY-G","WBXOjBRrWmw","Aden Yabal",3.31079390876654,46.0538136236284
"WeRrdG1ntkZ","MSH-ADY-H","MSH-ADY-H","MSH-ADY-H","WBXOjBRrWmw","Aden Yabal",3.45381970126169,45.9512929570399
"InoYQ5FQvPX","MSH-ADY-I","MSH-ADY-I","MSH-ADY-I","WBXOjBRrWmw","Aden Yabal",3.56106496418498,46.1399052404019
"lf3fwPgGEwd","MSH-ADY-J","MSH-ADY-J","MSH-ADY-J","WBXOjBRrWmw","Aden Yabal",3.58596557096631,46.464589953951
"ZMMMYeDMiqY","MSH-ADY-K","MSH-ADY-K","MSH-ADY-K","WBXOjBRrWmw","Aden Yabal",3.35772722212841,46.3474040976314
"xbXTrEoB1QG","MSH-ADY-L","MSH-ADY-L","MSH-ADY-L","WBXOjBRrWmw","Aden Yabal",3.78677300854394,46.3657865364428
"ZGQ8jvjYaSP","MSH-ADY-M","MSH-ADY-M","MSH-ADY-M","WBXOjBRrWmw","Aden Yabal",3.5211690998136,46.0534640783517
"yKQq9nW6WH8","MSH-ADY-N","MSH-ADY-N","MSH-ADY-N","WBXOjBRrWmw","Aden Yabal",3.85144951363591,46.4256601334622
"Vwc9Hc2F6VR","MSH-ADY-O","MSH-ADY-O","MSH-ADY-O","WBXOjBRrWmw","Aden Yabal",3.54255179398281,46.3822726137443
"N6aFGeXL8ii","MSH-ADY-P","MSH-ADY-P","MSH-ADY-P","WBXOjBRrWmw","Aden Yabal",3.71730720259102,46.1219235705179
"gOr0pxWixgr","MSH-ADY-Q","MSH-ADY-Q","MSH-ADY-Q","WBXOjBRrWmw","Aden Yabal",3.51527129916363,46.1783648341678
"wrX4z3vdU03","MSH-ADY-R","MSH-ADY-R","MSH-ADY-R","WBXOjBRrWmw","Aden Yabal",3.60254296195235,46.1446749773173
"B2MfCQKrD6H","MSH-ADY-S","MSH-ADY-S","MSH-ADY-S","WBXOjBRrWmw","Aden Yabal",3.77111571033665,46.3148663259566
"MUQNDIuYtU6","MSH-ADY-T","MSH-ADY-T","MSH-ADY-T","WBXOjBRrWmw","Aden Yabal",3.6851215222977,46.4679258048175
"qyE9jsWiytt","MSH-ADY-U","MSH-ADY-U","MSH-ADY-U","WBXOjBRrWmw","Aden Yabal",3.69112794531463,46.1627860780712
"qaVf1McZ4Vn","MSH-ADY-V","MSH-ADY-V","MSH-ADY-V","WBXOjBRrWmw","Aden Yabal",3.60577001538839,46.151525259932
"z5xA6vbYFMH","MSH-ADY-W","MSH-ADY-W","MSH-ADY-W","WBXOjBRrWmw","Aden Yabal",3.96381455706458,46.3824276138952
"k0zeynZ5EpN","MSH-ADY-X","MSH-ADY-X","MSH-ADY-X","WBXOjBRrWmw","Aden Yabal",3.7114613405073,46.1467841907297
"HVlnkgXTuyV","MSH-ADY-Y","MSH-ADY-Y","MSH-ADY-Y","WBXOjBRrWmw","Aden Yabal",3.56198688105331,45.9025933600419
"hcXZUdwU1LI","MSH-ADY-Z","MSH-ADY-Z","MSH-ADY-Z","WBXOjBRrWmw","Aden Yabal",3.59968017823701,45.8711622367689
"vNIlGeY77Xv","KRK-RKO-A","KRK-RKO-A","KRK-RKO-A","WIZiLY6U5wX","Rako",9.81723215511617,49.8758410149607
"GvFNmFbOnX3","KRK-RKO-B","KRK-RKO-B","KRK-RKO-B","WIZiLY6U5wX","Rako",9.7398924999908,49.8253252787619
"BV698y93pWC","KRK-RKO-C","KRK-RKO-C","KRK-RKO-C","WIZiLY6U5wX","Rako",9.90871976779343,49.9570814850689
"HAEuQLEcdPm","KRK-RKO-D","KRK-RKO-D","KRK-RKO-D","WIZiLY6U5wX","Rako",9.8118457710226,49.8551279265467
"RrLWg04064A","KRK-RKO-E","KRK-RKO-E","KRK-RKO-E","WIZiLY6U5wX","Rako",9.85828983827123,49.8213082883047
"kelw07kEOwv","KRK-RKO-F","KRK-RKO-F","KRK-RKO-F","WIZiLY6U5wX","Rako",9.99195760171338,49.704181769441
"E7YMh1gK0E1","BAN-KRN-A","BAN-KRN-A","BAN-KRN-A","Wst7WQFCews","Karan",2.0719523426405,45.3905328063208
"mfk3gaSLkaj","BAN-KRN-AA","BAN-KRN-AA","BAN-KRN-AA","Wst7WQFCews","Karan",2.05517298220995,45.3572154470237
"YvZnGtbDwjH","BAN-KRN-AB","BAN-KRN-AB","BAN-KRN-AB","Wst7WQFCews","Karan",2.05782873578462,45.383820284937
"LqAo7MxX0Jz","BAN-KRN-AC","BAN-KRN-AC","BAN-KRN-AC","Wst7WQFCews","Karan",2.05797229503387,45.3603592457553
"Sg2odcEt7tr","BAN-KRN-AD","BAN-KRN-AD","BAN-KRN-AD","Wst7WQFCews","Karan",2.0659522299545,45.3558711538801
"ByUsCT3ybsl","BAN-KRN-B","BAN-KRN-B","BAN-KRN-B","Wst7WQFCews","Karan",2.06700079162039,45.3604334375124
"HBxDa5xdvxO","BAN-KRN-C","BAN-KRN-C","BAN-KRN-C","Wst7WQFCews","Karan",2.05802011084105,45.3685047089761
"QVBweeTpi61","BAN-KRN-D","BAN-KRN-D","BAN-KRN-D","Wst7WQFCews","Karan",2.05894017845778,45.3650845607531
"Ve1JS3h4EzF","BAN-KRN-E","BAN-KRN-E","BAN-KRN-E","Wst7WQFCews","Karan",2.07306599235851,45.3831416509732
"eZuGBkhYpfH","BAN-KRN-F","BAN-KRN-F","BAN-KRN-F","Wst7WQFCews","Karan",2.06795207782205,45.3681198555816
"Y0791V5nOZH","BAN-KRN-G","BAN-KRN-G","BAN-KRN-G","Wst7WQFCews","Karan",2.06263121675674,45.3647999822067
"VMMlwlsbTUQ","BAN-KRN-H","BAN-KRN-H","BAN-KRN-H","Wst7WQFCews","Karan",2.07473922422949,45.3750664217788
"vpNtmawdCrf","BAN-KRN-I","BAN-KRN-I","BAN-KRN-I","Wst7WQFCews","Karan",2.07599320341331,45.3848049296429
"Szzgk0Rblzz","BAN-KRN-J","BAN-KRN-J","BAN-KRN-J","Wst7WQFCews","Karan",2.07522906704757,45.3753709601708
"oxXDkauZuRG","BAN-KRN-K","BAN-KRN-K","BAN-KRN-K","Wst7WQFCews","Karan",2.05212204150165,45.3659809391746
"zDq3CSFAAnP","BAN-KRN-L","BAN-KRN-L","BAN-KRN-L","Wst7WQFCews","Karan",2.06950286445735,45.3840025318024
"aTWcIhZSf66","BAN-KRN-M","BAN-KRN-M","BAN-KRN-M","Wst7WQFCews","Karan",2.05489334912652,45.3862429990603
"KY0l1LnaG05","BAN-KRN-N","BAN-KRN-N","BAN-KRN-N","Wst7WQFCews","Karan",2.07822666254534,45.3940069160115
"IPUWsC8Q5A8","BAN-KRN-O","BAN-KRN-O","BAN-KRN-O","Wst7WQFCews","Karan",2.07387092327231,45.3875206771038
"v44ml2aiLz3","BAN-KRN-P","BAN-KRN-P","BAN-KRN-P","Wst7WQFCews","Karan",2.05871196112208,45.3961404404831
"zXIpqtUmacG","BAN-KRN-Q","BAN-KRN-Q","BAN-KRN-Q","Wst7WQFCews","Karan",2.060274477097,45.3770983040245
"pQDPxgIIVaX","BAN-KRN-R","BAN-KRN-R","BAN-KRN-R","Wst7WQFCews","Karan",2.07140922233474,45.3662225495144
"RhBqn8uVoj9","BAN-KRN-S","BAN-KRN-S","BAN-KRN-S","Wst7WQFCews","Karan",2.06156627363627,45.366627029057
"KloKQqEMW8B","BAN-KRN-T","BAN-KRN-T","BAN-KRN-T","Wst7WQFCews","Karan",2.05666523553708,45.3886103671551
"qv61TLQqP61","BAN-KRN-U","BAN-KRN-U","BAN-KRN-U","Wst7WQFCews","Karan",2.06349056994402,45.3751578824473
"bAorXQA6I7a","BAN-KRN-V","BAN-KRN-V","BAN-KRN-V","Wst7WQFCews","Karan",2.06566828861772,45.355375142509
"yFQBvdDDQvt","BAN-KRN-W","BAN-KRN-W","BAN-KRN-W","Wst7WQFCews","Karan",2.05288650510515,45.3842087602068
"yYmzf34w4en","BAN-KRN-X","BAN-KRN-X","BAN-KRN-X","Wst7WQFCews","Karan",2.06521148412056,45.3701181476019
"a4v2qPRNYHF","BAN-KRN-Y","BAN-KRN-Y","BAN-KRN-Y","Wst7WQFCews","Karan",2.06448911236283,45.3903275974174
"MpGrQ2vlVOd","BAN-KRN-Z","BAN-KRN-Z","BAN-KRN-Z","Wst7WQFCews","Karan",2.06358497627707,45.3776622300571
"MEKg5Qgcn01","BRI-ALU-A","BRI-ALU-A","BRI-ALU-A","WwHrlMXiOAG","Alula",11.8888499717748,50.7052167060602
"kOxETw6vfiU","BRI-ALU-B","BRI-ALU-B","BRI-ALU-B","WwHrlMXiOAG","Alula",11.6130158928848,50.9890005706492
"WvkZqX2yKz5","BRI-ALU-C","BRI-ALU-C","BRI-ALU-C","WwHrlMXiOAG","Alula",11.5665525558347,50.6805556828152
"SqcSxuIHMC7","BRI-ALU-D","BRI-ALU-D","BRI-ALU-D","WwHrlMXiOAG","Alula",11.7955708369335,50.7057098601088
"SVhSfFeRKwP","BRI-ALU-E","BRI-ALU-E","BRI-ALU-E","WwHrlMXiOAG","Alula",11.7549600848076,50.9761770734104
"y65YDmOwzrL","BRI-ALU-F","BRI-ALU-F","BRI-ALU-F","WwHrlMXiOAG","Alula",11.6689455610635,50.7157472062258
"Bd8EFlHxbQ6","BRI-ALU-G","BRI-ALU-G","BRI-ALU-G","WwHrlMXiOAG","Alula",11.7995034413038,51.0433591421518
"J6yjrkTQ1si","BRI-ALU-H","BRI-ALU-H","BRI-ALU-H","WwHrlMXiOAG","Alula",11.8266306606965,51.0957474495325
"vcuz1hyEwFk","BRI-ALU-I","BRI-ALU-I","BRI-ALU-I","WwHrlMXiOAG","Alula",11.9044475466148,50.7321164109568
"F2Hx1bubfqv","BRI-BOS-A","BRI-BOS-A","BRI-BOS-A","XWpzn7vCsjx","Bossaso",11.0051888439449,49.0069660222814
"UBndfhhRBD6","BRI-BOS-AA","BRI-BOS-AA","BRI-BOS-AA","XWpzn7vCsjx","Bossaso",11.0393378295026,49.6349057179692
"O6OywoccCCK","BRI-BOS-AB","BRI-BOS-AB","BRI-BOS-AB","XWpzn7vCsjx","Bossaso",10.8550515974254,49.3329846934516
"ufrlZekeHp5","BRI-BOS-AC","BRI-BOS-AC","BRI-BOS-AC","XWpzn7vCsjx","Bossaso",11.0098069334529,49.33196438407
"rjQl7aiLhA3","BRI-BOS-AD","BRI-BOS-AD","BRI-BOS-AD","XWpzn7vCsjx","Bossaso",11.0562012232648,49.5160651811441
"cyjALmmeTmc","BRI-BOS-AE","BRI-BOS-AE","BRI-BOS-AE","XWpzn7vCsjx","Bossaso",10.9599094764617,49.2010271857819
"qXRJtn79yze","BRI-BOS-AF","BRI-BOS-AF","BRI-BOS-AF","XWpzn7vCsjx","Bossaso",10.7898803123217,49.306181101178
"lmI9WaUIPK7","BRI-BOS-AG","BRI-BOS-AG","BRI-BOS-AG","XWpzn7vCsjx","Bossaso",11.2233567371163,49.6267011360865
"jJuxgv7SNMP","BRI-BOS-AH","BRI-BOS-AH","BRI-BOS-AH","XWpzn7vCsjx","Bossaso",10.9779398922343,48.9592768638702
"rRArgKOAzov","BRI-BOS-AM","BRI-BOS-AM","BRI-BOS-AM","XWpzn7vCsjx","Bossaso",10.7928960614287,49.0425379600802
"bBnZLF9QiIA","BRI-BOS-AN","BRI-BOS-AN","BRI-BOS-AN","XWpzn7vCsjx","Bossaso",10.6252816834744,49.2336351267517
"ucAUyvWB8bR","BRI-BOS-AO","BRI-BOS-AO","BRI-BOS-AO","XWpzn7vCsjx","Bossaso",11.1572104891218,49.4366628997418
"Rv3ggZPRr72","BRI-BOS-AP","BRI-BOS-AP","BRI-BOS-AP","XWpzn7vCsjx","Bossaso",10.9980316143959,49.7020380093274
"pzNXcpCDL5p","BRI-BOS-AQ","BRI-BOS-AQ","BRI-BOS-AQ","XWpzn7vCsjx","Bossaso",10.938143372245,49.5324039494076
"GXhvgobjjzO","BRI-BOS-AR","BRI-BOS-AR","BRI-BOS-AR","XWpzn7vCsjx","Bossaso",11.1371069444788,49.1184318185507
"WP6kL4MdiSR","BRI-BOS-AS","BRI-BOS-AS","BRI-BOS-AS","XWpzn7vCsjx","Bossaso",10.4283983936763,49.0402600108969
"WAb9DTHNdSa","BRI-BOS-AT","BRI-BOS-AT","BRI-BOS-AT","XWpzn7vCsjx","Bossaso",10.70659671518,49.0345731006436
"ZgTex75OgNI","BRI-BOS-AU","BRI-BOS-AU","BRI-BOS-AU","XWpzn7vCsjx","Bossaso",10.9594563268976,49.5143203628491
"jwvPhaa08yy","BRI-BOS-AV","BRI-BOS-AV","BRI-BOS-AV","XWpzn7vCsjx","Bossaso",11.165539445339,49.4862911192405
"JIuQybS5uwV","BRI-BOS-AW","BRI-BOS-AW","BRI-BOS-AW","XWpzn7vCsjx","Bossaso",11.2891226573537,49.1651962044108
"ll8pg6ftqLd","BRI-BOS-AX","BRI-BOS-AX","BRI-BOS-AX","XWpzn7vCsjx","Bossaso",11.2816404783366,49.4765096782231
"aWYTquMRZDi","BRI-BOS-AY","BRI-BOS-AY","BRI-BOS-AY","XWpzn7vCsjx","Bossaso",10.9530524020864,49.2227889562555
"T3QlJ6WAoAy","BRI-BOS-AZ","BRI-BOS-AZ","BRI-BOS-AZ","XWpzn7vCsjx","Bossaso",10.8911559795499,49.1231946546827
"SijgkFJx74H","BRI-BOS-Ai","BRI-BOS-Ai","BRI-BOS-Ai","XWpzn7vCsjx","Bossaso",11.1726377660236,48.9405831601107
"PNMqdhOU9Z3","BRI-BOS-Aj","BRI-BOS-Aj","BRI-BOS-Aj","XWpzn7vCsjx","Bossaso",10.9600936438726,49.4257100813306
"gbD1TQK9BXk","BRI-BOS-Ak","BRI-BOS-Ak","BRI-BOS-Ak","XWpzn7vCsjx","Bossaso",11.4535860597013,49.7341756751765
"O6hiY30mpYZ","BRI-BOS-Al","BRI-BOS-Al","BRI-BOS-Al","XWpzn7vCsjx","Bossaso",10.6018372338957,49.0488793426874
"VLlBqGcCOxv","BRI-BOS-B","BRI-BOS-B","BRI-BOS-B","XWpzn7vCsjx","Bossaso",11.4259607156539,49.7688527450416
"kcl2zPiBkuX","BRI-BOS-BA","BRI-BOS-BA","BRI-BOS-BA","XWpzn7vCsjx","Bossaso",10.5792367267068,48.9928056826504
"nolhAsVTgvc","BRI-BOS-BB","BRI-BOS-BB","BRI-BOS-BB","XWpzn7vCsjx","Bossaso",11.1035222630915,49.1811768833155
"cLTkOUq2EiK","BRI-BOS-BC","BRI-BOS-BC","BRI-BOS-BC","XWpzn7vCsjx","Bossaso",11.276204264425,49.6661692659968
"O1QfMgqijTC","BRI-BOS-BD","BRI-BOS-BD","BRI-BOS-BD","XWpzn7vCsjx","Bossaso",11.2236679441604,49.2657016710422
"R3y5qtoxU0b","BRI-BOS-BE","BRI-BOS-BE","BRI-BOS-BE","XWpzn7vCsjx","Bossaso",11.1292262515835,49.5184172021159
"wWPA6eJKL1n","BRI-BOS-BF","BRI-BOS-BF","BRI-BOS-BF","XWpzn7vCsjx","Bossaso",10.8521976877339,49.3893287773569
"TmtjolsyBUe","BRI-BOS-BG","BRI-BOS-BG","BRI-BOS-BG","XWpzn7vCsjx","Bossaso",11.2094835253399,49.4951599247075
"JttmQGbnCxB","BRI-BOS-BH","BRI-BOS-BH","BRI-BOS-BH","XWpzn7vCsjx","Bossaso",11.1163203199733,49.3018372690448
"UOnpOpSiBbC","BRI-BOS-BI","BRI-BOS-BI","BRI-BOS-BI","XWpzn7vCsjx","Bossaso",11.1510068802559,49.5122868784925
"oFvKLLFqkhQ","BRI-BOS-BJ","BRI-BOS-BJ","BRI-BOS-BJ","XWpzn7vCsjx","Bossaso",10.6211312945415,49.0665643418208
"ZEV9t5b5GK9","BRI-BOS-BK","BRI-BOS-BK","BRI-BOS-BK","XWpzn7vCsjx","Bossaso",10.8696215468011,49.2409251057032
"HelLB6f5jqu","BRI-BOS-BL","BRI-BOS-BL","BRI-BOS-BL","XWpzn7vCsjx","Bossaso",11.1499178878502,49.1011969949009
"ZftQ27FfrHJ","BRI-BOS-BM","BRI-BOS-BM","BRI-BOS-BM","XWpzn7vCsjx","Bossaso",10.9649288787572,49.6805246897227
"VlGgN7MfEk8","BRI-BOS-BN","BRI-BOS-BN","BRI-BOS-BN","XWpzn7vCsjx","Bossaso",10.380929940746,49.014234642757
"cBoYdCs1U8u","BRI-BOS-BO","BRI-BOS-BO","BRI-BOS-BO","XWpzn7vCsjx","Bossaso",10.7390363944628,49.2442490977864
"oqkK2QV72Ti","BRI-BOS-BP","BRI-BOS-BP","BRI-BOS-BP","XWpzn7vCsjx","Bossaso",11.0027833059605,49.6548651054753
"Sb9EKcY0oxJ","BRI-BOS-BQ","BRI-BOS-BQ","BRI-BOS-BQ","XWpzn7vCsjx","Bossaso",10.6580108930778,49.1369370495659
"VvYIlni50rU","BRI-BOS-BR","BRI-BOS-BR","BRI-BOS-BR","XWpzn7vCsjx","Bossaso",10.5779038316624,49.2404290886543
"HbGBmiCsi2g","BRI-BOS-BS","BRI-BOS-BS","BRI-BOS-BS","XWpzn7vCsjx","Bossaso",10.6524759569316,49.2952344084198
"rkTophcR6LD","BRI-BOS-BT","BRI-BOS-BT","BRI-BOS-BT","XWpzn7vCsjx","Bossaso",10.5542744299728,49.1798150404656
"Or0BlpvHwrJ","BRI-BOS-BU","BRI-BOS-BU","BRI-BOS-BU","XWpzn7vCsjx","Bossaso",10.8708084324649,49.0529771599148
"T9KlCfDNjKT","BRI-BOS-BV","BRI-BOS-BV","BRI-BOS-BV","XWpzn7vCsjx","Bossaso",11.0423564298744,49.1753451329086
"XDDgNvYCVNb","BRI-BOS-BW","BRI-BOS-BW","BRI-BOS-BW","XWpzn7vCsjx","Bossaso",11.245622768236,49.0237786367801
"XuRx2ygEUo6","BRI-BOS-BX","BRI-BOS-BX","BRI-BOS-BX","XWpzn7vCsjx","Bossaso",10.9669089748822,48.9607428589432
"rl0H6yZNxzx","BRI-BOS-BY","BRI-BOS-BY","BRI-BOS-BY","XWpzn7vCsjx","Bossaso",10.8480805406519,49.3374611574201
"RK1gJD2Bsfm","BRI-BOS-BZ","BRI-BOS-BZ","BRI-BOS-BZ","XWpzn7vCsjx","Bossaso",10.8237571213147,49.3400781548493
"Sy3LuQqD1HI","BRI-BOS-C","BRI-BOS-C","BRI-BOS-C","XWpzn7vCsjx","Bossaso",10.9233864493948,49.3401937260761
"dhYb5QPG263","BRI-BOS-CA","BRI-BOS-CA","BRI-BOS-CA","XWpzn7vCsjx","Bossaso",10.9994817645961,49.6850504206381
"hsouZ9ijUKR","BRI-BOS-CB","BRI-BOS-CB","BRI-BOS-CB","XWpzn7vCsjx","Bossaso",11.2999975956728,49.2778796069158
"iJVQpXKWG21","BRI-BOS-CC","BRI-BOS-CC","BRI-BOS-CC","XWpzn7vCsjx","Bossaso",10.5544999821621,49.2045485943191
"qtktZCWibol","BRI-BOS-CD","BRI-BOS-CD","BRI-BOS-CD","XWpzn7vCsjx","Bossaso",10.9677431873915,49.6779413164841
"l4eLD5hYBXk","BRI-BOS-CE","BRI-BOS-CE","BRI-BOS-CE","XWpzn7vCsjx","Bossaso",10.9855245573387,49.0840046070351
"qXG2MEHLqiO","BRI-BOS-CF","BRI-BOS-CF","BRI-BOS-CF","XWpzn7vCsjx","Bossaso",11.21453903994,49.6084272306871
"i7AOdnuLAdN","BRI-BOS-CG","BRI-BOS-CG","BRI-BOS-CG","XWpzn7vCsjx","Bossaso",10.8780428882238,49.24158638839
"pmFmAvRt53a","BRI-BOS-CH","BRI-BOS-CH","BRI-BOS-CH","XWpzn7vCsjx","Bossaso",11.0839303153054,49.0960985935256
"LC0NdqxENnV","BRI-BOS-CI","BRI-BOS-CI","BRI-BOS-CI","XWpzn7vCsjx","Bossaso",10.4382817237116,49.0780578105943
"ZbityjVsrOq","BRI-BOS-CJ","BRI-BOS-CJ","BRI-BOS-CJ","XWpzn7vCsjx","Bossaso",11.1564594806702,49.3747081258123
"jMWa12Hwzb7","BRI-BOS-CK","BRI-BOS-CK","BRI-BOS-CK","XWpzn7vCsjx","Bossaso",10.8223697348836,49.2673762057904
"GQsJFYdz0MB","BRI-BOS-CL","BRI-BOS-CL","BRI-BOS-CL","XWpzn7vCsjx","Bossaso",11.0551867121837,49.2262040451903
"Xo5lNgTcqfK","BRI-BOS-CM","BRI-BOS-CM","BRI-BOS-CM","XWpzn7vCsjx","Bossaso",10.9686326408118,49.7146016359815
"ZKafrelFD7J","BRI-BOS-CN","BRI-BOS-CN","BRI-BOS-CN","XWpzn7vCsjx","Bossaso",10.8013374387415,48.9659823764803
"jpzvINP9oEv","BRI-BOS-CO","BRI-BOS-CO","BRI-BOS-CO","XWpzn7vCsjx","Bossaso",11.106865083631,49.232388839108
"ZHeLXV56PE9","BRI-BOS-CP","BRI-BOS-CP","BRI-BOS-CP","XWpzn7vCsjx","Bossaso",10.5046825699144,49.243549481872
"PYAqqKBGsFD","BRI-BOS-CQ","BRI-BOS-CQ","BRI-BOS-CQ","XWpzn7vCsjx","Bossaso",11.0310543006554,49.1240283390198
"nn56bTfJNYp","BRI-BOS-CR","BRI-BOS-CR","BRI-BOS-CR","XWpzn7vCsjx","Bossaso",10.7254256157476,48.9897115331307
"nYCbwz7CaoU","BRI-BOS-CS","BRI-BOS-CS","BRI-BOS-CS","XWpzn7vCsjx","Bossaso",11.1041594493982,48.9656920077018
"tivFzRaTp6l","BRI-BOS-CT","BRI-BOS-CT","BRI-BOS-CT","XWpzn7vCsjx","Bossaso",10.6185391713002,49.086334627228
"yEIMKXGIok5","BRI-BOS-CU","BRI-BOS-CU","BRI-BOS-CU","XWpzn7vCsjx","Bossaso",11.2958138238535,49.2851493646703
"nBGsJp8wzlR","BRI-BOS-CV","BRI-BOS-CV","BRI-BOS-CV","XWpzn7vCsjx","Bossaso",11.1073998210466,49.6451789749541
"ZVrfuErL8im","BRI-BOS-CW","BRI-BOS-CW","BRI-BOS-CW","XWpzn7vCsjx","Bossaso",11.1093952146366,49.0182382202685
"w86qIrVlqsW","BRI-BOS-CX","BRI-BOS-CX","BRI-BOS-CX","XWpzn7vCsjx","Bossaso",10.6685058697282,49.1275017112522
"uPhUCxSxAdJ","BRI-BOS-CY","BRI-BOS-CY","BRI-BOS-CY","XWpzn7vCsjx","Bossaso",11.1051206182811,49.211126332464
"crAG3hqejpE","BRI-BOS-CZ","BRI-BOS-CZ","BRI-BOS-CZ","XWpzn7vCsjx","Bossaso",10.8254114053409,49.0603287946939
"CXBuM3xoFRH","BRI-BOS-D","BRI-BOS-D","BRI-BOS-D","XWpzn7vCsjx","Bossaso",11.3205322032099,49.6779241989642
"SbjyyByTD7a","BRI-BOS-DA","BRI-BOS-DA","BRI-BOS-DA","XWpzn7vCsjx","Bossaso",10.9785415059464,48.9924496421697
"DLogcvDHGc1","BRI-BOS-DB","BRI-BOS-DB","BRI-BOS-DB","XWpzn7vCsjx","Bossaso",10.6695601119311,49.3018059750928
"XrWG5sw4Yor","BRI-BOS-DC","BRI-BOS-DC","BRI-BOS-DC","XWpzn7vCsjx","Bossaso",11.3388767902571,49.622941495856
"kIJ0wCpiSQP","BRI-BOS-DD","BRI-BOS-DD","BRI-BOS-DD","XWpzn7vCsjx","Bossaso",10.9110293142557,49.4824844691375
"A7RqcjY17sG","BRI-BOS-DE","BRI-BOS-DE","BRI-BOS-DE","XWpzn7vCsjx","Bossaso",11.203902387432,49.2933290116741
"ZiOiSZPb0Rf","BRI-BOS-DF","BRI-BOS-DF","BRI-BOS-DF","XWpzn7vCsjx","Bossaso",10.885842784121,49.5763401246503
"f8yIBaP8lpc","BRI-BOS-DG","BRI-BOS-DG","BRI-BOS-DG","XWpzn7vCsjx","Bossaso",10.4321234451631,49.0424479320025
"thDEWiS9cdR","BRI-BOS-DH","BRI-BOS-DH","BRI-BOS-DH","XWpzn7vCsjx","Bossaso",11.123301203638,49.581771175957
"GQN8M0eV8le","BRI-BOS-DI","BRI-BOS-DI","BRI-BOS-DI","XWpzn7vCsjx","Bossaso",11.051601385706,49.6713462428287
"gg8RzopdqOb","BRI-BOS-DJ","BRI-BOS-DJ","BRI-BOS-DJ","XWpzn7vCsjx","Bossaso",10.8612453050001,49.2305360232947
"ksdsl5x0dOP","BRI-BOS-DK","BRI-BOS-DK","BRI-BOS-DK","XWpzn7vCsjx","Bossaso",11.153642330088,49.2996191099274
"IQMkgvxh38x","BRI-BOS-DL","BRI-BOS-DL","BRI-BOS-DL","XWpzn7vCsjx","Bossaso",11.0062145160265,49.2327118085913
"EVCFywomDXW","BRI-BOS-DM","BRI-BOS-DM","BRI-BOS-DM","XWpzn7vCsjx","Bossaso",11.4546504879475,49.7550035056949
"lyqbqZu62z8","BRI-BOS-DN","BRI-BOS-DN","BRI-BOS-DN","XWpzn7vCsjx","Bossaso",11.1206635105548,49.1090325841619
"QxUFb5fbmlq","BRI-BOS-DO","BRI-BOS-DO","BRI-BOS-DO","XWpzn7vCsjx","Bossaso",10.5356737911648,49.1627743146475
"l1p42w11cNg","BRI-BOS-DP","BRI-BOS-DP","BRI-BOS-DP","XWpzn7vCsjx","Bossaso",10.4808170580804,49.0674906864983
"WGk1a1Hns0r","BRI-BOS-DQ","BRI-BOS-DQ","BRI-BOS-DQ","XWpzn7vCsjx","Bossaso",10.9333305690702,49.188441902974
"fPvpr8t2fYl","BRI-BOS-DR","BRI-BOS-DR","BRI-BOS-DR","XWpzn7vCsjx","Bossaso",10.7059434927451,49.0996627430971
"Qsri6GU0X0f","BRI-BOS-DS","BRI-BOS-DS","BRI-BOS-DS","XWpzn7vCsjx","Bossaso",11.1778827572955,49.433182796014
"DPgYqgVi4rS","BRI-BOS-DT","BRI-BOS-DT","BRI-BOS-DT","XWpzn7vCsjx","Bossaso",11.1679471723502,49.4783749148542
"CXCpkj17b25","BRI-BOS-DU","BRI-BOS-DU","BRI-BOS-DU","XWpzn7vCsjx","Bossaso",10.6063274541313,49.1160002240993
"qHNtxZb2J25","BRI-BOS-DV","BRI-BOS-DV","BRI-BOS-DV","XWpzn7vCsjx","Bossaso",10.9252474356014,49.5216234658775
"ypbHa8JN7jq","BRI-BOS-E","BRI-BOS-E","BRI-BOS-E","XWpzn7vCsjx","Bossaso",10.9369235833205,49.4708520766428
"hGz4a4VUT4C","BRI-BOS-F","BRI-BOS-F","BRI-BOS-F","XWpzn7vCsjx","Bossaso",10.7538418423614,49.3423246618889
"j5DwjKqtznm","BRI-BOS-G","BRI-BOS-G","BRI-BOS-G","XWpzn7vCsjx","Bossaso",11.0070501817606,49.4241994152163
"ubJCnwoqfMx","BRI-BOS-H","BRI-BOS-H","BRI-BOS-H","XWpzn7vCsjx","Bossaso",10.9692225409961,49.148716495741
"W2CDeF5LjUy","BRI-BOS-I","BRI-BOS-I","BRI-BOS-I","XWpzn7vCsjx","Bossaso",11.0236094983499,49.3273929057649
"PWH3TWlLaxE","BRI-BOS-J","BRI-BOS-J","BRI-BOS-J","XWpzn7vCsjx","Bossaso",10.7586878303537,48.9750636369064
"YeP4Hmdh9Do","BRI-BOS-K","BRI-BOS-K","BRI-BOS-K","XWpzn7vCsjx","Bossaso",10.7105628715906,49.0668931547849
"MvAiZm3sNUn","BRI-BOS-L","BRI-BOS-L","BRI-BOS-L","XWpzn7vCsjx","Bossaso",11.0125451848831,49.2869215862804
"FeiLznRPpO8","BRI-BOS-M","BRI-BOS-M","BRI-BOS-M","XWpzn7vCsjx","Bossaso",11.1240942296038,49.3251543793541
"iHtit2Rt14P","BRI-BOS-N","BRI-BOS-N","BRI-BOS-N","XWpzn7vCsjx","Bossaso",10.7517603782582,49.14791506901
"jcjR50Njgx5","BRI-BOS-O","BRI-BOS-O","BRI-BOS-O","XWpzn7vCsjx","Bossaso",10.5736974645794,48.9664788458981
"vDO1kbksQZJ","BRI-BOS-P","BRI-BOS-P","BRI-BOS-P","XWpzn7vCsjx","Bossaso",10.5201972989445,49.158484772001
"WsZcarmhe7B","BRI-BOS-Q","BRI-BOS-Q","BRI-BOS-Q","XWpzn7vCsjx","Bossaso",11.3133157078256,49.6974378645078
"WjSnooxceO2","BRI-BOS-R","BRI-BOS-R","BRI-BOS-R","XWpzn7vCsjx","Bossaso",11.1984248309244,49.3674513328785
"fwPN8FmGlfm","BRI-BOS-S","BRI-BOS-S","BRI-BOS-S","XWpzn7vCsjx","Bossaso",11.3766085140574,49.6160140521066
"bOTkpgyQzlV","BRI-BOS-T","BRI-BOS-T","BRI-BOS-T","XWpzn7vCsjx","Bossaso",11.3187159511364,49.2990271644486
"TDUd9FEvvmE","BRI-BOS-U","BRI-BOS-U","BRI-BOS-U","XWpzn7vCsjx","Bossaso",11.066971349491,49.5045108678545
"cG0JqfPThzG","BRI-BOS-V","BRI-BOS-V","BRI-BOS-V","XWpzn7vCsjx","Bossaso",10.7838260533266,49.0503805432835
"GsmhQRjOjJt","BRI-BOS-W","BRI-BOS-W","BRI-BOS-W","XWpzn7vCsjx","Bossaso",10.9226758019377,49.7127417690551
"FmDMApsZVaN","BRI-BOS-X","BRI-BOS-X","BRI-BOS-X","XWpzn7vCsjx","Bossaso",11.1883017636751,49.3812317577643
"YxV1Bh03Auz","BRI-BOS-Y","BRI-BOS-Y","BRI-BOS-Y","XWpzn7vCsjx","Bossaso",11.072320009345,49.6798269894336
"ZN89987jDUD","BRI-BOS-Z","BRI-BOS-Z","BRI-BOS-Z","XWpzn7vCsjx","Bossaso",11.168002564036,49.5147155686273
"rbxU2h2oDak","MUD-GDB-A","MUD-GDB-A","MUD-GDB-A","XornWGYvt9Y","Goldogob",6.84046565055146,47.0945733346142
"HhWQA00WHv7","MUD-GDB-AA","MUD-GDB-AA","MUD-GDB-AA","XornWGYvt9Y","Goldogob",6.97363006836962,46.8798697250123
"xKej8vT2kwO","MUD-GDB-AB","MUD-GDB-AB","MUD-GDB-AB","XornWGYvt9Y","Goldogob",7.08209152195027,47.2651871316124
"vJ8jLhotbUA","MUD-GDB-AC","MUD-GDB-AC","MUD-GDB-AC","XornWGYvt9Y","Goldogob",7.23389650159526,47.2846906908692
"Mzzul11UCip","MUD-GDB-AD","MUD-GDB-AD","MUD-GDB-AD","XornWGYvt9Y","Goldogob",6.93489581666232,47.0970126072799
"xLniUd1QCN2","MUD-GDB-B","MUD-GDB-B","MUD-GDB-B","XornWGYvt9Y","Goldogob",7.31307050781358,47.1692852048845
"d2CLSnSfS7b","MUD-GDB-C","MUD-GDB-C","MUD-GDB-C","XornWGYvt9Y","Goldogob",7.09086884156933,47.1003606314726
"CEmBih0oQa6","MUD-GDB-D","MUD-GDB-D","MUD-GDB-D","XornWGYvt9Y","Goldogob",7.30408209554472,47.2872151907076
"h7N31IJPvx5","MUD-GDB-E","MUD-GDB-E","MUD-GDB-E","XornWGYvt9Y","Goldogob",7.11315957348138,47.2424453557309
"VtY4jsihkVY","MUD-GDB-F","MUD-GDB-F","MUD-GDB-F","XornWGYvt9Y","Goldogob",7.01633976419911,46.9023062013622
"WJUOmuXSrgY","MUD-GDB-G","MUD-GDB-G","MUD-GDB-G","XornWGYvt9Y","Goldogob",6.99497757739358,46.865984381777
"WDsn6Qw0NRo","MUD-GDB-H","MUD-GDB-H","MUD-GDB-H","XornWGYvt9Y","Goldogob",7.12830410348499,47.0044998024528
"oe860aMCdBF","MUD-GDB-I","MUD-GDB-I","MUD-GDB-I","XornWGYvt9Y","Goldogob",7.26953564999072,47.3186399281345
"vZFoFowHk3p","MUD-GDB-J","MUD-GDB-J","MUD-GDB-J","XornWGYvt9Y","Goldogob",7.16505475412979,47.3275017264669
"JBmuGv4eCPA","MUD-GDB-K","MUD-GDB-K","MUD-GDB-K","XornWGYvt9Y","Goldogob",7.23639666805787,47.1945721661646
"GyDtEFC0YP1","MUD-GDB-L","MUD-GDB-L","MUD-GDB-L","XornWGYvt9Y","Goldogob",6.96294525647967,46.9937339782463
"QyqQzvkAAHZ","MUD-GDB-M","MUD-GDB-M","MUD-GDB-M","XornWGYvt9Y","Goldogob",6.98300304224806,47.0076865116608
"WzjkXi4AxdQ","MUD-GDB-N","MUD-GDB-N","MUD-GDB-N","XornWGYvt9Y","Goldogob",6.85576439709228,47.0295411384091
"U9JacG2GgiG","MUD-GDB-O","MUD-GDB-O","MUD-GDB-O","XornWGYvt9Y","Goldogob",7.29673252586128,47.1871602804851
"HXHPjo7fyGQ","MUD-GDB-P","MUD-GDB-P","MUD-GDB-P","XornWGYvt9Y","Goldogob",7.19393177320684,47.3685433589588
"m4FrPd3tVMz","MUD-GDB-Q","MUD-GDB-Q","MUD-GDB-Q","XornWGYvt9Y","Goldogob",6.87626084851275,46.9976299052865
"nrMt9hAY691","MUD-GDB-R","MUD-GDB-R","MUD-GDB-R","XornWGYvt9Y","Goldogob",6.93770020249734,47.0438313692972
"Oj24K1XOntS","MUD-GDB-S","MUD-GDB-S","MUD-GDB-S","XornWGYvt9Y","Goldogob",7.33697427285419,47.1655849357393
"AqA2WtuJOT8","MUD-GDB-T","MUD-GDB-T","MUD-GDB-T","XornWGYvt9Y","Goldogob",6.90213900385688,47.2242330265298
"aBVjiIizHFO","MUD-GDB-U","MUD-GDB-U","MUD-GDB-U","XornWGYvt9Y","Goldogob",7.09404910692676,47.335547726376
"AbeDXA0iBpn","MUD-GDB-V","MUD-GDB-V","MUD-GDB-V","XornWGYvt9Y","Goldogob",6.96919876433535,46.9379396665468
"jyRvZWZynAs","MUD-GDB-W","MUD-GDB-W","MUD-GDB-W","XornWGYvt9Y","Goldogob",6.91359396848311,47.225065768171
"nrHwaWSwZ4E","MUD-GDB-X","MUD-GDB-X","MUD-GDB-X","XornWGYvt9Y","Goldogob",7.37274583048761,47.3238679879014
"jhs9QjGApbz","MUD-GDB-Y","MUD-GDB-Y","MUD-GDB-Y","XornWGYvt9Y","Goldogob",7.03717012592812,46.9988063885336
"wJ5ct2povJr","MUD-GDB-Z","MUD-GDB-Z","MUD-GDB-Z","XornWGYvt9Y","Goldogob",7.15403715481602,47.1175348203211
"ddmNrQaTSqs","AWL-SAY-A","AWL-SAY-A","AWL-SAY-A","Xtcpi9rDXJT","Zeila",10.4346291113185,43.0788442720473
"b3sHf5zF6wa","AWL-SAY-B","AWL-SAY-B","AWL-SAY-B","Xtcpi9rDXJT","Zeila",11.276051590816,43.3907121102676
"L6WB2JfKBp1","AWL-SAY-C","AWL-SAY-C","AWL-SAY-C","Xtcpi9rDXJT","Zeila",10.9652868082299,42.9653518599699
"l9IGjgNbiHZ","AWL-SAY-D","AWL-SAY-D","AWL-SAY-D","Xtcpi9rDXJT","Zeila",11.0003831324844,43.0236992360534
"jPUn7WW1As6","AWL-SAY-E","AWL-SAY-E","AWL-SAY-E","Xtcpi9rDXJT","Zeila",11.0371522166799,43.4015643824929
"N2Q9oQbsqf2","AWL-SAY-F","AWL-SAY-F","AWL-SAY-F","Xtcpi9rDXJT","Zeila",11.1143803739956,43.2751011037637
"h1O4YsA5Jvb","AWL-SAY-G","AWL-SAY-G","AWL-SAY-G","Xtcpi9rDXJT","Zeila",11.055989535509,43.0432174099627
"Ja6ju7pqriT","AWL-SAY-H","AWL-SAY-H","AWL-SAY-H","Xtcpi9rDXJT","Zeila",10.8877364602155,42.9960673508159
"RsvBAXrzl8V","AWL-SAY-I","AWL-SAY-I","AWL-SAY-I","Xtcpi9rDXJT","Zeila",11.1392398361816,43.4797481322377
"cPVW6zrRxkt","AWL-SAY-J","AWL-SAY-J","AWL-SAY-J","Xtcpi9rDXJT","Zeila",11.1464877914865,43.4600378865222
"mw1QoXhURns","AWL-SAY-K","AWL-SAY-K","AWL-SAY-K","Xtcpi9rDXJT","Zeila",10.7339159144648,42.9766726232109
"ogMGT79HWOM","AWL-SAY-L","AWL-SAY-L","AWL-SAY-L","Xtcpi9rDXJT","Zeila",10.3519479588917,43.155096530706
"Zo3QVYBEFK8","AWL-SAY-M","AWL-SAY-M","AWL-SAY-M","Xtcpi9rDXJT","Zeila",10.6650096994905,42.8470981143661
"eiS2yLA6zUv","AWL-SAY-N","AWL-SAY-N","AWL-SAY-N","Xtcpi9rDXJT","Zeila",10.3582372367804,43.2760422011814
"bD6bv8FgjN9","AWL-SAY-O","AWL-SAY-O","AWL-SAY-O","Xtcpi9rDXJT","Zeila",10.9177627499967,43.2699539101756
"t4sZ0kxeJ3I","AWL-SAY-P","AWL-SAY-P","AWL-SAY-P","Xtcpi9rDXJT","Zeila",10.5712699144405,42.9950234260121
"HbJuNE4gBaS","AWL-SAY-Q","AWL-SAY-Q","AWL-SAY-Q","Xtcpi9rDXJT","Zeila",10.7584982852623,42.9108034527773
"hDLhXqJ8fKC","AWL-SAY-R","AWL-SAY-R","AWL-SAY-R","Xtcpi9rDXJT","Zeila",10.5171036146444,43.090994787591
"rnDnre36sBp","AWL-SAY-S","AWL-SAY-S","AWL-SAY-S","Xtcpi9rDXJT","Zeila",10.8288938687945,43.2672912125647
"AKVLI06bKUa","GDD-ADD-A","GDD-ADD-A","GDD-ADD-A","Z6K0fGYPss7","Adado",5.78292893938214,47.0920361044605
"dA8CwzHEwZI","GDD-ADD-B","GDD-ADD-B","GDD-ADD-B","Z6K0fGYPss7","Adado",5.76617400476863,47.1243312404298
"lFeD5HdUdMQ","GDD-ADD-C","GDD-ADD-C","GDD-ADD-C","Z6K0fGYPss7","Adado",5.62440618263354,47.3611514230039
"vqHYN5kga6c","GDD-ADD-D","GDD-ADD-D","GDD-ADD-D","Z6K0fGYPss7","Adado",6.18591606773694,46.8027093576252
"VdGBHXr3RHM","GDD-ADD-E","GDD-ADD-E","GDD-ADD-E","Z6K0fGYPss7","Adado",6.14410365482337,47.113426190218
"DYNMeK5B892","GDD-ADD-F","GDD-ADD-F","GDD-ADD-F","Z6K0fGYPss7","Adado",6.06233372194976,47.0088714653478
"WHjHYD6NIzc","GDD-ADD-G","GDD-ADD-G","GDD-ADD-G","Z6K0fGYPss7","Adado",6.15309099338817,47.041141468972
"Okzn8cryL1H","GDD-ADD-H","GDD-ADD-H","GDD-ADD-H","Z6K0fGYPss7","Adado",5.97712348891705,47.0804088864804
"n2cm8S8afhn","GDD-ADD-I","GDD-ADD-I","GDD-ADD-I","Z6K0fGYPss7","Adado",6.09187272050041,47.1830423745937
"xIU3rjMCl0c","GDD-ADD-J","GDD-ADD-J","GDD-ADD-J","Z6K0fGYPss7","Adado",5.90358727638334,47.5086013671723
"MxPET6wed3y","GDD-ADD-K","GDD-ADD-K","GDD-ADD-K","Z6K0fGYPss7","Adado",5.8775192714807,46.9925702492875
"yiWDnnrnjVH","GDD-ADD-L","GDD-ADD-L","GDD-ADD-L","Z6K0fGYPss7","Adado",6.0704230657037,47.3349184365137
"g7RytcSoC4m","GDD-ADD-M","GDD-ADD-M","GDD-ADD-M","Z6K0fGYPss7","Adado",5.51648425446843,47.4716057643005
"raT5BEwHL0M","GDD-ADD-N","GDD-ADD-N","GDD-ADD-N","Z6K0fGYPss7","Adado",5.99630748597784,46.5435325128942
"k1m2KfxqI2v","GDD-ADD-O","GDD-ADD-O","GDD-ADD-O","Z6K0fGYPss7","Adado",6.23996568975917,47.1654270492205
"JPUhWcgqtD3","GDD-ADD-P","GDD-ADD-P","GDD-ADD-P","Z6K0fGYPss7","Adado",5.54786770359603,47.4256210783697
"ERVfGzGVGxD","GDD-ADD-Q","GDD-ADD-Q","GDD-ADD-Q","Z6K0fGYPss7","Adado",5.81632429976287,46.9552365409452
"bESKb35GzYu","GDD-ADD-R","GDD-ADD-R","GDD-ADD-R","Z6K0fGYPss7","Adado",6.10087997923341,47.247009241633
"YII93yNGw9S","GDD-ADD-S","GDD-ADD-S","GDD-ADD-S","Z6K0fGYPss7","Adado",5.857900591379,46.7622426057635
"VUKPsc1X8Fj","GDD-ADD-T","GDD-ADD-T","GDD-ADD-T","Z6K0fGYPss7","Adado",5.72470011868618,47.0682281467936
"beYsMy9oMCQ","GDD-ADD-U","GDD-ADD-U","GDD-ADD-U","Z6K0fGYPss7","Adado",5.92989741737425,46.9552233664317
"WmXzrdA2yGQ","GDD-ADD-V","GDD-ADD-V","GDD-ADD-V","Z6K0fGYPss7","Adado",6.10460401614377,47.0103648559197
"vACbnEfPy0n","SOL-TEL-A","SOL-TEL-A","SOL-TEL-A","ZPUdTLc7DmK","Taleh",9.53988652226642,47.9917476928481
"Tm3KSA33Ozo","SOL-TEL-B","SOL-TEL-B","SOL-TEL-B","ZPUdTLc7DmK","Taleh",9.47123126568687,48.418762111113
"beZCodQmUnv","SOL-TEL-C","SOL-TEL-C","SOL-TEL-C","ZPUdTLc7DmK","Taleh",8.87567728597583,48.2236670105079
"T3pGd1px8oF","SOL-TEL-D","SOL-TEL-D","SOL-TEL-D","ZPUdTLc7DmK","Taleh",8.68118608651925,48.3966076620365
"woqYY3uss25","SOL-TEL-E","SOL-TEL-E","SOL-TEL-E","ZPUdTLc7DmK","Taleh",8.83695447467557,48.1493312780602
"wh3xyNEKrKx","SOL-TEL-F","SOL-TEL-F","SOL-TEL-F","ZPUdTLc7DmK","Taleh",8.59163606644965,48.4424251756401
"NvVPa9PPFww","SOL-TEL-G","SOL-TEL-G","SOL-TEL-G","ZPUdTLc7DmK","Taleh",9.03513693071348,48.5145754148838
"o3ckq2wdmIb","SOL-TEL-H","SOL-TEL-H","SOL-TEL-H","ZPUdTLc7DmK","Taleh",9.04201226490865,48.5404729581106
"P5m78Q09SyP","SOL-TEL-I","SOL-TEL-I","SOL-TEL-I","ZPUdTLc7DmK","Taleh",9.30203296096851,48.8555567037163
"Mj9lyE7YmY1","SOL-TEL-J","SOL-TEL-J","SOL-TEL-J","ZPUdTLc7DmK","Taleh",9.4725684640971,48.2250210733488
"dcK2g6OvrJT","SOL-TEL-K","SOL-TEL-K","SOL-TEL-K","ZPUdTLc7DmK","Taleh",8.8756243304322,48.4874826488526
"j5noIofOJ5t","SOL-TEL-L","SOL-TEL-L","SOL-TEL-L","ZPUdTLc7DmK","Taleh",8.69628977794258,47.9493767819593
"g27LniPkN00","SOL-TEL-M","SOL-TEL-M","SOL-TEL-M","ZPUdTLc7DmK","Taleh",8.75226635615019,48.2812479871404
"C0FOvge0VqV","SOL-TEL-N","SOL-TEL-N","SOL-TEL-N","ZPUdTLc7DmK","Taleh",9.40994625224369,47.9092393943577
"E7vBpdqZAv6","SOL-TEL-O","SOL-TEL-O","SOL-TEL-O","ZPUdTLc7DmK","Taleh",9.34077561900722,48.8727687920977
"PAW3HxvE4NV","SOL-TEL-P","SOL-TEL-P","SOL-TEL-P","ZPUdTLc7DmK","Taleh",9.20927017680319,48.4812631944548
"ccaWD2efRKG","TOG-ANB-A","TOG-ANB-A","TOG-ANB-A","ZQRXaPgdZJV","Aynabo",9.13040998842352,46.2350953586269
"XBy6f6bndjK","TOG-ANB-B","TOG-ANB-B","TOG-ANB-B","ZQRXaPgdZJV","Aynabo",9.36092047573664,46.4907789582812
"whllEO98uf4","TOG-ANB-C","TOG-ANB-C","TOG-ANB-C","ZQRXaPgdZJV","Aynabo",9.26522033425455,46.5976074095188
"nPQ44Bqbb0C","TOG-ANB-D","TOG-ANB-D","TOG-ANB-D","ZQRXaPgdZJV","Aynabo",9.61972551146701,46.0914419707717
"TkTeBrYu7Tl","TOG-ANB-E","TOG-ANB-E","TOG-ANB-E","ZQRXaPgdZJV","Aynabo",9.62690842802554,46.1962849190168
"IGwaPXHgSHd","TOG-ANB-F","TOG-ANB-F","TOG-ANB-F","ZQRXaPgdZJV","Aynabo",9.19620149673506,46.8221319643045
"vgPqRXbojQl","TOG-ANB-G","TOG-ANB-G","TOG-ANB-G","ZQRXaPgdZJV","Aynabo",8.90949612418807,46.5004301469817
"A9yqDhpxwrC","TOG-ANB-H","TOG-ANB-H","TOG-ANB-H","ZQRXaPgdZJV","Aynabo",9.07053226097522,46.7332856718007
"CnF1MfCFW35","TOG-ANB-I","TOG-ANB-I","TOG-ANB-I","ZQRXaPgdZJV","Aynabo",9.48882580398802,46.3231805088682
"mZDrnXB2moG","TOG-ANB-J","TOG-ANB-J","TOG-ANB-J","ZQRXaPgdZJV","Aynabo",9.956032416766,46.0828205447323
"YGh2e3toIqd","TOG-ANB-K","TOG-ANB-K","TOG-ANB-K","ZQRXaPgdZJV","Aynabo",9.08170754222716,46.519181780628
"YCpr0HouXJy","TOG-ANB-L","TOG-ANB-L","TOG-ANB-L","ZQRXaPgdZJV","Aynabo",9.45042030865855,46.3359403115615
"kdkGe335qUA","TOG-ANB-M","TOG-ANB-M","TOG-ANB-M","ZQRXaPgdZJV","Aynabo",8.75032728292037,46.5767317903488
"yzMdfRx7Rw7","TOG-ANB-N","TOG-ANB-N","TOG-ANB-N","ZQRXaPgdZJV","Aynabo",9.25606349419468,46.2947041224216
"S0KovDWVPLn","TOG-ANB-O","TOG-ANB-O","TOG-ANB-O","ZQRXaPgdZJV","Aynabo",9.23606240508966,46.2607863684055
"UC7T8hbX2lw","TOG-ANB-P","TOG-ANB-P","TOG-ANB-P","ZQRXaPgdZJV","Aynabo",9.81378955714139,46.2275480422669
"aGhkVBQudGn","TOG-ANB-Q","TOG-ANB-Q","TOG-ANB-Q","ZQRXaPgdZJV","Aynabo",9.36142762869248,46.4263729255088
"PWskHJ2xgyp","TOG-ANB-R","TOG-ANB-R","TOG-ANB-R","ZQRXaPgdZJV","Aynabo",9.28578502910738,46.0872704863523
"c9J7oirdwRo","TOG-ANB-S","TOG-ANB-S","TOG-ANB-S","ZQRXaPgdZJV","Aynabo",9.67996643452335,46.2549929213917
"O14OUkX5X1d","TOG-ANB-T","TOG-ANB-T","TOG-ANB-T","ZQRXaPgdZJV","Aynabo",9.95142407794885,46.2178532442264
"xojcfIfUlnn","TOG-ANB-U","TOG-ANB-U","TOG-ANB-U","ZQRXaPgdZJV","Aynabo",9.01077131041422,46.8813719182413
"Tq6R1CasHA6","TOG-ANB-V","TOG-ANB-V","TOG-ANB-V","ZQRXaPgdZJV","Aynabo",9.32401965249874,46.2661071075553
"mq9MqzVy9fq","TOG-ANB-W","TOG-ANB-W","TOG-ANB-W","ZQRXaPgdZJV","Aynabo",9.16158454648677,46.1807449941224
"XWQsDr69qz9","TOG-ANB-X","TOG-ANB-X","TOG-ANB-X","ZQRXaPgdZJV","Aynabo",8.98718949501275,46.2978633528138
"QYHc3vvf0xB","GDD-GLS-A","GDD-GLS-A","GDD-GLS-A","ZSXFOUobJqw","Galinsoor",6.35635016159317,46.9036336349188
"fDZkJ2rxGJO","GDD-GLS-B","GDD-GLS-B","GDD-GLS-B","ZSXFOUobJqw","Galinsoor",6.4902293562494,46.8603360020618
"trvuZJI9SvN","GDD-GLS-C","GDD-GLS-C","GDD-GLS-C","ZSXFOUobJqw","Galinsoor",6.35832451989853,46.750191978807
"bRGiaB555kL","GDD-GLS-D","GDD-GLS-D","GDD-GLS-D","ZSXFOUobJqw","Galinsoor",6.46397311184368,46.5591571205166
"uTdvhuyZ45K","GDD-GLS-E","GDD-GLS-E","GDD-GLS-E","ZSXFOUobJqw","Galinsoor",6.2658096212134,46.6542843582825
"JFXni658rwe","GDD-GLS-F","GDD-GLS-F","GDD-GLS-F","ZSXFOUobJqw","Galinsoor",6.2537280054506,47.0319579993625
"NksCv4X7XqV","GDD-GLS-G","GDD-GLS-G","GDD-GLS-G","ZSXFOUobJqw","Galinsoor",6.47849393416557,46.7581912327731
"S5D1rM9NvaM","GDD-GLS-H","GDD-GLS-H","GDD-GLS-H","ZSXFOUobJqw","Galinsoor",6.62346695033606,46.7385547861129
"iI3kt8cJuEy","GDD-GLS-I","GDD-GLS-I","GDD-GLS-I","ZSXFOUobJqw","Galinsoor",6.25474185661871,46.941246313028
"CfpXLaTlGS4","GDD-GLS-J","GDD-GLS-J","GDD-GLS-J","ZSXFOUobJqw","Galinsoor",6.37479988777964,46.8620871336577
"XVhR7njXnie","GDD-GLS-K","GDD-GLS-K","GDD-GLS-K","ZSXFOUobJqw","Galinsoor",6.54279714552189,46.8369778440298
"VxMfivyZs2z","BAY-DNS-A","BAY-DNS-A","BAY-DNS-A","ZugUvFXB0Rn","Dinsoor",1.83010848622226,43.4590243456609
"xWuCpB14pQ0","BAY-DNS-AA","BAY-DNS-AA","BAY-DNS-AA","ZugUvFXB0Rn","Dinsoor",2.26877779370293,42.8939913539341
"OVAHkBRHU2K","BAY-DNS-AB","BAY-DNS-AB","BAY-DNS-AB","ZugUvFXB0Rn","Dinsoor",2.06665992421948,42.8338566604088
"KDIcdPaYWOg","BAY-DNS-AC","BAY-DNS-AC","BAY-DNS-AC","ZugUvFXB0Rn","Dinsoor",1.93828004462802,42.6991338197185
"sF1uGVAycrf","BAY-DNS-AD","BAY-DNS-AD","BAY-DNS-AD","ZugUvFXB0Rn","Dinsoor",2.49854449219706,42.6151364349706
"qngPjfaX3OC","BAY-DNS-AE","BAY-DNS-AE","BAY-DNS-AE","ZugUvFXB0Rn","Dinsoor",2.04076265385231,42.4370096092916
"hJQDbvmcSAK","BAY-DNS-AF","BAY-DNS-AF","BAY-DNS-AF","ZugUvFXB0Rn","Dinsoor",2.12034022504732,42.8907438939544
"LxmShT8sanW","BAY-DNS-AG","BAY-DNS-AG","BAY-DNS-AG","ZugUvFXB0Rn","Dinsoor",1.89854920202946,43.2536789214019
"Rw7SLeABHQG","BAY-DNS-AH","BAY-DNS-AH","BAY-DNS-AH","ZugUvFXB0Rn","Dinsoor",1.99608017162757,43.3776365678008
"Msxci61u5eG","BAY-DNS-AI","BAY-DNS-AI","BAY-DNS-AI","ZugUvFXB0Rn","Dinsoor",1.87284853035063,42.622130934941
"SRtpUK6rLkt","BAY-DNS-AJ","BAY-DNS-AJ","BAY-DNS-AJ","ZugUvFXB0Rn","Dinsoor",2.22347528708659,43.1429651213841
"Gt2qJ9rPvjr","BAY-DNS-AK","BAY-DNS-AK","BAY-DNS-AK","ZugUvFXB0Rn","Dinsoor",1.92033745477753,43.2277711580625
"S6VTXTm0Dpv","BAY-DNS-AL","BAY-DNS-AL","BAY-DNS-AL","ZugUvFXB0Rn","Dinsoor",2.06162943941258,42.5959349435346
"rwlsY1fwiRZ","BAY-DNS-AM","BAY-DNS-AM","BAY-DNS-AM","ZugUvFXB0Rn","Dinsoor",2.37485162347633,43.0585708775975
"Rhm63az2mWY","BAY-DNS-AN","BAY-DNS-AN","BAY-DNS-AN","ZugUvFXB0Rn","Dinsoor",1.84201141938752,43.3214766798149
"rEvGKU6DABf","BAY-DNS-B","BAY-DNS-B","BAY-DNS-B","ZugUvFXB0Rn","Dinsoor",1.69447021123567,42.7976901575175
"nFCiUvQzRx0","BAY-DNS-C","BAY-DNS-C","BAY-DNS-C","ZugUvFXB0Rn","Dinsoor",1.73945264883457,42.9902143251154
"wQFydSgRExm","BAY-DNS-D","BAY-DNS-D","BAY-DNS-D","ZugUvFXB0Rn","Dinsoor",1.91724840976582,42.7482501866573
"m8sv2eoeXN0","BAY-DNS-E","BAY-DNS-E","BAY-DNS-E","ZugUvFXB0Rn","Dinsoor",2.24428703388372,43.0440235733468
"dv30zj4d9fq","BAY-DNS-F","BAY-DNS-F","BAY-DNS-F","ZugUvFXB0Rn","Dinsoor",2.35132400444137,42.6013554487233
"xUD2Mk8fYrG","BAY-DNS-G","BAY-DNS-G","BAY-DNS-G","ZugUvFXB0Rn","Dinsoor",1.94178298945993,42.7650675883351
"O96oKUeHlKz","BAY-DNS-H","BAY-DNS-H","BAY-DNS-H","ZugUvFXB0Rn","Dinsoor",1.58695205178461,42.9100128834831
"U6qDlcAtS8P","BAY-DNS-I","BAY-DNS-I","BAY-DNS-I","ZugUvFXB0Rn","Dinsoor",1.92707353840582,43.157976292637
"y8hCAif4AS4","BAY-DNS-J","BAY-DNS-J","BAY-DNS-J","ZugUvFXB0Rn","Dinsoor",2.27091452551719,42.9040573893623
"iflHjOidBfZ","BAY-DNS-K","BAY-DNS-K","BAY-DNS-K","ZugUvFXB0Rn","Dinsoor",2.05870730338647,42.8047050268927
"bsPl0xGKMCD","BAY-DNS-L","BAY-DNS-L","BAY-DNS-L","ZugUvFXB0Rn","Dinsoor",1.98598442518143,43.1131643960889
"YEMqguh2Olg","BAY-DNS-M","BAY-DNS-M","BAY-DNS-M","ZugUvFXB0Rn","Dinsoor",2.30014933496531,42.8908577396106
"nekxvWPsLQ5","BAY-DNS-N","BAY-DNS-N","BAY-DNS-N","ZugUvFXB0Rn","Dinsoor",1.94254463321663,42.7621426017364
"SRdesOhLk2T","BAY-DNS-O","BAY-DNS-O","BAY-DNS-O","ZugUvFXB0Rn","Dinsoor",2.07407347070243,42.8118638692509
"XuRaHZJOWEM","BAY-DNS-P","BAY-DNS-P","BAY-DNS-P","ZugUvFXB0Rn","Dinsoor",2.30318847221297,42.8923959596791
"xK9PcBttWYL","BAY-DNS-Q","BAY-DNS-Q","BAY-DNS-Q","ZugUvFXB0Rn","Dinsoor",1.79029688895258,43.208209764304
"oDqADrNDyeC","BAY-DNS-R","BAY-DNS-R","BAY-DNS-R","ZugUvFXB0Rn","Dinsoor",2.15086833231058,43.1981080295667
"Dmd4F8sEmd4","BAY-DNS-S","BAY-DNS-S","BAY-DNS-S","ZugUvFXB0Rn","Dinsoor",1.95089471868318,42.8871707382263
"Xmnp2on8nxH","BAY-DNS-T","BAY-DNS-T","BAY-DNS-T","ZugUvFXB0Rn","Dinsoor",2.43343598720311,43.2978931026131
"frxALYfMOxv","BAY-DNS-U","BAY-DNS-U","BAY-DNS-U","ZugUvFXB0Rn","Dinsoor",1.57086067866308,42.9057615478602
"ppOZ9qOkj2S","BAY-DNS-V","BAY-DNS-V","BAY-DNS-V","ZugUvFXB0Rn","Dinsoor",2.23030864926923,42.463870385367
"AjjmCCFjAq4","BAY-DNS-W","BAY-DNS-W","BAY-DNS-W","ZugUvFXB0Rn","Dinsoor",2.0141527850988,42.6303112119223
"hh7rB2K3hfh","BAY-DNS-X","BAY-DNS-X","BAY-DNS-X","ZugUvFXB0Rn","Dinsoor",1.5286355781417,42.9219085654843
"awSC5kcqmWl","BAY-DNS-Y","BAY-DNS-Y","BAY-DNS-Y","ZugUvFXB0Rn","Dinsoor",2.37969229898405,42.6737081650692
"pbaghe3hGqA","BAY-DNS-Z","BAY-DNS-Z","BAY-DNS-Z","ZugUvFXB0Rn","Dinsoor",1.96604658749414,43.183074817196
"KFy7sCN2qOh","BAN-BDB-A","BAN-BDB-A","BAN-BDB-A","ZwSXGKsND6T","Bondere",2.03904791782187,45.3377290575069
"vY3TEtAeMo6","BAN-BDB-B","BAN-BDB-B","BAN-BDB-B","ZwSXGKsND6T","Bondere",2.04604619772911,45.3405245606459
"AUCDTrFfmX0","BAN-BDB-C","BAN-BDB-C","BAN-BDB-C","ZwSXGKsND6T","Bondere",2.04103166252472,45.3372080635528
"cJMJ6SRKOQj","BAN-BDB-D","BAN-BDB-D","BAN-BDB-D","ZwSXGKsND6T","Bondere",2.04131493806461,45.3381818034802
"Pv7AWFeoRwH","BAN-BDB-E","BAN-BDB-E","BAN-BDB-E","ZwSXGKsND6T","Bondere",2.0451979696548,45.341410812767
"jAnXqgUKEjt","BAN-BDB-F","BAN-BDB-F","BAN-BDB-F","ZwSXGKsND6T","Bondere",2.04221083311464,45.3441025087188
"sLMYF0xVeGW","BAN-BDB-G","BAN-BDB-G","BAN-BDB-G","ZwSXGKsND6T","Bondere",2.04052241571997,45.3406321474367
"tyUGZq81Tul","BAN-BDB-H","BAN-BDB-H","BAN-BDB-H","ZwSXGKsND6T","Bondere",2.0511043065983,45.341068105079
"vgZeR4R1qak","BAN-BDB-I","BAN-BDB-I","BAN-BDB-I","ZwSXGKsND6T","Bondere",2.05145873016891,45.340986629279
"QR4CUaGUpxk","BAN-BDB-J","BAN-BDB-J","BAN-BDB-J","ZwSXGKsND6T","Bondere",2.04669154404179,45.3410376836916
"FY6l4FyuypS","GDO-DLO-A","GDO-DLO-A","GDO-DLO-A","a6VxTo3Vwuw","Dolo",4.07123908912619,42.1621126458003
"yTM2Wrqo164","GDO-DLO-AA","GDO-DLO-AA","GDO-DLO-AA","a6VxTo3Vwuw","Dolo",4.1609190806458,42.0877744245016
"rl0Al9ONzAR","GDO-DLO-AB","GDO-DLO-AB","GDO-DLO-AB","a6VxTo3Vwuw","Dolo",4.07495957765216,42.0725743476867
"UZnhdVuNcMp","GDO-DLO-AC","GDO-DLO-AC","GDO-DLO-AC","a6VxTo3Vwuw","Dolo",4.05633818634039,42.1007477739528
"rZMnJy5uWrw","GDO-DLO-B","GDO-DLO-B","GDO-DLO-B","a6VxTo3Vwuw","Dolo",4.15295513795296,42.0721815316216
"Tx9eUIy0tuV","GDO-DLO-C","GDO-DLO-C","GDO-DLO-C","a6VxTo3Vwuw","Dolo",4.04138699969489,42.0427091481351
"lkWXmDoPYtQ","GDO-DLO-D","GDO-DLO-D","GDO-DLO-D","a6VxTo3Vwuw","Dolo",4.15426781265352,42.1671262341126
"VikgRO9gC68","GDO-DLO-E","GDO-DLO-E","GDO-DLO-E","a6VxTo3Vwuw","Dolo",4.16855678515356,42.1821394386093
"u6JsfjXTNTD","GDO-DLO-F","GDO-DLO-F","GDO-DLO-F","a6VxTo3Vwuw","Dolo",4.17046659213888,42.2028902306003
"nU1ix6UIs7T","GDO-DLO-G","GDO-DLO-G","GDO-DLO-G","a6VxTo3Vwuw","Dolo",4.09941133641925,42.145289847098
"QMRk3JakeTw","GDO-DLO-H","GDO-DLO-H","GDO-DLO-H","a6VxTo3Vwuw","Dolo",4.18053441976725,42.2460848714545
"xTUcThp25QT","GDO-DLO-I","GDO-DLO-I","GDO-DLO-I","a6VxTo3Vwuw","Dolo",4.12583092144941,42.0578909154572
"XaE7WZI3NTW","GDO-DLO-J","GDO-DLO-J","GDO-DLO-J","a6VxTo3Vwuw","Dolo",4.05620772350768,42.1611150229212
"RipyvWtiFSB","GDO-DLO-K","GDO-DLO-K","GDO-DLO-K","a6VxTo3Vwuw","Dolo",4.07919828138577,42.0985769859711
"ZbjTlyoSNXo","GDO-DLO-L","GDO-DLO-L","GDO-DLO-L","a6VxTo3Vwuw","Dolo",4.13393546268353,42.0730372709505
"SmYXOWg4GfM","GDO-DLO-M","GDO-DLO-M","GDO-DLO-M","a6VxTo3Vwuw","Dolo",4.17825636613216,42.1870255200012
"OWecpKZW4si","GDO-DLO-N","GDO-DLO-N","GDO-DLO-N","a6VxTo3Vwuw","Dolo",4.12307096877455,42.1272865935354
"OHh4csK8DMe","GDO-DLO-O","GDO-DLO-O","GDO-DLO-O","a6VxTo3Vwuw","Dolo",4.03798371409992,42.0926251580401
"Fc42rbvgGmf","GDO-DLO-P","GDO-DLO-P","GDO-DLO-P","a6VxTo3Vwuw","Dolo",4.13207660549294,42.0494212899439
"BiN71uNVSQU","GDO-DLO-Q","GDO-DLO-Q","GDO-DLO-Q","a6VxTo3Vwuw","Dolo",4.10394303790904,42.0569024791655
"IssugzoJxA8","GDO-DLO-R","GDO-DLO-R","GDO-DLO-R","a6VxTo3Vwuw","Dolo",4.15974790673656,42.1700042150145
"CVr48qANgzr","GDO-DLO-S","GDO-DLO-S","GDO-DLO-S","a6VxTo3Vwuw","Dolo",4.01138752479537,42.0971490410974
"TfDMFtbL9IR","GDO-DLO-T","GDO-DLO-T","GDO-DLO-T","a6VxTo3Vwuw","Dolo",4.17415046361565,42.176958467873
"aUJ41Q1AL29","GDO-DLO-U","GDO-DLO-U","GDO-DLO-U","a6VxTo3Vwuw","Dolo",4.00157399866214,42.1209944623199
"bSgsoYERDBX","GDO-DLO-V","GDO-DLO-V","GDO-DLO-V","a6VxTo3Vwuw","Dolo",4.10021834395841,42.0205737611004
"NNJLzlHwePk","GDO-DLO-W","GDO-DLO-W","GDO-DLO-W","a6VxTo3Vwuw","Dolo",4.1612387199345,42.1428860903945
"AKeVQy7m5DU","GDO-DLO-X","GDO-DLO-X","GDO-DLO-X","a6VxTo3Vwuw","Dolo",4.06430244044674,42.1274393376777
"Wpzrk4o09gb","GDO-DLO-Y","GDO-DLO-Y","GDO-DLO-Y","a6VxTo3Vwuw","Dolo",4.09026921180569,42.1773979054932
"oi55VgmpjXo","GDO-DLO-Z","GDO-DLO-Z","GDO-DLO-Z","a6VxTo3Vwuw","Dolo",4.16687792754054,42.1505295990881
"BwKzQvemwmf","BKL-HUD-A","BKL-HUD-A","BKL-HUD-A","a7nb8Xz1VYU","Hudur",4.36630636262818,44.2106508073678
"XL0tIp79UIq","BKL-HUD-AA","BKL-HUD-AA","BKL-HUD-AA","a7nb8Xz1VYU","Hudur",4.29687725259319,43.4966736467994
"uFYSW0qABHw","BKL-HUD-AB","BKL-HUD-AB","BKL-HUD-AB","a7nb8Xz1VYU","Hudur",3.8159081970592,44.0945758608799
"pKQSkSR8143","BKL-HUD-AC","BKL-HUD-AC","BKL-HUD-AC","a7nb8Xz1VYU","Hudur",4.41341200336466,44.2495813665988
"yAiMvGbNVoP","BKL-HUD-AD","BKL-HUD-AD","BKL-HUD-AD","a7nb8Xz1VYU","Hudur",4.37658010045619,43.3564925181126
"bdpmpsSoEra","BKL-HUD-AE","BKL-HUD-AE","BKL-HUD-AE","a7nb8Xz1VYU","Hudur",4.16070880739976,44.1337645537069
"jYWPk77P1c4","BKL-HUD-B","BKL-HUD-B","BKL-HUD-B","a7nb8Xz1VYU","Hudur",4.43388450477559,44.1427113766979
"ThnBdYXKGrJ","BKL-HUD-C","BKL-HUD-C","BKL-HUD-C","a7nb8Xz1VYU","Hudur",4.10179335487359,44.1200410000665
"O5SiuOUGZDd","BKL-HUD-D","BKL-HUD-D","BKL-HUD-D","a7nb8Xz1VYU","Hudur",3.85956110479499,44.1074074299481
"vQU6WfDICmK","BKL-HUD-E","BKL-HUD-E","BKL-HUD-E","a7nb8Xz1VYU","Hudur",3.79540620492635,43.9816703292231
"CsYvJHh9n2t","BKL-HUD-F","BKL-HUD-F","BKL-HUD-F","a7nb8Xz1VYU","Hudur",3.89470575733512,44.0125511774858
"givecdUxMpu","BKL-HUD-G","BKL-HUD-G","BKL-HUD-G","a7nb8Xz1VYU","Hudur",4.03392055281543,44.0878293431421
"L2zhF9UzQBU","BKL-HUD-H","BKL-HUD-H","BKL-HUD-H","a7nb8Xz1VYU","Hudur",4.38147836484387,43.8355324923057
"Kkhq9pq91LE","BKL-HUD-I","BKL-HUD-I","BKL-HUD-I","a7nb8Xz1VYU","Hudur",4.11672128870373,43.6079394398684
"DMZxXL8EzLK","BKL-HUD-J","BKL-HUD-J","BKL-HUD-J","a7nb8Xz1VYU","Hudur",3.94917774756565,44.0267390132864
"r4VDOmAiD5R","BKL-HUD-K","BKL-HUD-K","BKL-HUD-K","a7nb8Xz1VYU","Hudur",4.41529493642031,44.1385593879958
"qmxgreeiFvS","BKL-HUD-L","BKL-HUD-L","BKL-HUD-L","a7nb8Xz1VYU","Hudur",4.11946388617961,44.270869547565
"W2dwnK06Vyl","BKL-HUD-M","BKL-HUD-M","BKL-HUD-M","a7nb8Xz1VYU","Hudur",4.42843872067337,43.5818550856288
"TEDMRCQLffQ","BKL-HUD-N","BKL-HUD-N","BKL-HUD-N","a7nb8Xz1VYU","Hudur",4.1181910536669,44.0767623250545
"I7U0KavNAnV","BKL-HUD-O","BKL-HUD-O","BKL-HUD-O","a7nb8Xz1VYU","Hudur",4.08860459477355,44.1277445258745
"jpoYcUTTTLB","BKL-HUD-P","BKL-HUD-P","BKL-HUD-P","a7nb8Xz1VYU","Hudur",3.99323050751882,44.0271048642342
"SgD8ZC5kgpG","BKL-HUD-Q","BKL-HUD-Q","BKL-HUD-Q","a7nb8Xz1VYU","Hudur",4.26881745313499,43.792249515929
"wfgw3hO8lft","BKL-HUD-R","BKL-HUD-R","BKL-HUD-R","a7nb8Xz1VYU","Hudur",4.2854779355499,43.7080879102374
"WaByq78Obck","BKL-HUD-S","BKL-HUD-S","BKL-HUD-S","a7nb8Xz1VYU","Hudur",4.14720038932697,43.8233201249817
"YvOGVc7QHFN","BKL-HUD-T","BKL-HUD-T","BKL-HUD-T","a7nb8Xz1VYU","Hudur",3.84946701778789,43.7790648916749
"QcxhHjUjoFy","BKL-HUD-U","BKL-HUD-U","BKL-HUD-U","a7nb8Xz1VYU","Hudur",4.37563454852551,43.6256274331324
"mLBKSAyqnYU","BKL-HUD-V","BKL-HUD-V","BKL-HUD-V","a7nb8Xz1VYU","Hudur",4.28624776031855,43.5943405564619
"xcunuBlxtJ7","BKL-HUD-W","BKL-HUD-W","BKL-HUD-W","a7nb8Xz1VYU","Hudur",4.43869469018366,43.4689818615056
"tnlVxweTBBc","BKL-HUD-X","BKL-HUD-X","BKL-HUD-X","a7nb8Xz1VYU","Hudur",4.00631011486142,43.9734865365814
"AtyZQIi14PR","BKL-HUD-Y","BKL-HUD-Y","BKL-HUD-Y","a7nb8Xz1VYU","Hudur",4.26672946170609,43.6231812586028
"upCQR9A0VgK","BKL-HUD-Z","BKL-HUD-Z","BKL-HUD-Z","a7nb8Xz1VYU","Hudur",4.00447927901365,44.1447163175577
"RgVJIvmo87p","BAN-DYN-A","BAN-DYN-A","BAN-DYN-A","agz6heILGq5","Danyile",2.10327382016039,45.2923789455353
"Xlzk82a1nAi","BAN-DYN-AA","BAN-DYN-AA","BAN-DYN-AA","agz6heILGq5","Danyile",2.06659230502578,45.2862294081144
"TVBlW5tnt6W","BAN-DYN-AB","BAN-DYN-AB","BAN-DYN-AB","agz6heILGq5","Danyile",2.10355537929594,45.3171525632035
"SDBEVtpX4xy","BAN-DYN-AC","BAN-DYN-AC","BAN-DYN-AC","agz6heILGq5","Danyile",2.10526539129706,45.3209245106524
"QJuEedE2w1g","BAN-DYN-AD","BAN-DYN-AD","BAN-DYN-AD","agz6heILGq5","Danyile",2.06225946450022,45.3066224312939
"aEhjJJ0g8Yh","BAN-DYN-AE","BAN-DYN-AE","BAN-DYN-AE","agz6heILGq5","Danyile",2.07185040501459,45.2312571716184
"AhHCO8P2tYx","BAN-DYN-AF","BAN-DYN-AF","BAN-DYN-AF","agz6heILGq5","Danyile",2.12700241514268,45.2801602199326
"bbxnNJNSICL","BAN-DYN-AG","BAN-DYN-AG","BAN-DYN-AG","agz6heILGq5","Danyile",2.12760823962207,45.3059920688594
"X0xtA29MCdV","BAN-DYN-AH","BAN-DYN-AH","BAN-DYN-AH","agz6heILGq5","Danyile",2.09637140032803,45.3107737341688
"Ur4xf0LtBuA","BAN-DYN-B","BAN-DYN-B","BAN-DYN-B","agz6heILGq5","Danyile",2.11048686923958,45.2639155825688
"kZt3uz8byIc","BAN-DYN-C","BAN-DYN-C","BAN-DYN-C","agz6heILGq5","Danyile",2.10724918658467,45.3231963320189
"ec8mGIDA4xQ","BAN-DYN-D","BAN-DYN-D","BAN-DYN-D","agz6heILGq5","Danyile",2.08113760633434,45.3131131360057
"XF9MCexS2Ls","BAN-DYN-E","BAN-DYN-E","BAN-DYN-E","agz6heILGq5","Danyile",2.07553533383818,45.3000997547235
"TN3KETP3wgh","BAN-DYN-F","BAN-DYN-F","BAN-DYN-F","agz6heILGq5","Danyile",2.08770246916427,45.2812918863121
"yfAlUVr4euZ","BAN-DYN-G","BAN-DYN-G","BAN-DYN-G","agz6heILGq5","Danyile",2.10402005063265,45.2926662514146
"M6LIvm684Vs","BAN-DYN-H","BAN-DYN-H","BAN-DYN-H","agz6heILGq5","Danyile",2.09587665062259,45.2520283376609
"zJWjr8yc7bp","BAN-DYN-I","BAN-DYN-I","BAN-DYN-I","agz6heILGq5","Danyile",2.08708406620899,45.3223019763899
"J0Exfv4beuj","BAN-DYN-J","BAN-DYN-J","BAN-DYN-J","agz6heILGq5","Danyile",2.1246159992214,45.2807447683196
"Ce2UKxoGoNa","BAN-DYN-K","BAN-DYN-K","BAN-DYN-K","agz6heILGq5","Danyile",2.07019493920317,45.2973203560898
"NomasuLIQ0q","BAN-DYN-L","BAN-DYN-L","BAN-DYN-L","agz6heILGq5","Danyile",2.08191930152366,45.2712649073802
"bobvIvunFsn","BAN-DYN-M","BAN-DYN-M","BAN-DYN-M","agz6heILGq5","Danyile",2.10210446734965,45.2717422537933
"e1lHcCH0b0i","BAN-DYN-N","BAN-DYN-N","BAN-DYN-N","agz6heILGq5","Danyile",2.10699878972412,45.2966757552756
"x5OOwvdHyGS","BAN-DYN-O","BAN-DYN-O","BAN-DYN-O","agz6heILGq5","Danyile",2.13435900234096,45.2896528715697
"Rp1l58kAYmG","BAN-DYN-P","BAN-DYN-P","BAN-DYN-P","agz6heILGq5","Danyile",2.09457860348608,45.291580176617
"HIRug4XMpEH","BAN-DYN-Q","BAN-DYN-Q","BAN-DYN-Q","agz6heILGq5","Danyile",2.09805647051176,45.2561012596457
"DCEqpdJtFEM","BAN-DYN-R","BAN-DYN-R","BAN-DYN-R","agz6heILGq5","Danyile",2.07942463500602,45.261513449003
"EjBGxYYcUPh","BAN-DYN-S","BAN-DYN-S","BAN-DYN-S","agz6heILGq5","Danyile",2.06792601893577,45.3016282220634
"OAS5QfhAhIP","BAN-DYN-T","BAN-DYN-T","BAN-DYN-T","agz6heILGq5","Danyile",2.05572606058728,45.2890519047894
"ZiIspETH2Oz","BAN-DYN-U","BAN-DYN-U","BAN-DYN-U","agz6heILGq5","Danyile",2.08669427010493,45.2581942196787
"WxmXsLaTcIa","BAN-DYN-V","BAN-DYN-V","BAN-DYN-V","agz6heILGq5","Danyile",2.10723754196268,45.2852878642497
"iOe1KoUIbq1","BAN-DYN-W","BAN-DYN-W","BAN-DYN-W","agz6heILGq5","Danyile",2.12424851057736,45.295692390732
"eKMHSvZ4vrU","BAN-DYN-X","BAN-DYN-X","BAN-DYN-X","agz6heILGq5","Danyile",2.1117068142362,45.2699293838816
"k6PtJmjecyt","BAN-DYN-Y","BAN-DYN-Y","BAN-DYN-Y","agz6heILGq5","Danyile",2.08655598204306,45.2604487582549
"nyMj0zRfxRl","BAN-DYN-Z","BAN-DYN-Z","BAN-DYN-Z","agz6heILGq5","Danyile",2.07863429278912,45.2846951184337
"xqRjPSNB26Q","BAN-DYN-f","BAN-DYN-f","BAN-DYN-f","agz6heILGq5","Danyile",2.09194097481445,45.2573896280313
"I5guk0lP9pl","BAN-SHN-A","BAN-SHN-A","BAN-SHN-A","b2wjY20hYWg","Shangani",2.03652365451941,45.3488871978359
"Wj5jV3ld3Zu","BAN-SHN-B","BAN-SHN-B","BAN-SHN-B","b2wjY20hYWg","Shangani",2.033579398742,45.3435528957031
"Buu0aeBGTbC","BAN-SHN-C","BAN-SHN-C","BAN-SHN-C","b2wjY20hYWg","Shangani",2.03736796468825,45.3453763987835
"H6aUGtKkMzA","BAN-SHN-D","BAN-SHN-D","BAN-SHN-D","b2wjY20hYWg","Shangani",2.0358800004753,45.3448437259516
"aBOBcL7jaxn","MSH-ADL-A","MSH-ADL-A","MSH-ADL-A","b5SO4Hn2DMu","Adale",3.19960706281802,46.776674005744
"D58aFGb07hP","MSH-ADL-B","MSH-ADL-B","MSH-ADL-B","b5SO4Hn2DMu","Adale",3.1925304884244,46.5102274558659
"KAJ4oMOI4dx","MSH-ADL-C","MSH-ADL-C","MSH-ADL-C","b5SO4Hn2DMu","Adale",2.86180195490258,46.1404772326252
"cM18Zp2PZ0i","MSH-ADL-D","MSH-ADL-D","MSH-ADL-D","b5SO4Hn2DMu","Adale",2.88678724183666,46.165698186912
"rKWTNqZCkRP","MSH-ADL-E","MSH-ADL-E","MSH-ADL-E","b5SO4Hn2DMu","Adale",3.20977694137037,46.4577943798048
"n0vHemMMKZU","MSH-ADL-F","MSH-ADL-F","MSH-ADL-F","b5SO4Hn2DMu","Adale",3.0127692634331,46.5699343376019
"SrqcpclwiRI","MSH-ADL-G","MSH-ADL-G","MSH-ADL-G","b5SO4Hn2DMu","Adale",3.00799749323089,46.2876357698979
"XSsNSmw5uX1","MSH-ADL-H","MSH-ADL-H","MSH-ADL-H","b5SO4Hn2DMu","Adale",3.27130167985356,46.478183961459
"ZEM6x5ju6or","MSH-ADL-I","MSH-ADL-I","MSH-ADL-I","b5SO4Hn2DMu","Adale",3.20797496639145,46.5713137863793
"xk8hqdOYfHw","MSH-ADL-J","MSH-ADL-J","MSH-ADL-J","b5SO4Hn2DMu","Adale",2.99534167211196,46.450083652967
"nNcSRLefY85","MSH-ADL-K","MSH-ADL-K","MSH-ADL-K","b5SO4Hn2DMu","Adale",3.13688636867164,46.4315421490133
"lsDF5H9A2Df","MSH-ADL-L","MSH-ADL-L","MSH-ADL-L","b5SO4Hn2DMu","Adale",2.95066816545084,46.0486501348291
"W8xPbrKosLX","MSH-ADL-M","MSH-ADL-M","MSH-ADL-M","b5SO4Hn2DMu","Adale",3.16099208325526,46.3828897184407
"UbHzc9Utria","MSH-ADL-N","MSH-ADL-N","MSH-ADL-N","b5SO4Hn2DMu","Adale",3.10653087496301,46.1481926251586
"jNuQUU2nf5w","MSH-ADL-O","MSH-ADL-O","MSH-ADL-O","b5SO4Hn2DMu","Adale",2.96831716763428,46.5612441131635
"I1TjBncwAwu","MSH-ADL-P","MSH-ADL-P","MSH-ADL-P","b5SO4Hn2DMu","Adale",2.88991350326748,45.9658367681742
"A12y14TK17b","MSH-ADL-Q","MSH-ADL-Q","MSH-ADL-Q","b5SO4Hn2DMu","Adale",2.89931290867528,46.3692902506126
"o64ngQ35MDh","MSH-ADL-R","MSH-ADL-R","MSH-ADL-R","b5SO4Hn2DMu","Adale",3.02949862951058,46.0262162688725
"cFjB5AYszcH","MSH-ADL-S","MSH-ADL-S","MSH-ADL-S","b5SO4Hn2DMu","Adale",2.99949841764666,45.9930740388996
"nWnvAwRmKJA","MSH-ADL-T","MSH-ADL-T","MSH-ADL-T","b5SO4Hn2DMu","Adale",3.10525904990595,46.2527822567005
"q0MNrW6hb12","GDD-ABD-A","GDD-ABD-A","GDD-ABD-A","cDsE1AeORGx","Abudwaq",6.07666550453271,46.4179069224683
"Z0ieFHPzqA6","GDD-ABD-AA","GDD-ABD-AA","GDD-ABD-AA","cDsE1AeORGx","Abudwaq",5.86293915175263,46.3901665065056
"kVPFEoZn5hE","GDD-ABD-AB","GDD-ABD-AB","GDD-ABD-AB","cDsE1AeORGx","Abudwaq",5.94174397360952,46.4760381825753
"M4w0jaEbpuY","GDD-ABD-AC","GDD-ABD-AC","GDD-ABD-AC","cDsE1AeORGx","Abudwaq",6.37029687872542,46.3464412228165
"dStJwHRpMDo","GDD-ABD-AD","GDD-ABD-AD","GDD-ABD-AD","cDsE1AeORGx","Abudwaq",6.11537452287158,46.1938181351086
"GamgLwkl4vg","GDD-ABD-AE","GDD-ABD-AE","GDD-ABD-AE","cDsE1AeORGx","Abudwaq",6.16835465301225,46.4275046897489
"wCxE7UWD0eb","GDD-ABD-AF","GDD-ABD-AF","GDD-ABD-AF","cDsE1AeORGx","Abudwaq",6.22669726772033,46.4293875848159
"cXwkXLcXcDw","GDD-ABD-AG","GDD-ABD-AG","GDD-ABD-AG","cDsE1AeORGx","Abudwaq",5.98073358585793,46.377688633545
"mG7JsaP8kF9","GDD-ABD-AH","GDD-ABD-AH","GDD-ABD-AH","cDsE1AeORGx","Abudwaq",6.00279773726221,46.2198733763657
"L8kOmuVIO6L","GDD-ABD-AI","GDD-ABD-AI","GDD-ABD-AI","cDsE1AeORGx","Abudwaq",6.40438358508324,46.5009701074368
"WxgceAkcyiv","GDD-ABD-AJ","GDD-ABD-AJ","GDD-ABD-AJ","cDsE1AeORGx","Abudwaq",6.13154529372519,46.2520880625557
"YJaeLcLbmUG","GDD-ABD-B","GDD-ABD-B","GDD-ABD-B","cDsE1AeORGx","Abudwaq",6.32054627729851,46.3303415119407
"VTGKKaSeWnN","GDD-ABD-C","GDD-ABD-C","GDD-ABD-C","cDsE1AeORGx","Abudwaq",5.95497613236354,46.5006146468622
"u26ZVZz7gFB","GDD-ABD-D","GDD-ABD-D","GDD-ABD-D","cDsE1AeORGx","Abudwaq",6.2113402824191,46.3064060329646
"XYBf8KLMaBf","GDD-ABD-E","GDD-ABD-E","GDD-ABD-E","cDsE1AeORGx","Abudwaq",6.40264352489053,46.4345228970899
"ynuiEuV6hVa","GDD-ABD-F","GDD-ABD-F","GDD-ABD-F","cDsE1AeORGx","Abudwaq",6.07841286537054,46.268552588548
"SHqRllRAK8g","GDD-ABD-G","GDD-ABD-G","GDD-ABD-G","cDsE1AeORGx","Abudwaq",5.91047230780793,46.458451080107
"nlEffHgtnWI","GDD-ABD-H","GDD-ABD-H","GDD-ABD-H","cDsE1AeORGx","Abudwaq",6.05305201206979,46.1889993189747
"vtyo6Jgk2TW","GDD-ABD-I","GDD-ABD-I","GDD-ABD-I","cDsE1AeORGx","Abudwaq",6.08576520990393,46.374823778987
"g10f1BfCakv","GDD-ABD-J","GDD-ABD-J","GDD-ABD-J","cDsE1AeORGx","Abudwaq",6.06220547232012,46.233045481036
"Qg9dU6Uhd6W","GDD-ABD-K","GDD-ABD-K","GDD-ABD-K","cDsE1AeORGx","Abudwaq",6.12966304872806,46.1667918166276
"s5W2oj1oEzd","GDD-ABD-L","GDD-ABD-L","GDD-ABD-L","cDsE1AeORGx","Abudwaq",6.05431885061783,46.3144090708536
"qM1qHuvrPH9","GDD-ABD-M","GDD-ABD-M","GDD-ABD-M","cDsE1AeORGx","Abudwaq",6.1190778531368,46.3587999785801
"H6UkzWKnICO","GDD-ABD-N","GDD-ABD-N","GDD-ABD-N","cDsE1AeORGx","Abudwaq",5.89756685475601,46.3974229272588
"s2aZx9tLc3q","GDD-ABD-O","GDD-ABD-O","GDD-ABD-O","cDsE1AeORGx","Abudwaq",6.32036965302664,46.5033815432815
"RvDtfYrGfdv","GDD-ABD-P","GDD-ABD-P","GDD-ABD-P","cDsE1AeORGx","Abudwaq",5.93550944665088,46.5075754967982
"ed1EzrS2Wrm","GDD-ABD-Q","GDD-ABD-Q","GDD-ABD-Q","cDsE1AeORGx","Abudwaq",6.14992169578046,46.2261666578554
"emgMrWpAHzv","GDD-ABD-R","GDD-ABD-R","GDD-ABD-R","cDsE1AeORGx","Abudwaq",6.29838986469838,46.3424292004291
"vqJJkzBEjYW","GDD-ABD-S","GDD-ABD-S","GDD-ABD-S","cDsE1AeORGx","Abudwaq",6.25688778180454,46.5911728011797
"NEdmF5GCDKp","GDD-ABD-T","GDD-ABD-T","GDD-ABD-T","cDsE1AeORGx","Abudwaq",6.43657892670443,46.4152319581061
"QVu7QMKT99W","GDD-ABD-U","GDD-ABD-U","GDD-ABD-U","cDsE1AeORGx","Abudwaq",6.02732996676868,46.4013269137729
"Mc7MQtwoL1M","GDD-ABD-V","GDD-ABD-V","GDD-ABD-V","cDsE1AeORGx","Abudwaq",6.25609733318146,46.4103463858339
"mPdZ3t8NvaI","GDD-ABD-W","GDD-ABD-W","GDD-ABD-W","cDsE1AeORGx","Abudwaq",5.95303889300409,46.476194088913
"Y2J5FTCesIV","GDD-ABD-X","GDD-ABD-X","GDD-ABD-X","cDsE1AeORGx","Abudwaq",6.33791433420771,46.5111578697302
"SDGGn4I8cxN","GDD-ABD-Y","GDD-ABD-Y","GDD-ABD-Y","cDsE1AeORGx","Abudwaq",6.12344173667365,46.3068043674795
"MPopESyhz3A","GDD-ABD-Z","GDD-ABD-Z","GDD-ABD-Z","cDsE1AeORGx","Abudwaq",5.90397489601123,46.3179967233623
"ZRbKZ5WAT40","GDO-GDW-A","GDO-GDW-A","GDO-GDW-A","dJC6tp5mRLd","Gedwein",4.141199058519,42.3386917780223
"EnNw4GujJO4","GDO-GDW-B","GDO-GDW-B","GDO-GDW-B","dJC6tp5mRLd","Gedwein",3.88017917972418,42.209491111177
"ac9LIvdSN2k","GDO-GDW-C","GDO-GDW-C","GDO-GDW-C","dJC6tp5mRLd","Gedwein",3.92785199047776,42.326183085397
"laBWeqVrx5d","GDO-GDW-D","GDO-GDW-D","GDO-GDW-D","dJC6tp5mRLd","Gedwein",4.10636399518112,42.2804009238814
"lZ1sh7DijOF","GDO-GDW-E","GDO-GDW-E","GDO-GDW-E","dJC6tp5mRLd","Gedwein",4.03298048094309,42.3305988420607
"GmCmTb6TyZm","GDO-GDW-F","GDO-GDW-F","GDO-GDW-F","dJC6tp5mRLd","Gedwein",4.00064626275017,42.3193539932856
"kzscfgaGF2m","GDO-GDW-G","GDO-GDW-G","GDO-GDW-G","dJC6tp5mRLd","Gedwein",3.9774696434901,42.3371378996101
"RcDkc7XOEmX","GDO-GDW-H","GDO-GDW-H","GDO-GDW-H","dJC6tp5mRLd","Gedwein",4.02276733536665,42.2333509270975
"u1rlji4C5a5","GDO-GDW-I","GDO-GDW-I","GDO-GDW-I","dJC6tp5mRLd","Gedwein",3.86060941390524,42.1962012032095
"Ce8n7Q8d8Ve","GDO-GDW-J","GDO-GDW-J","GDO-GDW-J","dJC6tp5mRLd","Gedwein",4.02749892874881,42.2980667915163
"oyOTs5FyUi3","GDO-GDW-K","GDO-GDW-K","GDO-GDW-K","dJC6tp5mRLd","Gedwein",3.83414595188646,42.2675720311687
"i6XzMJa0JOL","BAN-SBS-A","BAN-SBS-A","BAN-SBS-A","dOq6tX9XMQ2","Shibis",2.04602819512528,45.3539311574598
"tl6uXQZV5mi","BAN-SBS-B","BAN-SBS-B","BAN-SBS-B","dOq6tX9XMQ2","Shibis",2.04651771515322,45.3488496155693
"SRBNN1PMo4a","BAN-SBS-C","BAN-SBS-C","BAN-SBS-C","dOq6tX9XMQ2","Shibis",2.05011919287099,45.3468440343723
"fSXdtBocXkA","BAN-SBS-D","BAN-SBS-D","BAN-SBS-D","dOq6tX9XMQ2","Shibis",2.04857246865852,45.3504716753819
"HOi5cPKIIMW","BAN-SBS-E","BAN-SBS-E","BAN-SBS-E","dOq6tX9XMQ2","Shibis",2.04850147505346,45.3496011446813
"nZvntHfxUex","BAN-SBS-F","BAN-SBS-F","BAN-SBS-F","dOq6tX9XMQ2","Shibis",2.05262460539395,45.3471809456431
"YIKS5d96OIM","BAN-SBS-G","BAN-SBS-G","BAN-SBS-G","dOq6tX9XMQ2","Shibis",2.0479124670259,45.3503833501651
"ERS2Glcb6EA","BAN-SBS-H","BAN-SBS-H","BAN-SBS-H","dOq6tX9XMQ2","Shibis",2.05294306954759,45.3502199489505
"ZEg1PCOwpaG","BAN-SBS-I","BAN-SBS-I","BAN-SBS-I","dOq6tX9XMQ2","Shibis",2.04878276729746,45.3511073761712
"UIijXSXY83U","BAN-SBS-J","BAN-SBS-J","BAN-SBS-J","dOq6tX9XMQ2","Shibis",2.04828696182211,45.350874874815
"Qi3DXRdEUG0","BAN-SBS-K","BAN-SBS-K","BAN-SBS-K","dOq6tX9XMQ2","Shibis",2.04842245996552,45.3514490767211
"guVbYWSRsCM","BAN-SBS-L","BAN-SBS-L","BAN-SBS-L","dOq6tX9XMQ2","Shibis",2.05052337002674,45.3493147233755
"BzzEWwGt1Xx","BAN-SBS-M","BAN-SBS-M","BAN-SBS-M","dOq6tX9XMQ2","Shibis",2.04861423364595,45.3454242968328
"Pwm3q7Stdta","BAN-SBS-N","BAN-SBS-N","BAN-SBS-N","dOq6tX9XMQ2","Shibis",2.05170665373234,45.3508965614836
"SwVQImgp06s","BAN-SBS-O","BAN-SBS-O","BAN-SBS-O","dOq6tX9XMQ2","Shibis",2.04826381759831,45.3455928814292
"bPwXGeVX3t4","BAN-SBS-P","BAN-SBS-P","BAN-SBS-P","dOq6tX9XMQ2","Shibis",2.04342336426965,45.3511001178429
"rz0RpnP1n4t","BRI-QAN-A","BRI-QAN-A","BRI-QAN-A","dhBvwLfQfJw","Qandala",10.9125266158197,50.2637928186926
"D832fDGDaWN","BRI-QAN-B","BRI-QAN-B","BRI-QAN-B","dhBvwLfQfJw","Qandala",11.1220660975103,49.7929585938303
"sgR93D7pik7","BRI-QAN-C","BRI-QAN-C","BRI-QAN-C","dhBvwLfQfJw","Qandala",11.2958035128503,50.5062371540178
"UXQ79xxpUOC","BRI-QAN-D","BRI-QAN-D","BRI-QAN-D","dhBvwLfQfJw","Qandala",10.8793097545563,50.0309124492959
"SPygF8JmDVy","BRI-QAN-E","BRI-QAN-E","BRI-QAN-E","dhBvwLfQfJw","Qandala",11.4614930488014,49.864886821036
"VXy5BKgY5uD","BRI-QAN-F","BRI-QAN-F","BRI-QAN-F","dhBvwLfQfJw","Qandala",11.3341502667798,49.9589320565156
"ayikPLk6t6Y","BRI-QAN-G","BRI-QAN-G","BRI-QAN-G","dhBvwLfQfJw","Qandala",11.2432521362034,50.5074145356453
"qZNEQ9rl0aB","BRI-QAN-H","BRI-QAN-H","BRI-QAN-H","dhBvwLfQfJw","Qandala",11.4229252892668,50.3853777966001
"vCXapV23o3u","BRI-QAN-I","BRI-QAN-I","BRI-QAN-I","dhBvwLfQfJw","Qandala",10.9715247658078,50.2430896384998
"tji8i6xx1gY","BRI-QAN-J","BRI-QAN-J","BRI-QAN-J","dhBvwLfQfJw","Qandala",10.9580747197757,50.3805984196279
"hLswxrMnQVG","MJB-JBE-A","MJB-JBE-A","MJB-JBE-A","eFHwiJ846RG","Jilib East",0.686315574832277,43.300627480598
"M3jeA4OuZtp","MJB-JBE-B","MJB-JBE-B","MJB-JBE-B","eFHwiJ846RG","Jilib East",0.477208909016926,42.7589255716212
"C9QNsQvau60","MJB-JBE-C","MJB-JBE-C","MJB-JBE-C","eFHwiJ846RG","Jilib East",0.708580899014948,43.1512326995655
"ZbsUVYJTkYO","MJB-JBE-D","MJB-JBE-D","MJB-JBE-D","eFHwiJ846RG","Jilib East",0.600173474603893,42.8888964962795
"JMblfEOgwbf","MJB-JBE-E","MJB-JBE-E","MJB-JBE-E","eFHwiJ846RG","Jilib East",0.479827559269957,43.2528507017466
"OCN7L0FporQ","MJB-JBE-F","MJB-JBE-F","MJB-JBE-F","eFHwiJ846RG","Jilib East",0.404693114812728,42.7489073118979
"kEg2xtQ881z","MJB-JBE-G","MJB-JBE-G","MJB-JBE-G","eFHwiJ846RG","Jilib East",0.817678607194855,43.3677665811625
"sGdbZQzsbB3","MJB-JBE-H","MJB-JBE-H","MJB-JBE-H","eFHwiJ846RG","Jilib East",0.465512050512995,42.8856213196976
"U4oycXLG57i","MJB-JBE-I","MJB-JBE-I","MJB-JBE-I","eFHwiJ846RG","Jilib East",0.525123608903509,42.976457423505
"x1YFs8hoO2O","MJB-JBE-J","MJB-JBE-J","MJB-JBE-J","eFHwiJ846RG","Jilib East",0.825240038579213,43.2103865357559
"sxIjQPT8ych","MJB-JBE-K","MJB-JBE-K","MJB-JBE-K","eFHwiJ846RG","Jilib East",0.472988251439553,42.885607294985
"eKWJEZsCfAd","MJB-JBE-L","MJB-JBE-L","MJB-JBE-L","eFHwiJ846RG","Jilib East",0.505639812622801,43.2990832420687
"p1x94EKOkMp","MJB-JBE-M","MJB-JBE-M","MJB-JBE-M","eFHwiJ846RG","Jilib East",0.831540139828284,43.2236019177866
"gqQJshaSOiV","MJB-JBE-N","MJB-JBE-N","MJB-JBE-N","eFHwiJ846RG","Jilib East",0.420059643736615,42.8086327322678
"u8ifbSJOlpi","MJB-JBE-O","MJB-JBE-O","MJB-JBE-O","eFHwiJ846RG","Jilib East",0.710855979567908,43.1583311657076
"zEAOOMlhAP5","MJB-JBE-P","MJB-JBE-P","MJB-JBE-P","eFHwiJ846RG","Jilib East",0.758846905112264,42.9034607167969
"BJyfTctlWJM","MJB-JBE-Q","MJB-JBE-Q","MJB-JBE-Q","eFHwiJ846RG","Jilib East",0.64586813506227,43.1010452053888
"CIAMjDsQQeb","MJB-JBE-R","MJB-JBE-R","MJB-JBE-R","eFHwiJ846RG","Jilib East",0.662012030059016,43.3382594342704
"BFrmf1uFr1V","MJB-JBE-S","MJB-JBE-S","MJB-JBE-S","eFHwiJ846RG","Jilib East",0.776981708478451,42.8269790201049
"A98pn3scHY6","MJB-JBE-T","MJB-JBE-T","MJB-JBE-T","eFHwiJ846RG","Jilib East",0.541621497844338,42.9063929313048
"rrRZYuykPst","MJB-JBE-U","MJB-JBE-U","MJB-JBE-U","eFHwiJ846RG","Jilib East",0.785585574662246,42.7958590396487
"qDL0jS5jqr0","MJB-JBE-V","MJB-JBE-V","MJB-JBE-V","eFHwiJ846RG","Jilib East",0.814376119969256,43.2373510052975
"PKDwOJUO1qr","MJB-JBE-W","MJB-JBE-W","MJB-JBE-W","eFHwiJ846RG","Jilib East",0.633891639100452,43.3709218832962
"OLpI93hFUhK","MJB-JBE-X","MJB-JBE-X","MJB-JBE-X","eFHwiJ846RG","Jilib East",0.3238931010922,42.821646405366
"YUGRQdOA2IT","MJB-JBE-Y","MJB-JBE-Y","MJB-JBE-Y","eFHwiJ846RG","Jilib East",0.61984081448855,42.8179166228897
"ByTTG1dgrkh","BAY-QSD-A","BAY-QSD-A","BAY-QSD-A","eoYDIHoGfqC","Qansah Dheere",3.03635241660341,42.9704538661324
"gdBNwZ3HjyN","BAY-QSD-B","BAY-QSD-B","BAY-QSD-B","eoYDIHoGfqC","Qansah Dheere",2.60368913054157,43.0028684791838
"eR9yqBptpHc","BAY-QSD-C","BAY-QSD-C","BAY-QSD-C","eoYDIHoGfqC","Qansah Dheere",2.63990732820389,42.6884973125448
"JUt6XrKzfmn","BAY-QSD-D","BAY-QSD-D","BAY-QSD-D","eoYDIHoGfqC","Qansah Dheere",2.71311118387109,42.774934461904
"DrKWsUP9Xdm","BAY-QSD-E","BAY-QSD-E","BAY-QSD-E","eoYDIHoGfqC","Qansah Dheere",2.892544737433,42.5952700367595
"MgidX4kcjnM","BAY-QSD-F","BAY-QSD-F","BAY-QSD-F","eoYDIHoGfqC","Qansah Dheere",2.92711788281664,43.1320794916406
"P8c0JivLb7M","BAY-QSD-G","BAY-QSD-G","BAY-QSD-G","eoYDIHoGfqC","Qansah Dheere",2.74453717415229,42.9672926501518
"cuJPjz32Q5q","BAY-QSD-H","BAY-QSD-H","BAY-QSD-H","eoYDIHoGfqC","Qansah Dheere",2.91500223100762,42.969828707797
"TUBt6uCJtrf","BAY-QSD-I","BAY-QSD-I","BAY-QSD-I","eoYDIHoGfqC","Qansah Dheere",2.73266616613639,42.5705532285016
"vVqOu9DCAN1","BAY-QSD-J","BAY-QSD-J","BAY-QSD-J","eoYDIHoGfqC","Qansah Dheere",2.92794044652401,42.8164692617099
"b2Q9prmqnXg","BAY-QSD-K","BAY-QSD-K","BAY-QSD-K","eoYDIHoGfqC","Qansah Dheere",2.97036892012343,43.1196698675277
"shfrr6h8RL0","BAY-QSD-L","BAY-QSD-L","BAY-QSD-L","eoYDIHoGfqC","Qansah Dheere",2.8574542499178,42.9529907117617
"KMyIAfjMel8","BAY-QSD-M","BAY-QSD-M","BAY-QSD-M","eoYDIHoGfqC","Qansah Dheere",2.96555299633162,42.7106319259652
"rUlyRMP7GJg","BAY-QSD-N","BAY-QSD-N","BAY-QSD-N","eoYDIHoGfqC","Qansah Dheere",2.76717663143175,43.0277406742659
"TpZ1GCHj3sb","BAY-QSD-O","BAY-QSD-O","BAY-QSD-O","eoYDIHoGfqC","Qansah Dheere",2.95847798108509,42.774553678616
"tyvV9hBPK6F","BAY-QSD-P","BAY-QSD-P","BAY-QSD-P","eoYDIHoGfqC","Qansah Dheere",2.82610926694211,42.8850658064161
"DesmgZYTAtT","BAY-QSD-Q","BAY-QSD-Q","BAY-QSD-Q","eoYDIHoGfqC","Qansah Dheere",2.82260133720208,42.6930188205409
"sKulQWrhbQX","BAY-QSD-R","BAY-QSD-R","BAY-QSD-R","eoYDIHoGfqC","Qansah Dheere",2.76920428686088,42.6930437380008
"CWWiMWiRTOw","BAY-QSD-S","BAY-QSD-S","BAY-QSD-S","eoYDIHoGfqC","Qansah Dheere",2.81355551533949,42.6158045965927
"VbQyeGWGnWT","BAY-QSD-T","BAY-QSD-T","BAY-QSD-T","eoYDIHoGfqC","Qansah Dheere",2.77074336069515,42.6424754522475
"eJNncKNkHvv","BAY-QSD-U","BAY-QSD-U","BAY-QSD-U","eoYDIHoGfqC","Qansah Dheere",2.90831027722605,42.8988571944387
"FDP69CUjkNA","BAY-QSD-V","BAY-QSD-V","BAY-QSD-V","eoYDIHoGfqC","Qansah Dheere",2.84258688431141,43.0695516269379
"IEfW1IpNMkz","BAY-QSD-W","BAY-QSD-W","BAY-QSD-W","eoYDIHoGfqC","Qansah Dheere",2.66352158960846,42.6400394086733
"reHUHm4ifxE","BAY-QSD-X","BAY-QSD-X","BAY-QSD-X","eoYDIHoGfqC","Qansah Dheere",2.81236348896798,42.711810807947
"LcjeRNDyzgn","LSH-WLW-A","LSH-WLW-A","LSH-WLW-A","ercVyJuqgUu","Wanleweyne",2.61768902052264,45.055837566983
"YcShqAuf1DY","LSH-WLW-AA","LSH-WLW-AA","LSH-WLW-AA","ercVyJuqgUu","Wanleweyne",2.37517097187045,44.9441828916834
"zUko7sj6ZMp","LSH-WLW-AB","LSH-WLW-AB","LSH-WLW-AB","ercVyJuqgUu","Wanleweyne",2.34705332564244,44.9122505571621
"lbyWUBJnFCL","LSH-WLW-AC","LSH-WLW-AC","LSH-WLW-AC","ercVyJuqgUu","Wanleweyne",2.52276148845319,44.8747074061251
"dArYaqW846t","LSH-WLW-AD","LSH-WLW-AD","LSH-WLW-AD","ercVyJuqgUu","Wanleweyne",2.50989480872794,44.7696590817906
"QEryZtJQc9m","LSH-WLW-AE","LSH-WLW-AE","LSH-WLW-AE","ercVyJuqgUu","Wanleweyne",2.57832683289125,45.1340536669775
"x1qS3TRl8jk","LSH-WLW-AF","LSH-WLW-AF","LSH-WLW-AF","ercVyJuqgUu","Wanleweyne",2.62917253066097,44.7409868097175
"UX3vLY8pZTE","LSH-WLW-AG","LSH-WLW-AG","LSH-WLW-AG","ercVyJuqgUu","Wanleweyne",2.50104623324514,44.6419131084845
"fFSwEnmDFmr","LSH-WLW-AH","LSH-WLW-AH","LSH-WLW-AH","ercVyJuqgUu","Wanleweyne",2.45065428655976,44.8780789597888
"dwPcJOOXnJA","LSH-WLW-AI","LSH-WLW-AI","LSH-WLW-AI","ercVyJuqgUu","Wanleweyne",2.64366269971448,44.9379899714055
"OZwwTxWgM2u","LSH-WLW-AJ","LSH-WLW-AJ","LSH-WLW-AJ","ercVyJuqgUu","Wanleweyne",2.49911197717021,45.1728002403025
"ndSYh8ZWWGO","LSH-WLW-AK","LSH-WLW-AK","LSH-WLW-AK","ercVyJuqgUu","Wanleweyne",2.77348285083924,44.8937860717063
"BfXKgqnerW6","LSH-WLW-AL","LSH-WLW-AL","LSH-WLW-AL","ercVyJuqgUu","Wanleweyne",2.56355673263135,45.1650158009682
"Gas7LSoXpIs","LSH-WLW-AM","LSH-WLW-AM","LSH-WLW-AM","ercVyJuqgUu","Wanleweyne",2.91484537751526,44.9533420991035
"IgUetAKgT70","LSH-WLW-AN","LSH-WLW-AN","LSH-WLW-AN","ercVyJuqgUu","Wanleweyne",2.7508344881608,44.9035689661348
"mK8jJgP6FjE","LSH-WLW-AO","LSH-WLW-AO","LSH-WLW-AO","ercVyJuqgUu","Wanleweyne",2.93437809755972,45.016673153063
"nQVrYd9im8l","LSH-WLW-AP","LSH-WLW-AP","LSH-WLW-AP","ercVyJuqgUu","Wanleweyne",2.51581263056344,45.017586580597
"SBtYuFntW1x","LSH-WLW-AQ","LSH-WLW-AQ","LSH-WLW-AQ","ercVyJuqgUu","Wanleweyne",2.63328582565786,44.674622483216
"AW7ax3lklfV","LSH-WLW-AR","LSH-WLW-AR","LSH-WLW-AR","ercVyJuqgUu","Wanleweyne",2.6450772985294,44.8761863633879
"EhoeLWTe1Ty","LSH-WLW-AS","LSH-WLW-AS","LSH-WLW-AS","ercVyJuqgUu","Wanleweyne",2.74520949063551,44.9979653082061
"XvRSE7XZFSE","LSH-WLW-AT","LSH-WLW-AT","LSH-WLW-AT","ercVyJuqgUu","Wanleweyne",2.83479677015404,45.0366915923387
"CbhHHu19b94","LSH-WLW-AU","LSH-WLW-AU","LSH-WLW-AU","ercVyJuqgUu","Wanleweyne",2.48975080843611,44.789595903627
"d7l1Hagias4","LSH-WLW-AV","LSH-WLW-AV","LSH-WLW-AV","ercVyJuqgUu","Wanleweyne",2.46053499142515,44.9706322913244
"TTVfBDmTHtR","LSH-WLW-AW","LSH-WLW-AW","LSH-WLW-AW","ercVyJuqgUu","Wanleweyne",2.72325327663646,44.7598436828832
"L2ulbkJicdH","LSH-WLW-AX","LSH-WLW-AX","LSH-WLW-AX","ercVyJuqgUu","Wanleweyne",2.58413901506454,45.1283397107476
"DBZobVA1lAJ","LSH-WLW-AY","LSH-WLW-AY","LSH-WLW-AY","ercVyJuqgUu","Wanleweyne",2.71823706853287,44.8302205050205
"eDeL5L5Go1x","LSH-WLW-AZ","LSH-WLW-AZ","LSH-WLW-AZ","ercVyJuqgUu","Wanleweyne",2.78326224029781,45.0746279714982
"ccaflLNPDcP","LSH-WLW-B","LSH-WLW-B","LSH-WLW-B","ercVyJuqgUu","Wanleweyne",2.58621398510853,44.9684436993602
"ynghFz7W0kX","LSH-WLW-BA","LSH-WLW-BA","LSH-WLW-BA","ercVyJuqgUu","Wanleweyne",2.60094356795822,45.1443580503374
"a5zEiZDTvHN","LSH-WLW-BB","LSH-WLW-BB","LSH-WLW-BB","ercVyJuqgUu","Wanleweyne",2.78046488177369,45.1715146461771
"b05MaKVv1s9","LSH-WLW-BC","LSH-WLW-BC","LSH-WLW-BC","ercVyJuqgUu","Wanleweyne",2.71061770669249,45.1277077815015
"HO2iVKMjepq","LSH-WLW-BD","LSH-WLW-BD","LSH-WLW-BD","ercVyJuqgUu","Wanleweyne",2.66834463033572,45.0170132027742
"tNAkEv2NWfp","LSH-WLW-C","LSH-WLW-C","LSH-WLW-C","ercVyJuqgUu","Wanleweyne",2.37373629409558,44.9010905172593
"lwaf53Kd1dp","LSH-WLW-D","LSH-WLW-D","LSH-WLW-D","ercVyJuqgUu","Wanleweyne",2.87318298358784,45.1791867765627
"WGzS0Imma44","LSH-WLW-E","LSH-WLW-E","LSH-WLW-E","ercVyJuqgUu","Wanleweyne",2.97911366002671,45.0489035481363
"IYLDs3QunIS","LSH-WLW-F","LSH-WLW-F","LSH-WLW-F","ercVyJuqgUu","Wanleweyne",2.73659418360022,44.946902263412
"gdMWJJYNCbR","LSH-WLW-G","LSH-WLW-G","LSH-WLW-G","ercVyJuqgUu","Wanleweyne",2.65963144037936,44.7629931577784
"rDEqsJlpesW","LSH-WLW-H","LSH-WLW-H","LSH-WLW-H","ercVyJuqgUu","Wanleweyne",2.88298142209415,45.0533191033581
"JeOa5H2iuXu","LSH-WLW-I","LSH-WLW-I","LSH-WLW-I","ercVyJuqgUu","Wanleweyne",2.67165139075514,45.2000935273669
"cJF83MTEjR2","LSH-WLW-J","LSH-WLW-J","LSH-WLW-J","ercVyJuqgUu","Wanleweyne",2.68569344389023,44.6888501242869
"RgBD1Rj1y5b","LSH-WLW-K","LSH-WLW-K","LSH-WLW-K","ercVyJuqgUu","Wanleweyne",2.62620264840896,44.838854400364
"HevdErGfaFp","LSH-WLW-L","LSH-WLW-L","LSH-WLW-L","ercVyJuqgUu","Wanleweyne",2.65543585026748,44.7556939209385
"eKwEg8qKbzQ","LSH-WLW-M","LSH-WLW-M","LSH-WLW-M","ercVyJuqgUu","Wanleweyne",2.55065967257941,45.1655436425264
"t5ryK0qDTy4","LSH-WLW-N","LSH-WLW-N","LSH-WLW-N","ercVyJuqgUu","Wanleweyne",2.46803534591076,44.6672875004151
"yKC8gLcFZhH","LSH-WLW-O","LSH-WLW-O","LSH-WLW-O","ercVyJuqgUu","Wanleweyne",2.62584937598437,44.8232624529273
"EKwJ4qn7heR","LSH-WLW-P","LSH-WLW-P","LSH-WLW-P","ercVyJuqgUu","Wanleweyne",3.01935465039896,45.1051270322039
"q6TcM63DI17","LSH-WLW-Q","LSH-WLW-Q","LSH-WLW-Q","ercVyJuqgUu","Wanleweyne",2.69197103425992,44.8239428643287
"tNmeCJ8QkkA","LSH-WLW-R","LSH-WLW-R","LSH-WLW-R","ercVyJuqgUu","Wanleweyne",2.5455724581483,45.1894381854012
"hb7Ba9zRwSC","LSH-WLW-S","LSH-WLW-S","LSH-WLW-S","ercVyJuqgUu","Wanleweyne",2.61201006719255,44.8422489523746
"WlX5Fapk2XE","LSH-WLW-T","LSH-WLW-T","LSH-WLW-T","ercVyJuqgUu","Wanleweyne",2.54619030002491,44.9333513953935
"Jxq9vn8biSU","LSH-WLW-U","LSH-WLW-U","LSH-WLW-U","ercVyJuqgUu","Wanleweyne",2.68796586570488,44.9104089378068
"TVK2UpNdn5t","LSH-WLW-V","LSH-WLW-V","LSH-WLW-V","ercVyJuqgUu","Wanleweyne",2.45732658225893,45.0316694718404
"RVEYxino5JT","LSH-WLW-W","LSH-WLW-W","LSH-WLW-W","ercVyJuqgUu","Wanleweyne",2.44854984400373,44.8698942626626
"bksveiS4o0D","LSH-WLW-X","LSH-WLW-X","LSH-WLW-X","ercVyJuqgUu","Wanleweyne",2.7038391962935,44.7414231177014
"jBJhKZkYEbM","LSH-WLW-Y","LSH-WLW-Y","LSH-WLW-Y","ercVyJuqgUu","Wanleweyne",2.55784806392466,44.9667577169027
"MGcXdtJIfyt","LSH-WLW-Z","LSH-WLW-Z","LSH-WLW-Z","ercVyJuqgUu","Wanleweyne",2.67776370262114,44.8541010897204
"XVQWsdmnq2a","LJB-JMW-A","LJB-JMW-A","LJB-JMW-A","erlY0SUya9r","Jamaame West",0.0788746613290158,42.5908117876502
"X2MACmtEDFq","LJB-JMW-B","LJB-JMW-B","LJB-JMW-B","erlY0SUya9r","Jamaame West",0.185275382316352,42.5805164396426
"Ru5dD9eHxyf","LJB-JMW-C","LJB-JMW-C","LJB-JMW-C","erlY0SUya9r","Jamaame West",0.157414351839927,42.6535871493455
"EPOQqlBhmuz","LJB-JMW-D","LJB-JMW-D","LJB-JMW-D","erlY0SUya9r","Jamaame West",-0.038325672683572,42.752662804237
"JXiDuZcOX9h","LJB-JMW-E","LJB-JMW-E","LJB-JMW-E","erlY0SUya9r","Jamaame West",-0.109363523781254,42.7669149536615
"btSWggRIukb","LJB-JMW-F","LJB-JMW-F","LJB-JMW-F","erlY0SUya9r","Jamaame West",0.137958589280647,42.4668378934013
"jrmyB0VOHsy","LJB-JMW-G","LJB-JMW-G","LJB-JMW-G","erlY0SUya9r","Jamaame West",-0.204158679972733,42.6901465333489
"N3n7oqgrHPc","LJB-JMW-H","LJB-JMW-H","LJB-JMW-H","erlY0SUya9r","Jamaame West",-0.0591912277508655,42.6587840796482
"FJp0uZBT8N3","LJB-JMW-I","LJB-JMW-I","LJB-JMW-I","erlY0SUya9r","Jamaame West",-0.124186058706343,42.6401074902123
"lStvYeWBW8e","LJB-JMW-J","LJB-JMW-J","LJB-JMW-J","erlY0SUya9r","Jamaame West",0.0190103199915798,42.8049858467258
"myGHCwOtXn5","LJB-JMW-K","LJB-JMW-K","LJB-JMW-K","erlY0SUya9r","Jamaame West",-0.16179476760316,42.69711077483
"ZafcDyB6mBk","LJB-JMW-L","LJB-JMW-L","LJB-JMW-L","erlY0SUya9r","Jamaame West",0.243433702685703,42.704385731769
"k1GKh0rZAa9","LJB-JMW-M","LJB-JMW-M","LJB-JMW-M","erlY0SUya9r","Jamaame West",-0.233169639708938,42.6484318487191
"ZvrOZ270wUI","LJB-JMW-N","LJB-JMW-N","LJB-JMW-N","erlY0SUya9r","Jamaame West",0.000690845528822171,42.7443872580067
"mdoWDzjWfNw","LJB-JMW-O","LJB-JMW-O","LJB-JMW-O","erlY0SUya9r","Jamaame West",-0.0785862388842486,42.6474473622197
"TVSs0AcqjFO","LJB-JMW-P","LJB-JMW-P","LJB-JMW-P","erlY0SUya9r","Jamaame West",-0.0180717369753722,42.8042536712329
"fOguEoRoN7P","LJB-JMW-Q","LJB-JMW-Q","LJB-JMW-Q","erlY0SUya9r","Jamaame West",0.117910194851171,42.779077266173
"LYHWYdcA1W3","LJB-JMW-R","LJB-JMW-R","LJB-JMW-R","erlY0SUya9r","Jamaame West",0.132551174509915,42.4457519494685
"TGQAaHMrl1p","KRK-GAR-A","KRK-GAR-A","KRK-GAR-A","fdVzFONJwTW","Gardo",9.73960216048982,49.3415685783338
"CJfelueXkKq","KRK-GAR-B","KRK-GAR-B","KRK-GAR-B","fdVzFONJwTW","Gardo",9.66922939403213,49.0334126596835
"XGfwEPQSrwi","KRK-GAR-C","KRK-GAR-C","KRK-GAR-C","fdVzFONJwTW","Gardo",9.78221479118866,49.6124316783772
"ij9VeVcL8cM","KRK-GAR-D","KRK-GAR-D","KRK-GAR-D","fdVzFONJwTW","Gardo",9.64219461095802,49.1227864275936
"VmfyFxTbEP6","KRK-GAR-E","KRK-GAR-E","KRK-GAR-E","fdVzFONJwTW","Gardo",9.15157500853553,48.9569084893757
"O94HM7cu6T2","KRK-GAR-F","KRK-GAR-F","KRK-GAR-F","fdVzFONJwTW","Gardo",9.2954360007546,49.2692164809617
"uNCwHTz2pr6","KRK-GAR-G","KRK-GAR-G","KRK-GAR-G","fdVzFONJwTW","Gardo",9.3696892622743,49.5000269269791
"ewZkVHwdY8H","KRK-GAR-H","KRK-GAR-H","KRK-GAR-H","fdVzFONJwTW","Gardo",9.61526740308158,49.4341117928953
"RxOOjbl1uc2","KRK-GAR-I","KRK-GAR-I","KRK-GAR-I","fdVzFONJwTW","Gardo",9.3070338664822,49.42896917559
"H6ShvTbwbEb","KRK-GAR-J","KRK-GAR-J","KRK-GAR-J","fdVzFONJwTW","Gardo",9.41195316004379,49.0294274110944
"OAE4A2tKi9D","KRK-GAR-K","KRK-GAR-K","KRK-GAR-K","fdVzFONJwTW","Gardo",9.40157717338591,49.157761727783
"pHMLjahXaAf","KRK-GAR-L","KRK-GAR-L","KRK-GAR-L","fdVzFONJwTW","Gardo",9.12917561886005,49.2279071085027
"drmzhb2NQhK","KRK-GAR-M","KRK-GAR-M","KRK-GAR-M","fdVzFONJwTW","Gardo",9.38121900226731,49.4089092852531
"sRYxPQ52ODy","KRK-GAR-N","KRK-GAR-N","KRK-GAR-N","fdVzFONJwTW","Gardo",9.52879681299701,49.50846724733
"rdeAKAxAdMC","KRK-GAR-O","KRK-GAR-O","KRK-GAR-O","fdVzFONJwTW","Gardo",9.78780560106876,49.3625748760996
"xgMmr6SkHw6","KRK-GAR-P","KRK-GAR-P","KRK-GAR-P","fdVzFONJwTW","Gardo",9.26856307504746,49.6763450577323
"e9zGMP1xBn6","KRK-GAR-Q","KRK-GAR-Q","KRK-GAR-Q","fdVzFONJwTW","Gardo",9.5446440902626,49.2870968483681
"KXNDlemL1yK","KRK-GAR-R","KRK-GAR-R","KRK-GAR-R","fdVzFONJwTW","Gardo",9.29699766964841,49.7818126718622
"VCRAobT52ju","KRK-GAR-S","KRK-GAR-S","KRK-GAR-S","fdVzFONJwTW","Gardo",9.21015595143186,49.1360874265209
"HQvjoArwRRx","KRK-GAR-T","KRK-GAR-T","KRK-GAR-T","fdVzFONJwTW","Gardo",9.32228030309429,49.6241527955318
"bXi9dwd9VX8","KRK-GAR-U","KRK-GAR-U","KRK-GAR-U","fdVzFONJwTW","Gardo",9.36347859643563,49.4508273860139
"cPk9H2Dv9zn","KRK-GAR-V","KRK-GAR-V","KRK-GAR-V","fdVzFONJwTW","Gardo",9.53811158096807,49.0878361603059
"C5xuQo1DFnK","KRK-GAR-W","KRK-GAR-W","KRK-GAR-W","fdVzFONJwTW","Gardo",9.54787311115362,49.6604890021168
"jqQG095HUgm","KRK-GAR-X","KRK-GAR-X","KRK-GAR-X","fdVzFONJwTW","Gardo",9.8171460756753,49.3403273073311
"cXcRhZkvPEQ","KRK-GAR-Y","KRK-GAR-Y","KRK-GAR-Y","fdVzFONJwTW","Gardo",9.31012402432385,49.3869629073566
"nsUev5H41TZ","KRK-GAR-Z","KRK-GAR-Z","KRK-GAR-Z","fdVzFONJwTW","Gardo",9.34729196570949,49.4311124904797
"o8EoNbCbvHr","GDD-DSB-A","GDD-DSB-A","GDD-DSB-A","fqkHcBIbKfj","Dusamreb",5.72794092934232,46.7740677802503
"pjp6tNGmwp5","GDD-DSB-AA","GDD-DSB-AA","GDD-DSB-AA","fqkHcBIbKfj","Dusamreb",5.28989601852842,46.3656249451342
"sTdZjZ0Do0y","GDD-DSB-AB","GDD-DSB-AB","GDD-DSB-AB","fqkHcBIbKfj","Dusamreb",5.65057449747772,46.6791696469036
"vurGICphh2s","GDD-DSB-B","GDD-DSB-B","GDD-DSB-B","fqkHcBIbKfj","Dusamreb",5.56655481780733,46.4868851598141
"B0KzmWlysnM","GDD-DSB-C","GDD-DSB-C","GDD-DSB-C","fqkHcBIbKfj","Dusamreb",5.31859282038338,47.1393585428455
"Isk3pNh9LAf","GDD-DSB-D","GDD-DSB-D","GDD-DSB-D","fqkHcBIbKfj","Dusamreb",5.39157525109369,46.9156706664897
"A7Y0POmYFFp","GDD-DSB-D3","GDD-DSB-D3","GDD-DSB-D3","fqkHcBIbKfj","Dusamreb",5.27859538731861,46.9052678735891
"xJFgsPovi8u","GDD-DSB-E","GDD-DSB-E","GDD-DSB-E","fqkHcBIbKfj","Dusamreb",5.57840065608151,46.4711453139213
"eCyhS9JWuc8","GDD-DSB-E5","GDD-DSB-E5","GDD-DSB-E5","fqkHcBIbKfj","Dusamreb",5.90028038258243,46.5295524001202
"Pc8yERfBBFE","GDD-DSB-F","GDD-DSB-F","GDD-DSB-F","fqkHcBIbKfj","Dusamreb",5.37443965661923,46.7557321076359
"orrRIdpXpRN","GDD-DSB-G","GDD-DSB-G","GDD-DSB-G","fqkHcBIbKfj","Dusamreb",5.57036619625224,46.7437351352545
"jZL9Q4qaeIy","GDD-DSB-H","GDD-DSB-H","GDD-DSB-H","fqkHcBIbKfj","Dusamreb",5.59357062621583,46.8405138172158
"cfZ2aKcgjSS","GDD-DSB-I","GDD-DSB-I","GDD-DSB-I","fqkHcBIbKfj","Dusamreb",5.77480909475965,46.5666445944518
"ZgKUHqyUMFg","GDD-DSB-J","GDD-DSB-J","GDD-DSB-J","fqkHcBIbKfj","Dusamreb",5.21740080184709,46.8818827243217
"glL3lvwaCaR","GDD-DSB-K","GDD-DSB-K","GDD-DSB-K","fqkHcBIbKfj","Dusamreb",5.46598610619461,46.1441005969026
"ljK1n6eEhUU","GDD-DSB-L","GDD-DSB-L","GDD-DSB-L","fqkHcBIbKfj","Dusamreb",5.21064775016173,47.3534539463271
"UNF0yTyDLxx","GDD-DSB-M","GDD-DSB-M","GDD-DSB-M","fqkHcBIbKfj","Dusamreb",5.627377666066,46.5446193406658
"mZImiqsSPpo","GDD-DSB-N","GDD-DSB-N","GDD-DSB-N","fqkHcBIbKfj","Dusamreb",5.48355936443968,47.2905668026017
"sueyHTQ5d35","GDD-DSB-O","GDD-DSB-O","GDD-DSB-O","fqkHcBIbKfj","Dusamreb",5.17040436987825,47.0320092611464
"oTLsyUEjMu9","GDD-DSB-P","GDD-DSB-P","GDD-DSB-P","fqkHcBIbKfj","Dusamreb",5.46307038403731,46.3792891834395
"Eqn9CFGh28Q","GDD-DSB-Q","GDD-DSB-Q","GDD-DSB-Q","fqkHcBIbKfj","Dusamreb",5.2761877989995,47.2638605328952
"ePmDZJuTSan","GDD-DSB-R","GDD-DSB-R","GDD-DSB-R","fqkHcBIbKfj","Dusamreb",5.45172323853832,46.514482166686
"GZIi0G2RT9F","GDD-DSB-S","GDD-DSB-S","GDD-DSB-S","fqkHcBIbKfj","Dusamreb",5.6628297355593,46.9359052154383
"EiffWOjyQUA","GDD-DSB-T","GDD-DSB-T","GDD-DSB-T","fqkHcBIbKfj","Dusamreb",5.30249966862395,47.1490586029083
"Ag5aczzEq2U","GDD-DSB-U","GDD-DSB-U","GDD-DSB-U","fqkHcBIbKfj","Dusamreb",5.50716582699552,47.3849057848667
"w0mzGA2QM0t","GDD-DSB-V","GDD-DSB-V","GDD-DSB-V","fqkHcBIbKfj","Dusamreb",5.18111424455486,47.0465748085817
"p90C7kbqmLZ","GDD-DSB-W","GDD-DSB-W","GDD-DSB-W","fqkHcBIbKfj","Dusamreb",5.37883502956129,46.9852794351146
"gHQSAw4Zu9Q","GDD-DSB-X","GDD-DSB-X","GDD-DSB-X","fqkHcBIbKfj","Dusamreb",5.50825808749167,46.6320528862274
"rZaIPCco1TC","GDD-DSB-Y","GDD-DSB-Y","GDD-DSB-Y","fqkHcBIbKfj","Dusamreb",5.57124438759716,47.2157222027092
"H2k2uPdk4Tg","GDD-DSB-Z","GDD-DSB-Z","GDD-DSB-Z","fqkHcBIbKfj","Dusamreb",5.52647707722847,47.0784298500348
"DnopqbWH4BV","SMD-HRD-A","SMD-HRD-A","SMD-HRD-A","gImhE0YSecW","Haradhere",4.54227769921457,47.9160640499643
"NHxIsk5KJhI","SMD-HRD-B","SMD-HRD-B","SMD-HRD-B","gImhE0YSecW","Haradhere",4.58718046025068,47.8513852525994
"HNUEUj9yrUv","SMD-HRD-C","SMD-HRD-C","SMD-HRD-C","gImhE0YSecW","Haradhere",4.71824795716158,47.9643323294648
"KfPWFGVeL2E","SMD-HRD-D","SMD-HRD-D","SMD-HRD-D","gImhE0YSecW","Haradhere",4.69814978009887,47.9719887652126
"AI1bzW2dBg2","SMD-HRD-E","SMD-HRD-E","SMD-HRD-E","gImhE0YSecW","Haradhere",4.64866540799028,48.0260749707965
"ianUPgMyOS8","SMD-HRD-F","SMD-HRD-F","SMD-HRD-F","gImhE0YSecW","Haradhere",4.80460319685846,47.8987475977699
"uirBtr3ya0w","SMD-HRD-G","SMD-HRD-G","SMD-HRD-G","gImhE0YSecW","Haradhere",4.78946519110021,47.5943618631714
"h6WaMjytOXv","SMD-HRD-H","SMD-HRD-H","SMD-HRD-H","gImhE0YSecW","Haradhere",4.63702010484155,47.9503395140937
"SB89WSFFYYs","SMD-HRD-I","SMD-HRD-I","SMD-HRD-I","gImhE0YSecW","Haradhere",4.81863132444477,47.6844889625867
"jgo1Dmo8UN8","SMD-HRD-J","SMD-HRD-J","SMD-HRD-J","gImhE0YSecW","Haradhere",4.8832925607036,47.9476441781364
"VD3WBaUSbUw","SMD-HRD-K","SMD-HRD-K","SMD-HRD-K","gImhE0YSecW","Haradhere",4.5244362286548,47.613791117934
"nq4BPj2Qr62","GDD-GUR-A","GDD-GUR-A","GDD-GUR-A","gmO6iDxZngr","Guriel",5.33693999483309,45.8763384166977
"FCcpkM4wZFp","GDD-GUR-B","GDD-GUR-B","GDD-GUR-B","gmO6iDxZngr","Guriel",5.32394347425272,45.8939683344964
"H0UAyFpnbOD","GDD-GUR-C","GDD-GUR-C","GDD-GUR-C","gmO6iDxZngr","Guriel",5.31530724401324,45.8360076005504
"wXg7OSSWg39","GDD-GUR-D","GDD-GUR-D","GDD-GUR-D","gmO6iDxZngr","Guriel",5.29210917229031,46.2030419098491
"kjbLQnsKsi2","GDD-GUR-E","GDD-GUR-E","GDD-GUR-E","gmO6iDxZngr","Guriel",5.18822713264258,45.95529919763
"ctKqCUGcur1","GDD-GUR-F","GDD-GUR-F","GDD-GUR-F","gmO6iDxZngr","Guriel",5.21570594877458,45.9471132706739
"vzPA2XqkZLb","GDD-GUR-G","GDD-GUR-G","GDD-GUR-G","gmO6iDxZngr","Guriel",5.1657311698259,46.0946170154927
"AW66ZwtdnXq","GDD-GUR-H","GDD-GUR-H","GDD-GUR-H","gmO6iDxZngr","Guriel",5.19764071399348,45.977818928508
"QwVA3aJQr5L","GDD-GUR-I","GDD-GUR-I","GDD-GUR-I","gmO6iDxZngr","Guriel",5.13089443433881,46.0413815150365
"ddTmvZDq678","GDD-GUR-J","GDD-GUR-J","GDD-GUR-J","gmO6iDxZngr","Guriel",5.35958407194078,46.1159362802991
"SWBM3yOp5vW","GDD-GUR-K","GDD-GUR-K","GDD-GUR-K","gmO6iDxZngr","Guriel",5.19177773811699,45.8946054307549
"pXVJfDjJoaV","GDD-GUR-L","GDD-GUR-L","GDD-GUR-L","gmO6iDxZngr","Guriel",5.15013609061492,45.9562558326651
"VUnCN8pTunR","GDD-GUR-M","GDD-GUR-M","GDD-GUR-M","gmO6iDxZngr","Guriel",5.39781184120932,45.8391293172786
"xqxWsDc2KTH","GDD-GUR-N","GDD-GUR-N","GDD-GUR-N","gmO6iDxZngr","Guriel",5.2282264867452,46.206193567047
"TuFwuiUba3N","GDD-GUR-O","GDD-GUR-O","GDD-GUR-O","gmO6iDxZngr","Guriel",5.12323599388349,45.8812038195027
"HxtdqvUCtfX","GDD-GUR-P","GDD-GUR-P","GDD-GUR-P","gmO6iDxZngr","Guriel",5.15517181333078,46.0118952960311
"UK3LE9gDHvX","GDD-GUR-Q","GDD-GUR-Q","GDD-GUR-Q","gmO6iDxZngr","Guriel",5.18348839336514,45.9330054198813
"HrrKXrcG2oN","GDD-GUR-R","GDD-GUR-R","GDD-GUR-R","gmO6iDxZngr","Guriel",5.42164526869677,45.8919326722048
"RJV7ygJr0xy","GDD-GUR-S","GDD-GUR-S","GDD-GUR-S","gmO6iDxZngr","Guriel",5.09662386503515,45.9262470245292
"BteiuhByMAA","GDD-GUR-T","GDD-GUR-T","GDD-GUR-T","gmO6iDxZngr","Guriel",5.44396718741025,46.0445534528019
"luhcT0wcw9S","GDD-GUR-U","GDD-GUR-U","GDD-GUR-U","gmO6iDxZngr","Guriel",5.18112875736627,45.9869883702494
"MlLHxh8S3pc","GDD-GUR-V","GDD-GUR-V","GDD-GUR-V","gmO6iDxZngr","Guriel",5.41175226135199,45.9841639014196
"zYSKEykdR8S","GDD-GUR-W","GDD-GUR-W","GDD-GUR-W","gmO6iDxZngr","Guriel",5.2795635958254,46.0688166178087
"KL4I8LhptYm","GDD-GUR-X","GDD-GUR-X","GDD-GUR-X","gmO6iDxZngr","Guriel",5.27249838048227,45.9463981322676
"HTD1qaMtyBP","GDD-GUR-Y","GDD-GUR-Y","GDD-GUR-Y","gmO6iDxZngr","Guriel",5.25314650661053,45.8916182371087
"NNwfURzhy0U","GGD-GUR-A","GGD-GUR-A","GGD-GUR-A","gmO6iDxZngr","Guriel",5.39779564749087,46.0130557855592
"Y2DLzBL0mF2","GGD-GUR-B","GGD-GUR-B","GGD-GUR-B","gmO6iDxZngr","Guriel",5.20897974297473,46.0039098568024
"Nf35cesTeM2","GGD-GUR-C","GGD-GUR-C","GGD-GUR-C","gmO6iDxZngr","Guriel",5.22207660033663,45.9427428873759
"OgvamK2kwy1","GGD-GUR-D","GGD-GUR-D","GGD-GUR-D","gmO6iDxZngr","Guriel",5.29035980236465,45.8552728482509
"VB7DM4OowKp","GGD-GUR-E","GGD-GUR-E","GGD-GUR-E","gmO6iDxZngr","Guriel",5.16562466597327,45.8770117244765
"YELVZHYYAeH","GGD-GUR-F","GGD-GUR-F","GGD-GUR-F","gmO6iDxZngr","Guriel",5.35885221263179,46.0270585021077
"YvEWPtrSLkT","GGD-GUR-G","GGD-GUR-G","GGD-GUR-G","gmO6iDxZngr","Guriel",5.39217330322752,46.0943676624993
"cMwYHMv8c1u","GGD-GUR-H","GGD-GUR-H","GGD-GUR-H","gmO6iDxZngr","Guriel",5.30159167870691,45.7507539084897
"rjnoFggUCVI","GGD-GUR-I","GGD-GUR-I","GGD-GUR-I","gmO6iDxZngr","Guriel",5.23445799521858,45.9799739231465
"vmcOk9Eq63X","GGD-GUR-J","GGD-GUR-J","GGD-GUR-J","gmO6iDxZngr","Guriel",5.23793992163596,46.1432277945032
"dpIZz9tCCrH","GGD-GUR-K","GGD-GUR-K","GGD-GUR-K","gmO6iDxZngr","Guriel",5.26514458649759,45.9518370862821
"ru7Fg3WRsos","GGD-GUR-L","GGD-GUR-L","GGD-GUR-L","gmO6iDxZngr","Guriel",5.35218932887041,46.0303537066851
"CJkwqHQQL6D","GGD-GUR-M","GGD-GUR-M","GGD-GUR-M","gmO6iDxZngr","Guriel",5.32363921281305,45.8113287136025
"hIKZmK22KEx","GGD-GUR-N","GGD-GUR-N","GGD-GUR-N","gmO6iDxZngr","Guriel",5.47934023457325,46.0074889982745
"v52csLhQ06M","GGD-GUR-O","GGD-GUR-O","GGD-GUR-O","gmO6iDxZngr","Guriel",5.36801459597027,46.0595274315658
"L7JPR3r2yuO","GGD-GUR-P","GGD-GUR-P","GGD-GUR-P","gmO6iDxZngr","Guriel",5.36872705974595,46.053120357883
"nSNBoI1BgcX","GGD-GUR-Q","GGD-GUR-Q","GGD-GUR-Q","gmO6iDxZngr","Guriel",5.27345016338375,45.7388963663708
"th0IZP5SgY2","GGD-GUR-R","GGD-GUR-R","GGD-GUR-R","gmO6iDxZngr","Guriel",5.22270488279006,45.7830761167302
"GfPrPGpoOXc","GGD-GUR-S","GGD-GUR-S","GGD-GUR-S","gmO6iDxZngr","Guriel",5.26189639023294,45.8396755847681
"cBzDHMdpFY9","GGD-GUR-T","GGD-GUR-T","GGD-GUR-T","gmO6iDxZngr","Guriel",5.45413749759092,46.080361393772
"nxu47lusvWm","GGD-GUR-U","GGD-GUR-U","GGD-GUR-U","gmO6iDxZngr","Guriel",5.43925277858345,45.9100851331671
"MgXqeZpHOYx","GGD-GUR-V","GGD-GUR-V","GGD-GUR-V","gmO6iDxZngr","Guriel",5.41848949832747,46.1056473389878
"eSL0PFMY6vd","GGD-GUR-W","GGD-GUR-W","GGD-GUR-W","gmO6iDxZngr","Guriel",5.30247928141887,45.8266163841008
"sFxMCtxo9Eo","GDD-BLB-A","GDD-BLB-A","GDD-BLB-A","gtu6bzEQZJR","Balanbale",5.36533467036627,45.6708668934937
"d9K4sUDw7ZM","GDD-BLB-B","GDD-BLB-B","GDD-BLB-B","gtu6bzEQZJR","Balanbale",5.92340877843589,46.258347117018
"tna1CDyP8Cj","GDD-BLB-C","GDD-BLB-C","GDD-BLB-C","gtu6bzEQZJR","Balanbale",5.74234971100743,45.9268782310748
"beuCfpS3F2J","GDD-BLB-D","GDD-BLB-D","GDD-BLB-D","gtu6bzEQZJR","Balanbale",5.95738097656258,46.1089234031077
"D5GCwvBKeA8","GDD-BLB-E","GDD-BLB-E","GDD-BLB-E","gtu6bzEQZJR","Balanbale",5.68745183701307,45.8820296008577
"m0tMoH8vRGY","GDD-BLB-F","GDD-BLB-F","GDD-BLB-F","gtu6bzEQZJR","Balanbale",6.13357090468349,46.0861253239317
"lJ8TWOrUGNt","GDD-BLB-G","GDD-BLB-G","GDD-BLB-G","gtu6bzEQZJR","Balanbale",5.8260293728017,45.7451430809149
"RaR6PRchY1L","GDD-BLB-H","GDD-BLB-H","GDD-BLB-H","gtu6bzEQZJR","Balanbale",5.70047991735463,45.6409951160188
"JdJFRkToNpJ","GDD-BLB-I","GDD-BLB-I","GDD-BLB-I","gtu6bzEQZJR","Balanbale",5.99418982692715,45.9304495163516
"Diayn8KUosy","GDD-BLB-J","GDD-BLB-J","GDD-BLB-J","gtu6bzEQZJR","Balanbale",5.69664420684592,45.8304153189307
"CbtDhlqHI0h","GDD-BLB-K","GDD-BLB-K","GDD-BLB-K","gtu6bzEQZJR","Balanbale",5.49721799901482,45.7443064241861
"y84l7wfwR4i","LJB-KIS-A","LJB-KIS-A","LJB-KIS-A","hETA3HW7UkK","Kismayo",-0.595985097006964,42.185012431653
"f5CQvS0BtoH","LJB-KIS-AA","LJB-KIS-AA","LJB-KIS-AA","hETA3HW7UkK","Kismayo",-0.0789577507156251,42.0414804911842
"lGK1zdeJ6C4","LJB-KIS-AB","LJB-KIS-AB","LJB-KIS-AB","hETA3HW7UkK","Kismayo",-0.747459047139274,41.921713906795
"WclEZBa6jk7","LJB-KIS-AC","LJB-KIS-AC","LJB-KIS-AC","hETA3HW7UkK","Kismayo",-0.389669430960349,41.5020475581938
"yA7VoIUCwpR","LJB-KIS-AD","LJB-KIS-AD","LJB-KIS-AD","hETA3HW7UkK","Kismayo",-0.214359026897293,42.4204256534879
"qY2FSm0RVJ4","LJB-KIS-AE","LJB-KIS-AE","LJB-KIS-AE","hETA3HW7UkK","Kismayo",-0.288572565802806,42.3141582130679
"jreNm0bgLA7","LJB-KIS-AF","LJB-KIS-AF","LJB-KIS-AF","hETA3HW7UkK","Kismayo",-0.728965880204363,41.839711925619
"DqSjfSgOzag","LJB-KIS-AG","LJB-KIS-AG","LJB-KIS-AG","hETA3HW7UkK","Kismayo",-0.591433315929983,42.0360459037277
"vgGrqxPUIXy","LJB-KIS-AH","LJB-KIS-AH","LJB-KIS-AH","hETA3HW7UkK","Kismayo",-0.0997192587068563,42.1350938568121
"Rs64wuM6lMi","LJB-KIS-AI","LJB-KIS-AI","LJB-KIS-AI","hETA3HW7UkK","Kismayo",-0.50981010156564,42.167622723906
"LKg3K222Jeo","LJB-KIS-AJ","LJB-KIS-AJ","LJB-KIS-AJ","hETA3HW7UkK","Kismayo",-0.319120277158898,41.9254488142589
"XospWqPtNJB","LJB-KIS-AK","LJB-KIS-AK","LJB-KIS-AK","hETA3HW7UkK","Kismayo",-0.379675719988554,41.6662160820145
"rFkKPhe5ly7","LJB-KIS-AL","LJB-KIS-AL","LJB-KIS-AL","hETA3HW7UkK","Kismayo",-0.127141743268422,41.7734893778966
"LoqKAKpfDxW","LJB-KIS-AM","LJB-KIS-AM","LJB-KIS-AM","hETA3HW7UkK","Kismayo",-0.870522546610684,41.9918986571392
"volAAUEx2Ku","LJB-KIS-AN","LJB-KIS-AN","LJB-KIS-AN","hETA3HW7UkK","Kismayo",-0.444767172062178,41.7926312628372
"tQeqJrNi6T1","LJB-KIS-AO","LJB-KIS-AO","LJB-KIS-AO","hETA3HW7UkK","Kismayo",-0.219590566517849,41.742346226307
"NlVeCer7z2y","LJB-KIS-AP","LJB-KIS-AP","LJB-KIS-AP","hETA3HW7UkK","Kismayo",-0.227301281846472,41.5066161030937
"hjH61leHcNr","LJB-KIS-AQ","LJB-KIS-AQ","LJB-KIS-AQ","hETA3HW7UkK","Kismayo",-0.198123840017514,41.9315997114261
"K3ik8vnEQzD","LJB-KIS-AR","LJB-KIS-AR","LJB-KIS-AR","hETA3HW7UkK","Kismayo",-0.148525260325256,42.5763539737234
"cGaFFwY0bd2","LJB-KIS-AS","LJB-KIS-AS","LJB-KIS-AS","hETA3HW7UkK","Kismayo",-0.338603441106519,41.9880383676478
"fUz4zj9WCaL","LJB-KIS-AT","LJB-KIS-AT","LJB-KIS-AT","hETA3HW7UkK","Kismayo",-0.102268044687272,41.6361665621729
"T7SJL2ARq47","LJB-KIS-AU","LJB-KIS-AU","LJB-KIS-AU","hETA3HW7UkK","Kismayo",-0.182804336464612,41.997935238167
"HJudmTTZJB5","LJB-KIS-AV","LJB-KIS-AV","LJB-KIS-AV","hETA3HW7UkK","Kismayo",-0.765665380570908,41.9515454336671
"nbf7XHY8OEy","LJB-KIS-AW","LJB-KIS-AW","LJB-KIS-AW","hETA3HW7UkK","Kismayo",-0.70233368536831,41.9351622975802
"ltzHfNRrOwN","LJB-KIS-AX","LJB-KIS-AX","LJB-KIS-AX","hETA3HW7UkK","Kismayo",-0.343118140525382,41.7333633474077
"NLcNUYRT4Yq","LJB-KIS-AY","LJB-KIS-AY","LJB-KIS-AY","hETA3HW7UkK","Kismayo",-0.202802413637392,41.6807904189753
"JQHJNbmHEVE","LJB-KIS-AZ","LJB-KIS-AZ","LJB-KIS-AZ","hETA3HW7UkK","Kismayo",-0.747069046793876,42.0664906902483
"XE1hqTqejJy","LJB-KIS-Ax","LJB-KIS-Ax","LJB-KIS-Ax","hETA3HW7UkK","Kismayo",-0.555666475618704,42.0590104615489
"EbVzJsn2A5c","LJB-KIS-B","LJB-KIS-B","LJB-KIS-B","hETA3HW7UkK","Kismayo",-0.333404122814165,42.4618656246
"JJkaH3ao3Uv","LJB-KIS-BA","LJB-KIS-BA","LJB-KIS-BA","hETA3HW7UkK","Kismayo",-0.255209293232078,42.2062996801775
"kOZD0QRi3A1","LJB-KIS-BB","LJB-KIS-BB","LJB-KIS-BB","hETA3HW7UkK","Kismayo",-0.403809218416583,41.6132551141823
"ctXfSNKPNYO","LJB-KIS-BC","LJB-KIS-BC","LJB-KIS-BC","hETA3HW7UkK","Kismayo",-0.424374020128888,41.5382059896004
"e1RDJcr2Ns7","LJB-KIS-BD","LJB-KIS-BD","LJB-KIS-BD","hETA3HW7UkK","Kismayo",-0.19356445527256,41.4300989820523
"IL4IYnoZls9","LJB-KIS-BE","LJB-KIS-BE","LJB-KIS-BE","hETA3HW7UkK","Kismayo",-0.155878302479794,41.6274102351558
"LNDPKhv75IG","LJB-KIS-BF","LJB-KIS-BF","LJB-KIS-BF","hETA3HW7UkK","Kismayo",-0.24691002640319,41.6125904055606
"znM8I0mucTS","LJB-KIS-BG","LJB-KIS-BG","LJB-KIS-BG","hETA3HW7UkK","Kismayo",-0.5796666540792,42.3443223541963
"Shptu9nfLLW","LJB-KIS-BH","LJB-KIS-BH","LJB-KIS-BH","hETA3HW7UkK","Kismayo",-0.552461532586706,41.8241946484392
"eEcJi3550r7","LJB-KIS-BI","LJB-KIS-BI","LJB-KIS-BI","hETA3HW7UkK","Kismayo",-0.294904806703451,41.6085619625614
"PdlpvV9ZUYb","LJB-KIS-BJ","LJB-KIS-BJ","LJB-KIS-BJ","hETA3HW7UkK","Kismayo",-0.373519425759779,41.7793325883113
"M76VXTLum11","LJB-KIS-BK","LJB-KIS-BK","LJB-KIS-BK","hETA3HW7UkK","Kismayo",-0.534619700337537,41.959214938458
"QUQIvAqMbeQ","LJB-KIS-BL","LJB-KIS-BL","LJB-KIS-BL","hETA3HW7UkK","Kismayo",-0.0992472927611262,42.516105404634
"WZ9eR3PRbq9","LJB-KIS-BM","LJB-KIS-BM","LJB-KIS-BM","hETA3HW7UkK","Kismayo",-0.238950237351784,42.0130519560748
"oQ7rfgrZiZi","LJB-KIS-BN","LJB-KIS-BN","LJB-KIS-BN","hETA3HW7UkK","Kismayo",-0.485156606316652,41.6050794977047
"cKE90abKyTQ","LJB-KIS-BO","LJB-KIS-BO","LJB-KIS-BO","hETA3HW7UkK","Kismayo",-0.256914038504012,41.7213803774266
"HOfWYdxGlAA","LJB-KIS-BP","LJB-KIS-BP","LJB-KIS-BP","hETA3HW7UkK","Kismayo",-0.380017276187141,42.4951408504007
"Qrg2NxeBzRI","LJB-KIS-BQ","LJB-KIS-BQ","LJB-KIS-BQ","hETA3HW7UkK","Kismayo",-0.68343983399885,42.0382796133776
"FjyiLQqL8AR","LJB-KIS-BR","LJB-KIS-BR","LJB-KIS-BR","hETA3HW7UkK","Kismayo",-0.192249225522437,41.7213058678322
"qAwOMnIjsxk","LJB-KIS-BS","LJB-KIS-BS","LJB-KIS-BS","hETA3HW7UkK","Kismayo",-0.301959532105997,42.0220407743356
"b9xmCpWkhs6","LJB-KIS-BT","LJB-KIS-BT","LJB-KIS-BT","hETA3HW7UkK","Kismayo",-0.157439813598843,41.4380887957938
"FihVTihqeho","LJB-KIS-BU","LJB-KIS-BU","LJB-KIS-BU","hETA3HW7UkK","Kismayo",-0.798627174023033,42.1732542490236
"rAoCvGPvxKN","LJB-KIS-BV","LJB-KIS-BV","LJB-KIS-BV","hETA3HW7UkK","Kismayo",-0.555582744923289,41.9415573084674
"apzRDActFM3","LJB-KIS-BW","LJB-KIS-BW","LJB-KIS-BW","hETA3HW7UkK","Kismayo",-0.144205247303776,41.6906502304734
"ch5JFXYmKKi","LJB-KIS-BX","LJB-KIS-BX","LJB-KIS-BX","hETA3HW7UkK","Kismayo",-0.239667032342334,42.3055836879391
"L83TmpoZzlP","LJB-KIS-BY","LJB-KIS-BY","LJB-KIS-BY","hETA3HW7UkK","Kismayo",-0.218493084878113,42.0527537704806
"Axh3CoEiNja","LJB-KIS-BZ","LJB-KIS-BZ","LJB-KIS-BZ","hETA3HW7UkK","Kismayo",-0.501392406208318,42.3758124020383
"KEH9DBKzXQ0","LJB-KIS-C","LJB-KIS-C","LJB-KIS-C","hETA3HW7UkK","Kismayo",-0.180363188503943,42.2189931829116
"dwbvCBmRd8F","LJB-KIS-CA","LJB-KIS-CA","LJB-KIS-CA","hETA3HW7UkK","Kismayo",-0.256005674550221,41.5734730521876
"WQyOSby5IOI","LJB-KIS-CB","LJB-KIS-CB","LJB-KIS-CB","hETA3HW7UkK","Kismayo",-0.480590558879246,41.7719404308181
"tkdDbZshg0w","LJB-KIS-CC","LJB-KIS-CC","LJB-KIS-CC","hETA3HW7UkK","Kismayo",-0.622225861099249,41.8426653772433
"xqeckuFaFEf","LJB-KIS-CD","LJB-KIS-CD","LJB-KIS-CD","hETA3HW7UkK","Kismayo",-0.208448455994808,41.4983852824897
"I1roJc0MYiT","LJB-KIS-CE","LJB-KIS-CE","LJB-KIS-CE","hETA3HW7UkK","Kismayo",-0.307945788987669,42.3132642340707
"I2Nu2KZPzQW","LJB-KIS-CF","LJB-KIS-CF","LJB-KIS-CF","hETA3HW7UkK","Kismayo",-0.128815040311871,42.1869275285831
"H53dmNSjWzz","LJB-KIS-CG","LJB-KIS-CG","LJB-KIS-CG","hETA3HW7UkK","Kismayo",-0.0889316433031221,41.9897523075946
"GHiouYv92t2","LJB-KIS-CH","LJB-KIS-CH","LJB-KIS-CH","hETA3HW7UkK","Kismayo",-0.479798851757004,41.9778741110957
"BbIJiPaK2D3","LJB-KIS-CI","LJB-KIS-CI","LJB-KIS-CI","hETA3HW7UkK","Kismayo",-0.583189113234137,42.1772096204241
"SrNJTYBWX2d","LJB-KIS-CJ","LJB-KIS-CJ","LJB-KIS-CJ","hETA3HW7UkK","Kismayo",-0.187189637761883,41.9857308123295
"L4Hm3OVLVnA","LJB-KIS-CK","LJB-KIS-CK","LJB-KIS-CK","hETA3HW7UkK","Kismayo",-0.130375755052152,42.1432020476166
"QBjLQIqHhrO","LJB-KIS-CL","LJB-KIS-CL","LJB-KIS-CL","hETA3HW7UkK","Kismayo",-0.115124128523237,42.2718662954615
"H4kzqgXzMLQ","LJB-KIS-D","LJB-KIS-D","LJB-KIS-D","hETA3HW7UkK","Kismayo",-0.346075201801485,41.6549221171004
"jVp9CjhjEbK","LJB-KIS-E","LJB-KIS-E","LJB-KIS-E","hETA3HW7UkK","Kismayo",-0.808743249585119,42.0702894367788
"fWlz538UDyb","LJB-KIS-F","LJB-KIS-F","LJB-KIS-F","hETA3HW7UkK","Kismayo",-0.424589084076031,42.028220081739
"pfYEqiffiz6","LJB-KIS-G","LJB-KIS-G","LJB-KIS-G","hETA3HW7UkK","Kismayo",-0.643900546983887,41.936368523369
"s6thrFhT3pB","LJB-KIS-H","LJB-KIS-H","LJB-KIS-H","hETA3HW7UkK","Kismayo",-0.425135289862044,42.3452709386598
"T32RplyjSlu","LJB-KIS-I","LJB-KIS-I","LJB-KIS-I","hETA3HW7UkK","Kismayo",-0.254813619126594,42.2306390179946
"KwDVk5qbewv","LJB-KIS-J","LJB-KIS-J","LJB-KIS-J","hETA3HW7UkK","Kismayo",-0.678474286984166,41.8897578299372
"KLuPes2ybK4","LJB-KIS-K","LJB-KIS-K","LJB-KIS-K","hETA3HW7UkK","Kismayo",-0.586450979806926,41.6692334655285
"seCJxDM0UXy","LJB-KIS-L","LJB-KIS-L","LJB-KIS-L","hETA3HW7UkK","Kismayo",-0.256108843980157,42.4465060750458
"vJcfWNy8swp","LJB-KIS-M","LJB-KIS-M","LJB-KIS-M","hETA3HW7UkK","Kismayo",-0.337590613163862,42.462240806262
"KaKTBicxMjk","LJB-KIS-N","LJB-KIS-N","LJB-KIS-N","hETA3HW7UkK","Kismayo",-0.232528499344037,41.7634523561479
"FKPvOQTJ46r","LJB-KIS-O","LJB-KIS-O","LJB-KIS-O","hETA3HW7UkK","Kismayo",-0.639136340794753,41.9052745798795
"tPUTboCYUAF","LJB-KIS-P","LJB-KIS-P","LJB-KIS-P","hETA3HW7UkK","Kismayo",-0.273679702089117,41.7210604540409
"N0UUxSXZ3ku","LJB-KIS-Q","LJB-KIS-Q","LJB-KIS-Q","hETA3HW7UkK","Kismayo",-0.698434846545274,41.8535411050955
"l3Bzq1a3nWh","LJB-KIS-R","LJB-KIS-R","LJB-KIS-R","hETA3HW7UkK","Kismayo",-0.0893244276082619,42.0386844669947
"tCORvnVbslR","LJB-KIS-S","LJB-KIS-S","LJB-KIS-S","hETA3HW7UkK","Kismayo",-0.414973742006233,42.0402582393015
"F311JvDiQL8","LJB-KIS-T","LJB-KIS-T","LJB-KIS-T","hETA3HW7UkK","Kismayo",-0.207630352747345,42.142872037755
"uzj0AhC3TPH","LJB-KIS-U","LJB-KIS-U","LJB-KIS-U","hETA3HW7UkK","Kismayo",-0.820077515491271,42.0597369967689
"NU715hPE4VA","LJB-KIS-V","LJB-KIS-V","LJB-KIS-V","hETA3HW7UkK","Kismayo",-0.872180322522497,42.0635547239046
"EvKvqu6mA88","LJB-KIS-W","LJB-KIS-W","LJB-KIS-W","hETA3HW7UkK","Kismayo",-0.158260595093655,42.0364165927973
"Cci5TGU32sf","LJB-KIS-X","LJB-KIS-X","LJB-KIS-X","hETA3HW7UkK","Kismayo",-0.220056535050152,41.9608898675952
"X5RNokdP9Tl","LJB-KIS-Y","LJB-KIS-Y","LJB-KIS-Y","hETA3HW7UkK","Kismayo",-0.227097073484517,42.2989743071856
"lGZyp7sxvkx","LJB-KIS-Z","LJB-KIS-Z","LJB-KIS-Z","hETA3HW7UkK","Kismayo",-0.30374943386265,42.2286320442247
"jIE7rKceteu","GDO-BDB-A","GDO-BDB-A","GDO-BDB-A","hJDB7xp4NWZ","Burdubo",3.32033833367793,42.4949293035386
"pXchXRVaG1W","GDO-BDB-AA","GDO-BDB-AA","GDO-BDB-AA","hJDB7xp4NWZ","Burdubo",2.87782395729949,42.2646373350791
"u4MH5g1SGge","GDO-BDB-AAA","GDO-BDB-AAA","GDO-BDB-AAA","hJDB7xp4NWZ","Burdubo",2.98802061246343,42.4143609530329
"kzgFUfQIUZt","GDO-BDB-AAB","GDO-BDB-AAB","GDO-BDB-AAB","hJDB7xp4NWZ","Burdubo",2.86482865063994,42.3591389248848
"f5sWEZaXFMp","GDO-BDB-AAC","GDO-BDB-AAC","GDO-BDB-AAC","hJDB7xp4NWZ","Burdubo",3.09549454778395,42.2800516199763
"bFT4UzHVRgS","GDO-BDB-B","GDO-BDB-B","GDO-BDB-B","hJDB7xp4NWZ","Burdubo",3.35363119965336,42.6931490011856
"Hbxh2l5HZSD","GDO-BDB-C","GDO-BDB-C","GDO-BDB-C","hJDB7xp4NWZ","Burdubo",3.36020051876909,42.6994248063194
"WDlLrmQllpj","GDO-BDB-D","GDO-BDB-D","GDO-BDB-D","hJDB7xp4NWZ","Burdubo",3.42719949784874,42.581891970956
"Gg5YtUGCaJC","GDO-BDB-E","GDO-BDB-E","GDO-BDB-E","hJDB7xp4NWZ","Burdubo",3.04108084803225,42.6802480163931
"PuVmx9CuJcO","GDO-BDB-F","GDO-BDB-F","GDO-BDB-F","hJDB7xp4NWZ","Burdubo",3.24276316630255,42.399595750322
"nmuMyIavPrb","GDO-BDB-G","GDO-BDB-G","GDO-BDB-G","hJDB7xp4NWZ","Burdubo",3.42749398667021,42.505413005844
"Ue9BfiA2QGC","GDO-BDB-H","GDO-BDB-H","GDO-BDB-H","hJDB7xp4NWZ","Burdubo",2.90259699774169,42.1189992634773
"ZFZGgaJewGt","GDO-BDB-I","GDO-BDB-I","GDO-BDB-I","hJDB7xp4NWZ","Burdubo",2.86736012749071,42.1525597722092
"y086CoX1xvS","GDO-BDB-K","GDO-BDB-K","GDO-BDB-K","hJDB7xp4NWZ","Burdubo",2.94809613571429,42.3512507684232
"p5SnYa8YDlZ","GDO-BDB-L","GDO-BDB-L","GDO-BDB-L","hJDB7xp4NWZ","Burdubo",2.89950329894267,42.2907550440446
"JzjsiIQO6Kl","GDO-BDB-M","GDO-BDB-M","GDO-BDB-M","hJDB7xp4NWZ","Burdubo",3.21190006560879,42.3744292540098
"meLA7GEOruE","GDO-BDB-j","GDO-BDB-j","GDO-BDB-j","hJDB7xp4NWZ","Burdubo",3.09003937114418,42.5312678955418
"wHwa4tzUfCG","WGB-GBL-A","WGB-GBL-A","WGB-GBL-A","jRgGUdVGpId","Gabiley",9.7257670658725,43.4427173790243
"Z6rd6pandZJ","WGB-GBL-AA","WGB-GBL-AA","WGB-GBL-AA","jRgGUdVGpId","Gabiley",10.0241064664116,43.6804774769366
"ibBKTcdHQuJ","WGB-GBL-AB","WGB-GBL-AB","WGB-GBL-AB","jRgGUdVGpId","Gabiley",9.92581430875962,43.9417470704659
"l63Xjcp1Mpu","WGB-GBL-AC","WGB-GBL-AC","WGB-GBL-AC","jRgGUdVGpId","Gabiley",9.99773875067599,43.8593178012656
"cGfwqXSsWqh","WGB-GBL-AD","WGB-GBL-AD","WGB-GBL-AD","jRgGUdVGpId","Gabiley",9.56451277967133,43.6760075520787
"SledFujDtYZ","WGB-GBL-AE","WGB-GBL-AE","WGB-GBL-AE","jRgGUdVGpId","Gabiley",9.88330628626033,43.6220971414014
"YrXDtXynctf","WGB-GBL-AF","WGB-GBL-AF","WGB-GBL-AF","jRgGUdVGpId","Gabiley",9.95950043502809,43.5033104115189
"LRRAZWF3LSn","WGB-GBL-AG","WGB-GBL-AG","WGB-GBL-AG","jRgGUdVGpId","Gabiley",9.8852452639146,43.9234428170684
"GYAYRBAutpK","WGB-GBL-AH","WGB-GBL-AH","WGB-GBL-AH","jRgGUdVGpId","Gabiley",9.99902967876255,43.9258318539941
"f1U91dAdpyf","WGB-GBL-AI","WGB-GBL-AI","WGB-GBL-AI","jRgGUdVGpId","Gabiley",9.83047960795996,43.4682954839595
"Oz2pF6JHRfN","WGB-GBL-AJ","WGB-GBL-AJ","WGB-GBL-AJ","jRgGUdVGpId","Gabiley",9.74813892279555,43.7763698674511
"U0JglOWPGdD","WGB-GBL-B","WGB-GBL-B","WGB-GBL-B","jRgGUdVGpId","Gabiley",9.86105785388375,43.7745740055668
"UfPMpojCyxy","WGB-GBL-C","WGB-GBL-C","WGB-GBL-C","jRgGUdVGpId","Gabiley",9.50196723628238,43.7386606876324
"UqFqNUC3uYQ","WGB-GBL-D","WGB-GBL-D","WGB-GBL-D","jRgGUdVGpId","Gabiley",9.53206425186288,43.5154694873372
"fBOgMNGXi9D","WGB-GBL-E","WGB-GBL-E","WGB-GBL-E","jRgGUdVGpId","Gabiley",9.97387014067234,43.6762175176971
"c1VGYkM0zEh","WGB-GBL-F","WGB-GBL-F","WGB-GBL-F","jRgGUdVGpId","Gabiley",9.69195827049439,43.4095615396778
"aI4nbtGtxEl","WGB-GBL-G","WGB-GBL-G","WGB-GBL-G","jRgGUdVGpId","Gabiley",10.0077113736974,43.726360892042
"gKm3COx8ywf","WGB-GBL-H","WGB-GBL-H","WGB-GBL-H","jRgGUdVGpId","Gabiley",9.50385022267083,43.6609835228875
"LFIHwMyBSpu","WGB-GBL-I","WGB-GBL-I","WGB-GBL-I","jRgGUdVGpId","Gabiley",9.95109534728156,43.5006949682803
"kgivOXv1OPY","WGB-GBL-J","WGB-GBL-J","WGB-GBL-J","jRgGUdVGpId","Gabiley",9.86580363954495,43.9096831767628
"VWk90P07Rrf","WGB-GBL-K","WGB-GBL-K","WGB-GBL-K","jRgGUdVGpId","Gabiley",9.68308664392734,43.4413420380354
"b1J1ufgLmFm","WGB-GBL-L","WGB-GBL-L","WGB-GBL-L","jRgGUdVGpId","Gabiley",9.443718738432,43.4828616080962
"FfENArdypAM","WGB-GBL-M","WGB-GBL-M","WGB-GBL-M","jRgGUdVGpId","Gabiley",9.81947547230803,43.6729367262504
"kE0ux2dcrO8","WGB-GBL-N","WGB-GBL-N","WGB-GBL-N","jRgGUdVGpId","Gabiley",9.88960750657382,43.7090789160595
"JYzJH3MZeKQ","WGB-GBL-O","WGB-GBL-O","WGB-GBL-O","jRgGUdVGpId","Gabiley",9.98863643579337,43.9238149956344
"hraLtmjQJ7Q","WGB-GBL-P","WGB-GBL-P","WGB-GBL-P","jRgGUdVGpId","Gabiley",9.86133494319894,43.8807523229946
"ZkMPFhVKeYm","WGB-GBL-Q","WGB-GBL-Q","WGB-GBL-Q","jRgGUdVGpId","Gabiley",9.70997552370256,43.5225408045187
"vkRex11GvSf","WGB-GBL-R","WGB-GBL-R","WGB-GBL-R","jRgGUdVGpId","Gabiley",9.69688506689532,43.6476149410078
"xlSduJl8maY","WGB-GBL-S","WGB-GBL-S","WGB-GBL-S","jRgGUdVGpId","Gabiley",9.99459814980159,43.6383745481612
"wy3r4y0TRp3","WGB-GBL-T","WGB-GBL-T","WGB-GBL-T","jRgGUdVGpId","Gabiley",9.81248057046019,43.4931852651087
"oifAFAyHhpL","WGB-GBL-U","WGB-GBL-U","WGB-GBL-U","jRgGUdVGpId","Gabiley",9.50849765825311,43.7586036174486
"HYH6E0m820U","WGB-GBL-V","WGB-GBL-V","WGB-GBL-V","jRgGUdVGpId","Gabiley",9.52619670895904,43.5951830690766
"XKHqjhHz075","WGB-GBL-W","WGB-GBL-W","WGB-GBL-W","jRgGUdVGpId","Gabiley",10.0562936892495,43.6656278712286
"eqrh73DBW27","WGB-GBL-X","WGB-GBL-X","WGB-GBL-X","jRgGUdVGpId","Gabiley",9.71126983861052,43.7226248989195
"qLtMS51smHR","WGB-GBL-Y","WGB-GBL-Y","WGB-GBL-Y","jRgGUdVGpId","Gabiley",9.83186265092982,43.6130015867046
"qb1POoTrSK9","WGB-GBL-Z","WGB-GBL-Z","WGB-GBL-Z","jRgGUdVGpId","Gabiley",10.0428833179941,43.7852324192281
"XB1dNkJBYTW","NUG-GAR-A","NUG-GAR-A","NUG-GAR-A","jYhCAnQ7GXQ","Garowe",8.1025739775096,48.4646722447106
"ZudVbQBf76B","NUG-GAR-AA","NUG-GAR-AA","NUG-GAR-AA","jYhCAnQ7GXQ","Garowe",8.76942366058151,48.6976115964368
"rqh3qY4inpw","NUG-GAR-AB","NUG-GAR-AB","NUG-GAR-AB","jYhCAnQ7GXQ","Garowe",8.4416226080778,48.5556090212388
"NQEJ5BIOcSq","NUG-GAR-AC","NUG-GAR-AC","NUG-GAR-AC","jYhCAnQ7GXQ","Garowe",8.47398914639037,49.0742821606484
"lcvi06S4WEm","NUG-GAR-AD","NUG-GAR-AD","NUG-GAR-AD","jYhCAnQ7GXQ","Garowe",8.21381735494448,48.2276525572419
"pGh1D3vvNkB","NUG-GAR-AE","NUG-GAR-AE","NUG-GAR-AE","jYhCAnQ7GXQ","Garowe",8.43125226849251,48.8208459863035
"v2MuttAC7BJ","NUG-GAR-AF","NUG-GAR-AF","NUG-GAR-AF","jYhCAnQ7GXQ","Garowe",8.63285770722514,48.6320991854063
"vvHrYRhtVPb","NUG-GAR-AG","NUG-GAR-AG","NUG-GAR-AG","jYhCAnQ7GXQ","Garowe",8.23289915417502,49.4821383436808
"okZyAxXMD9T","NUG-GAR-AH","NUG-GAR-AH","NUG-GAR-AH","jYhCAnQ7GXQ","Garowe",8.80112523624745,48.7340747320599
"RotyoU9kEp0","NUG-GAR-AJ","NUG-GAR-AJ","NUG-GAR-AJ","jYhCAnQ7GXQ","Garowe",8.59557221024436,48.8084573889686
"GN19ugQWx82","NUG-GAR-AK","NUG-GAR-AK","NUG-GAR-AK","jYhCAnQ7GXQ","Garowe",8.6484744929668,48.9384310548883
"Vt67Lq7SzmK","NUG-GAR-AL","NUG-GAR-AL","NUG-GAR-AL","jYhCAnQ7GXQ","Garowe",8.17563910459055,48.2053093419497
"ZnFqXsjDIGD","NUG-GAR-AM","NUG-GAR-AM","NUG-GAR-AM","jYhCAnQ7GXQ","Garowe",8.4912544087639,48.5656559377375
"OUrd5fHFsXB","NUG-GAR-AN","NUG-GAR-AN","NUG-GAR-AN","jYhCAnQ7GXQ","Garowe",7.85035715278608,48.6230558259983
"S9oR8Q6E5Ji","NUG-GAR-Ai","NUG-GAR-Ai","NUG-GAR-Ai","jYhCAnQ7GXQ","Garowe",8.13468167254726,48.6066607293324
"HpS2UKYmb02","NUG-GAR-B","NUG-GAR-B","NUG-GAR-B","jYhCAnQ7GXQ","Garowe",7.8720670081212,48.6515470556822
"FbxgXOnKSTx","NUG-GAR-C","NUG-GAR-C","NUG-GAR-C","jYhCAnQ7GXQ","Garowe",8.61083939491641,48.8614783154448
"EdxIjCeGnVn","NUG-GAR-D","NUG-GAR-D","NUG-GAR-D","jYhCAnQ7GXQ","Garowe",8.47753190562669,48.5280385229882
"pf4kEhBddwS","NUG-GAR-E","NUG-GAR-E","NUG-GAR-E","jYhCAnQ7GXQ","Garowe",7.83695148211633,49.0202382381163
"y5V3e2HwqjC","NUG-GAR-F","NUG-GAR-F","NUG-GAR-F","jYhCAnQ7GXQ","Garowe",7.84377415754849,48.6703935923262
"DacnDFtsKKg","NUG-GAR-G","NUG-GAR-G","NUG-GAR-G","jYhCAnQ7GXQ","Garowe",8.73793945986373,48.879329845318
"RXxuTLSa3p6","NUG-GAR-H","NUG-GAR-H","NUG-GAR-H","jYhCAnQ7GXQ","Garowe",7.86824039619726,48.9875247411606
"Xw81Zv4lHEP","NUG-GAR-I","NUG-GAR-I","NUG-GAR-I","jYhCAnQ7GXQ","Garowe",8.73608408579776,48.8156581819648
"zCflbvVP8R9","NUG-GAR-J","NUG-GAR-J","NUG-GAR-J","jYhCAnQ7GXQ","Garowe",8.39101619774852,49.3562044966738
"yAp8csmjNsC","NUG-GAR-K","NUG-GAR-K","NUG-GAR-K","jYhCAnQ7GXQ","Garowe",8.2906409496612,49.5089164036673
"fmCWUtzkssZ","NUG-GAR-L","NUG-GAR-L","NUG-GAR-L","jYhCAnQ7GXQ","Garowe",8.58348710719345,48.7856652808656
"jsNr8ID4dYw","NUG-GAR-M","NUG-GAR-M","NUG-GAR-M","jYhCAnQ7GXQ","Garowe",7.85431764228258,49.0719026854849
"iO5f6Snpim4","NUG-GAR-N","NUG-GAR-N","NUG-GAR-N","jYhCAnQ7GXQ","Garowe",8.10803165413289,48.1391011178795
"Tk5kAemYYRy","NUG-GAR-O","NUG-GAR-O","NUG-GAR-O","jYhCAnQ7GXQ","Garowe",8.39244981470134,49.2717504758116
"axIZDLY4h5d","NUG-GAR-P","NUG-GAR-P","NUG-GAR-P","jYhCAnQ7GXQ","Garowe",8.46711040353148,48.4846171531215
"UlzfhY5ICvP","NUG-GAR-Q","NUG-GAR-Q","NUG-GAR-Q","jYhCAnQ7GXQ","Garowe",8.51861692007706,48.6093080657735
"hX8l1NPTSBO","NUG-GAR-R","NUG-GAR-R","NUG-GAR-R","jYhCAnQ7GXQ","Garowe",8.61238805085375,48.7797867621936
"i3wIjrEdDJt","NUG-GAR-S","NUG-GAR-S","NUG-GAR-S","jYhCAnQ7GXQ","Garowe",8.26203611277414,48.8634696462284
"cvgYGWFmKNs","NUG-GAR-T","NUG-GAR-T","NUG-GAR-T","jYhCAnQ7GXQ","Garowe",8.46693137955836,48.6531210888761
"KS1WhdkXiiT","NUG-GAR-U","NUG-GAR-U","NUG-GAR-U","jYhCAnQ7GXQ","Garowe",8.12736560533529,48.2496042318052
"FUWQgn5BULy","NUG-GAR-V","NUG-GAR-V","NUG-GAR-V","jYhCAnQ7GXQ","Garowe",8.74027629767719,48.8837614963787
"dHEtGc0nioY","NUG-GAR-W","NUG-GAR-W","NUG-GAR-W","jYhCAnQ7GXQ","Garowe",7.96198684682054,48.9166773970269
"eEC12V2EuTN","NUG-GAR-X","NUG-GAR-X","NUG-GAR-X","jYhCAnQ7GXQ","Garowe",8.24446023811825,48.3771429300534
"ueCvS7a92G2","NUG-GAR-Y","NUG-GAR-Y","NUG-GAR-Y","jYhCAnQ7GXQ","Garowe",8.51733577416069,49.0288932550965
"nn8xK7OvRms","NUG-GAR-Z","NUG-GAR-Z","NUG-GAR-Z","jYhCAnQ7GXQ","Garowe",8.62875867766127,48.7618001121703
"aXkxcN6JK3t","BRI-ISH-A","BRI-ISH-A","BRI-ISH-A","jYj9LNqxriT","Iskushuban",10.4330664471278,49.7226262481392
"cQL67RtyeKg","BRI-ISH-B","BRI-ISH-B","BRI-ISH-B","jYj9LNqxriT","Iskushuban",10.2937871818835,50.4110874065409
"IuHzF31h0Ga","BRI-ISH-C","BRI-ISH-C","BRI-ISH-C","jYj9LNqxriT","Iskushuban",10.1540020794846,50.3110551660376
"vfImeZEFDVF","BRI-ISH-D","BRI-ISH-D","BRI-ISH-D","jYj9LNqxriT","Iskushuban",10.6097891968106,50.5052686632253
"OvAhWS2nEn0","BRI-ISH-E","BRI-ISH-E","BRI-ISH-E","jYj9LNqxriT","Iskushuban",10.2558676452586,50.6792842016692
"YAQjWmaatGW","BRI-ISH-F","BRI-ISH-F","BRI-ISH-F","jYj9LNqxriT","Iskushuban",10.6398250762527,50.3800864411585
"usE721I2wuW","BRI-ISH-G","BRI-ISH-G","BRI-ISH-G","jYj9LNqxriT","Iskushuban",9.93267844614703,50.034549292637
"IIY0iN95Oll","BRI-ISH-H","BRI-ISH-H","BRI-ISH-H","jYj9LNqxriT","Iskushuban",10.2384622743327,50.0806998997739
"vApeX9RSyyr","BRI-ISH-I","BRI-ISH-I","BRI-ISH-I","jYj9LNqxriT","Iskushuban",10.5950120149214,50.5668987991105
"BgqCH52K7IF","MSH-RGE-A","MSH-RGE-A","MSH-RGE-A","jpVS7abUkf3","Raga Elle",2.53618081243999,46.0239225402588
"dS9BwSXgrzg","MSH-RGE-B","MSH-RGE-B","MSH-RGE-B","jpVS7abUkf3","Raga Elle",2.66953233052777,45.9220180166559
"aJ5oWjirhas","MSH-RGE-C","MSH-RGE-C","MSH-RGE-C","jpVS7abUkf3","Raga Elle",2.6744518959163,45.9713593047966
"RZtrraMQWpZ","MSH-RGE-D","MSH-RGE-D","MSH-RGE-D","jpVS7abUkf3","Raga Elle",2.45745677586655,45.9624254457633
"LqwRsXonXji","MSH-RGE-E","MSH-RGE-E","MSH-RGE-E","jpVS7abUkf3","Raga Elle",2.68153793165526,45.9869588301816
"QnoI1jvLhO8","MSH-RGE-F","MSH-RGE-F","MSH-RGE-F","jpVS7abUkf3","Raga Elle",2.71765858408778,46.0293896425606
"fTNFImY67mA","MSH-RGE-G","MSH-RGE-G","MSH-RGE-G","jpVS7abUkf3","Raga Elle",2.63263923608296,45.8703462630452
"FN9bs9z1mxj","MSH-RGE-H","MSH-RGE-H","MSH-RGE-H","jpVS7abUkf3","Raga Elle",2.75013748347947,46.0341605256414
"HO7h0ZKnX1Q","LSH-SBL-A","LSH-SBL-A","LSH-SBL-A","kyrsR4sKINW","Sablale",1.51560572847871,43.3504637199338
"xWxydxDhdtK","LSH-SBL-B","LSH-SBL-B","LSH-SBL-B","kyrsR4sKINW","Sablale",1.29598263576106,43.4034002432948
"Irk879gY9FU","LSH-SBL-C","LSH-SBL-C","LSH-SBL-C","kyrsR4sKINW","Sablale",1.6560349018686,43.7488702215498
"G0Kw3t9v2fN","LSH-SBL-D","LSH-SBL-D","LSH-SBL-D","kyrsR4sKINW","Sablale",1.48754950020562,43.1388661881463
"WF2bnkokjI5","LSH-SBL-E","LSH-SBL-E","LSH-SBL-E","kyrsR4sKINW","Sablale",1.18221184723484,43.751298882691
"TixGJgi9EzN","LSH-SBL-F","LSH-SBL-F","LSH-SBL-F","kyrsR4sKINW","Sablale",1.17163942498523,43.2759884642315
"iRWgzBGPUPb","LSH-SBL-G","LSH-SBL-G","LSH-SBL-G","kyrsR4sKINW","Sablale",1.3328821078254,43.7321916387084
"ZZDiKFEJKV8","LSH-SBL-H","LSH-SBL-H","LSH-SBL-H","kyrsR4sKINW","Sablale",1.34313641262935,43.819475256828
"xWgeWZdLTub","LSH-SBL-I","LSH-SBL-I","LSH-SBL-I","kyrsR4sKINW","Sablale",1.66512593320305,43.6731621849017
"I1R7lIHRzSD","LSH-SBL-J","LSH-SBL-J","LSH-SBL-J","kyrsR4sKINW","Sablale",1.56457042580619,43.7325402768553
"JscAVXsGEhx","LSH-SBL-K","LSH-SBL-K","LSH-SBL-K","kyrsR4sKINW","Sablale",1.55357010466176,43.8928421935226
"RK10gRcS0Bu","LSH-SBL-L","LSH-SBL-L","LSH-SBL-L","kyrsR4sKINW","Sablale",1.61159380962856,43.4070721402293
"XX4BXUnm9Lx","BAN-WBR-A","BAN-WBR-A","BAN-WBR-A","mBPgHiRGL7z","Waberi",2.00904100803469,45.2956544406965
"vmR2MqxWxze","BAN-WBR-B","BAN-WBR-B","BAN-WBR-B","mBPgHiRGL7z","Waberi",2.00604341972393,45.2916586700811
"QuVoAcyCMkA","BAN-WBR-C","BAN-WBR-C","BAN-WBR-C","mBPgHiRGL7z","Waberi",2.01375767886729,45.3070540462875
"uR3BIY4XaS4","BAN-WBR-D","BAN-WBR-D","BAN-WBR-D","mBPgHiRGL7z","Waberi",2.03009254791877,45.3149652158968
"JAUMLfsrT5q","BAN-WBR-E","BAN-WBR-E","BAN-WBR-E","mBPgHiRGL7z","Waberi",2.0358858613162,45.3296168801565
"AivcA8VKVTj","BAN-WBR-F","BAN-WBR-F","BAN-WBR-F","mBPgHiRGL7z","Waberi",2.02156085747322,45.3052518655821
"qh3i7UwVLum","BAN-WBR-G","BAN-WBR-G","BAN-WBR-G","mBPgHiRGL7z","Waberi",2.03518028032981,45.3357201262166
"qATaMlsjq4d","BAN-WBR-H","BAN-WBR-H","BAN-WBR-H","mBPgHiRGL7z","Waberi",2.00041713371641,45.2811495454845
"Jm3Y7DpraAH","BAN-WBR-I","BAN-WBR-I","BAN-WBR-I","mBPgHiRGL7z","Waberi",2.03092943541852,45.3243222303889
"Wn3UGOedoP0","BAN-HDN-A","BAN-HDN-A","BAN-HDN-A","mgvCiKWTxxC","Hodan",2.05461792004976,45.3141279548678
"vFRWKrRKcta","BAN-HDN-B","BAN-HDN-B","BAN-HDN-B","mgvCiKWTxxC","Hodan",2.043476567079,45.3145738657487
"yMZxucjteoh","BAN-HDN-C","BAN-HDN-C","BAN-HDN-C","mgvCiKWTxxC","Hodan",2.04692479683399,45.2956773103728
"nAaCyaHnisW","BAN-HDN-C1","BAN-HDN-C1","BAN-HDN-C1","mgvCiKWTxxC","Hodan",2.04841996846286,45.3065714368852
"sx6qk86g78x","BAN-HDN-C2","BAN-HDN-C2","BAN-HDN-C2","mgvCiKWTxxC","Hodan",2.03727429634061,45.2972520742676
"Fh16gGpzJhN","BAN-HDN-C3","BAN-HDN-C3","BAN-HDN-C3","mgvCiKWTxxC","Hodan",2.04096207099407,45.3027244956891
"a186Br1klTF","BAN-HDN-C4","BAN-HDN-C4","BAN-HDN-C4","mgvCiKWTxxC","Hodan",2.04826657936216,45.2971330832621
"ICO5CtxIvKw","BAN-HDN-C5","BAN-HDN-C5","BAN-HDN-C5","mgvCiKWTxxC","Hodan",2.05844660477239,45.3125832467102
"sMn29VWN3vU","BAN-HDN-D","BAN-HDN-D","BAN-HDN-D","mgvCiKWTxxC","Hodan",2.0384539306671,45.3162807781407
"uNVuptU94bw","BAN-HDN-D1","BAN-HDN-D1","BAN-HDN-D1","mgvCiKWTxxC","Hodan",2.03295742164883,45.3184456192073
"hEwx8xRnf0f","BAN-HDN-D2","BAN-HDN-D2","BAN-HDN-D2","mgvCiKWTxxC","Hodan",2.05276877670344,45.3144628507762
"MN3UOxnW4gX","BAN-HDN-D3","BAN-HDN-D3","BAN-HDN-D3","mgvCiKWTxxC","Hodan",2.045594550984,45.3000250438868
"NbsAOnpio95","BAN-HDN-D4","BAN-HDN-D4","BAN-HDN-D4","mgvCiKWTxxC","Hodan",2.04948933866941,45.2970271306214
"cPf7DW2rO5I","BAN-HDN-D5","BAN-HDN-D5","BAN-HDN-D5","mgvCiKWTxxC","Hodan",2.04075440763615,45.2901867624844
"wvaKmkhqKFq","BAN-HDN-E","BAN-HDN-E","BAN-HDN-E","mgvCiKWTxxC","Hodan",2.05614228274687,45.3116279138776
"RSdGnn5mZnn","BAN-HDN-E1","BAN-HDN-E1","BAN-HDN-E1","mgvCiKWTxxC","Hodan",2.05039411844588,45.3015533643839
"LedkaFieruU","BAN-HDN-E2","BAN-HDN-E2","BAN-HDN-E2","mgvCiKWTxxC","Hodan",2.03738607694712,45.3021516768788
"xVfrOwPB7NT","BAN-HDN-E3","BAN-HDN-E3","BAN-HDN-E3","mgvCiKWTxxC","Hodan",2.05494580560245,45.3079185832506
"oH3VcEyZIV3","BAN-HDN-E4","BAN-HDN-E4","BAN-HDN-E4","mgvCiKWTxxC","Hodan",2.03581014594102,45.3026773878045
"YF2FWCofx7P","BAN-HDN-E5","BAN-HDN-E5","BAN-HDN-E5","mgvCiKWTxxC","Hodan",2.04248721566592,45.2992725956757
"E4cbydMfwIX","BAN-HDN-F","BAN-HDN-F","BAN-HDN-F","mgvCiKWTxxC","Hodan",2.03273380020063,45.3171302562972
"NpaKa0EfT3J","BAN-HDN-F1","BAN-HDN-F1","BAN-HDN-F1","mgvCiKWTxxC","Hodan",2.04428454251824,45.3193275087253
"Fq1kgNS3HWq","BAN-HDN-F2","BAN-HDN-F2","BAN-HDN-F2","mgvCiKWTxxC","Hodan",2.05789964339309,45.3101198027804
"hNAnRHHhMKv","BAN-HDN-F3","BAN-HDN-F3","BAN-HDN-F3","mgvCiKWTxxC","Hodan",2.05506776512079,45.3066680952655
"fisTUOnmxvy","BAN-HDN-F4","BAN-HDN-F4","BAN-HDN-F4","mgvCiKWTxxC","Hodan",2.05047607382593,45.2947785541153
"EFyzsfw50S3","BAN-HDN-F5","BAN-HDN-F5","BAN-HDN-F5","mgvCiKWTxxC","Hodan",2.04870666241324,45.3149499600109
"wIX7gs6us7O","BAN-HDN-G","BAN-HDN-G","BAN-HDN-G","mgvCiKWTxxC","Hodan",2.05257580796536,45.3012930491742
"Y82Lqk7yZis","BAN-HDN-G1","BAN-HDN-G1","BAN-HDN-G1","mgvCiKWTxxC","Hodan",2.03520515617488,45.310581604339
"JDOvbtvM9RK","BAN-HDN-G2","BAN-HDN-G2","BAN-HDN-G2","mgvCiKWTxxC","Hodan",2.04835095586393,45.2942250403772
"EdsjlG5weAu","BAN-HDN-G3","BAN-HDN-G3","BAN-HDN-G3","mgvCiKWTxxC","Hodan",2.03223953192875,45.3130962496359
"tU83NL2QAiX","BAN-HDN-G4","BAN-HDN-G4","BAN-HDN-G4","mgvCiKWTxxC","Hodan",2.04380520844926,45.2911625145873
"nhZ51K89W2f","BAN-HDN-H","BAN-HDN-H","BAN-HDN-H","mgvCiKWTxxC","Hodan",2.04416746139444,45.2891284656055
"qoROeVkxKWI","BAN-HDN-H1","BAN-HDN-H1","BAN-HDN-H1","mgvCiKWTxxC","Hodan",2.03784115612626,45.3103357871578
"BQOQsZRFRDr","BAN-HDN-H2","BAN-HDN-H2","BAN-HDN-H2","mgvCiKWTxxC","Hodan",2.05007875972705,45.3145228214344
"tDG6tpzK2DX","BAN-HDN-H3","BAN-HDN-H3","BAN-HDN-H3","mgvCiKWTxxC","Hodan",2.03861623791094,45.3041039571198
"PMtMu4hIsea","BAN-HDN-H4","BAN-HDN-H4","BAN-HDN-H4","mgvCiKWTxxC","Hodan",2.04448911022004,45.3147946162016
"eBNz6oLhUZ0","BAN-HDN-H5","BAN-HDN-H5","BAN-HDN-H5","mgvCiKWTxxC","Hodan",2.03845533054574,45.3106154337292
"oFoSu5XsCgx","BAN-HDN-I","BAN-HDN-I","BAN-HDN-I","mgvCiKWTxxC","Hodan",2.04203194520912,45.3069910236275
"l5x7aRzflM6","BAN-HDN-I1","BAN-HDN-I1","BAN-HDN-I1","mgvCiKWTxxC","Hodan",2.0468186823567,45.3013583788411
"fI0Ae6WWspS","BAN-HDN-I2","BAN-HDN-I2","BAN-HDN-I2","mgvCiKWTxxC","Hodan",2.04612922039022,45.2899478532081
"STUWjRA5dce","BAN-HDN-I3","BAN-HDN-I3","BAN-HDN-I3","mgvCiKWTxxC","Hodan",2.05411412870132,45.3154858690361
"TNxCbTyYt3G","BAN-HDN-I4","BAN-HDN-I4","BAN-HDN-I4","mgvCiKWTxxC","Hodan",2.03620006343202,45.3021934469086
"kUg9bxRzuHg","BAN-HDN-I5","BAN-HDN-I5","BAN-HDN-I5","mgvCiKWTxxC","Hodan",2.04186825442086,45.3202006746114
"jpZhNRwU9Il","BAN-HDN-J","BAN-HDN-J","BAN-HDN-J","mgvCiKWTxxC","Hodan",2.04825033642924,45.3137408625486
"Y4UMt1TktXU","BAN-HDN-J1","BAN-HDN-J1","BAN-HDN-J1","mgvCiKWTxxC","Hodan",2.04598402901177,45.2866600521125
"eT4zE6KoJxA","BAN-HDN-J2","BAN-HDN-J2","BAN-HDN-J2","mgvCiKWTxxC","Hodan",2.04409669323142,45.2905595271956
"cFvQ1EuSLrM","BAN-HDN-J3","BAN-HDN-J3","BAN-HDN-J3","mgvCiKWTxxC","Hodan",2.03848475805918,45.312843353967
"b0QuqtW60or","BAN-HDN-J4","BAN-HDN-J4","BAN-HDN-J4","mgvCiKWTxxC","Hodan",2.03736984052252,45.2992917484736
"LaEQ9JCoNJk","BAN-HDN-J5","BAN-HDN-J5","BAN-HDN-J5","mgvCiKWTxxC","Hodan",2.05405676335217,45.3092778292764
"oQ8mcp3qgII","BAN-HDN-K","BAN-HDN-K","BAN-HDN-K","mgvCiKWTxxC","Hodan",2.03648997573521,45.3120506929264
"ZGSXntaipaB","BAN-HDN-K1","BAN-HDN-K1","BAN-HDN-K1","mgvCiKWTxxC","Hodan",2.05708714842514,45.3112535235581
"DD2XvQAN5Rc","BAN-HDN-K2","BAN-HDN-K2","BAN-HDN-K2","mgvCiKWTxxC","Hodan",2.04326830196199,45.3080596619508
"gSYng4NolXH","BAN-HDN-K3","BAN-HDN-K3","BAN-HDN-K3","mgvCiKWTxxC","Hodan",2.04605829055856,45.3134721940251
"izLvFUpeexl","BAN-HDN-K4","BAN-HDN-K4","BAN-HDN-K4","mgvCiKWTxxC","Hodan",2.04998442718122,45.3008093428337
"XqqVo2pzNzB","BAN-HDN-K5","BAN-HDN-K5","BAN-HDN-K5","mgvCiKWTxxC","Hodan",2.04650372395695,45.292528961902
"tyCFC9izJtp","BAN-HDN-L","BAN-HDN-L","BAN-HDN-L","mgvCiKWTxxC","Hodan",2.04202851451408,45.3172541467759
"R9nmFbIksft","BAN-HDN-L1","BAN-HDN-L1","BAN-HDN-L1","mgvCiKWTxxC","Hodan",2.04333146009397,45.3107160484992
"eccJyoCOa8A","BAN-HDN-L2","BAN-HDN-L2","BAN-HDN-L2","mgvCiKWTxxC","Hodan",2.04060443441877,45.3030726175725
"Tk2GLQthuDX","BAN-HDN-L3","BAN-HDN-L3","BAN-HDN-L3","mgvCiKWTxxC","Hodan",2.04256476457957,45.2954341827119
"z1jiKfDqyyi","BAN-HDN-L4","BAN-HDN-L4","BAN-HDN-L4","mgvCiKWTxxC","Hodan",2.03856509250518,45.3144293621042
"EodmmUPUwtm","BAN-HDN-L5","BAN-HDN-L5","BAN-HDN-L5","mgvCiKWTxxC","Hodan",2.04132362658415,45.3173866209266
"TstsUTDoTyn","BAN-HDN-M","BAN-HDN-M","BAN-HDN-M","mgvCiKWTxxC","Hodan",2.0421325019447,45.3162455349807
"lt7Ud9I5lVN","BAN-HDN-M1","BAN-HDN-M1","BAN-HDN-M1","mgvCiKWTxxC","Hodan",2.03420803287947,45.3043123955872
"rmnvLLssZxK","BAN-HDN-M2","BAN-HDN-M2","BAN-HDN-M2","mgvCiKWTxxC","Hodan",2.03703678136801,45.3070358672601
"R9Wi5616Y2G","BAN-HDN-M3","BAN-HDN-M3","BAN-HDN-M3","mgvCiKWTxxC","Hodan",2.04552056516198,45.2892318838439
"ZpRbgRC7gaL","BAN-HDN-M4","BAN-HDN-M4","BAN-HDN-M4","mgvCiKWTxxC","Hodan",2.05199818176407,45.3076869620696
"vXvV46kVJ7X","BAN-HDN-M5","BAN-HDN-M5","BAN-HDN-M5","mgvCiKWTxxC","Hodan",2.05349925275296,45.3113598501098
"dd2KCdEn9Yc","BAN-HDN-N","BAN-HDN-N","BAN-HDN-N","mgvCiKWTxxC","Hodan",2.04436036377503,45.3122462537019
"TQS1U1oiVBO","BAN-HDN-N1","BAN-HDN-N1","BAN-HDN-N1","mgvCiKWTxxC","Hodan",2.03539139950831,45.3049715352736
"k89Yi8fRYkC","BAN-HDN-N2","BAN-HDN-N2","BAN-HDN-N2","mgvCiKWTxxC","Hodan",2.04652634785936,45.3187264602829
"FIZCLUuu45V","BAN-HDN-N3","BAN-HDN-N3","BAN-HDN-N3","mgvCiKWTxxC","Hodan",2.04655984847442,45.3187421514812
"YysdXFZGKgQ","BAN-HDN-N4","BAN-HDN-N4","BAN-HDN-N4","mgvCiKWTxxC","Hodan",2.03949810007339,45.3170967573235
"DNf6nHLWDsl","BAN-HDN-O","BAN-HDN-O","BAN-HDN-O","mgvCiKWTxxC","Hodan",2.0460576455436,45.3114334100455
"lL0FrDPcfkB","BAN-HDN-O1","BAN-HDN-O1","BAN-HDN-O1","mgvCiKWTxxC","Hodan",2.05407156535615,45.3123994211396
"Kv2UfyBo1cH","BAN-HDN-O2","BAN-HDN-O2","BAN-HDN-O2","mgvCiKWTxxC","Hodan",2.03655186535739,45.3165769614404
"r940yw43Ld7","BAN-HDN-O3","BAN-HDN-O3","BAN-HDN-O3","mgvCiKWTxxC","Hodan",2.04012320591267,45.3219223912091
"cJ0e3EY3XoT","BAN-HDN-O4","BAN-HDN-O4","BAN-HDN-O4","mgvCiKWTxxC","Hodan",2.03821285307282,45.3179271517068
"Heh7XiazW74","BAN-HDN-O5","BAN-HDN-O5","BAN-HDN-O5","mgvCiKWTxxC","Hodan",2.05405823726965,45.3019846398714
"pN14Bm62hsi","BAN-HDN-P","BAN-HDN-P","BAN-HDN-P","mgvCiKWTxxC","Hodan",2.04333276862686,45.3107215839556
"zaTyscyPqJZ","BAN-HDN-P1","BAN-HDN-P1","BAN-HDN-P1","mgvCiKWTxxC","Hodan",2.03591394147452,45.3184368287849
"oEtGgAiM8oi","BAN-HDN-P2","BAN-HDN-P2","BAN-HDN-P2","mgvCiKWTxxC","Hodan",2.05298541689024,45.3145000709223
"Zj8octosRQ4","BAN-HDN-P3","BAN-HDN-P3","BAN-HDN-P3","mgvCiKWTxxC","Hodan",2.03623273027163,45.311231314974
"EwMyONGh08j","BAN-HDN-P4","BAN-HDN-P4","BAN-HDN-P4","mgvCiKWTxxC","Hodan",2.04074729048507,45.3181414291847
"nKzfFzhxeXp","BAN-HDN-P5","BAN-HDN-P5","BAN-HDN-P5","mgvCiKWTxxC","Hodan",2.04511944955297,45.3165321885059
"ekLN0Ej3qjM","BAN-HDN-Q","BAN-HDN-Q","BAN-HDN-Q","mgvCiKWTxxC","Hodan",2.04897551256215,45.2967048498538
"YJcJvRomsbV","BAN-HDN-Q1","BAN-HDN-Q1","BAN-HDN-Q1","mgvCiKWTxxC","Hodan",2.04679995527657,45.2945599892138
"xNJAJEp7za0","BAN-HDN-Q2","BAN-HDN-Q2","BAN-HDN-Q2","mgvCiKWTxxC","Hodan",2.03563395217335,45.3007694500184
"cFOBvwdU4Fd","BAN-HDN-Q3","BAN-HDN-Q3","BAN-HDN-Q3","mgvCiKWTxxC","Hodan",2.04553879611842,45.2919379554137
"oE7MwZTZBdt","BAN-HDN-Q4","BAN-HDN-Q4","BAN-HDN-Q4","mgvCiKWTxxC","Hodan",2.05631870835854,45.3089608894425
"zNbZWwmseGt","BAN-HDN-Q5","BAN-HDN-Q5","BAN-HDN-Q5","mgvCiKWTxxC","Hodan",2.04805404027376,45.2975145389822
"P9X4TGYTnSd","BAN-HDN-R","BAN-HDN-R","BAN-HDN-R","mgvCiKWTxxC","Hodan",2.05257885436221,45.3006453024516
"VYWPzu1caKm","BAN-HDN-R1","BAN-HDN-R1","BAN-HDN-R1","mgvCiKWTxxC","Hodan",2.04455891126118,45.2838870785298
"mfdDB2LE9Uc","BAN-HDN-R2","BAN-HDN-R2","BAN-HDN-R2","mgvCiKWTxxC","Hodan",2.04476806320966,45.3075772777809
"SGYoBrsAbxt","BAN-HDN-R3","BAN-HDN-R3","BAN-HDN-R3","mgvCiKWTxxC","Hodan",2.0360585182042,45.3110666290366
"FOUczfDKxTr","BAN-HDN-R4","BAN-HDN-R4","BAN-HDN-R4","mgvCiKWTxxC","Hodan",2.04960522901575,45.2985293441869
"hmuyHfZ2emq","BAN-HDN-R5","BAN-HDN-R5","BAN-HDN-R5","mgvCiKWTxxC","Hodan",2.04238472297915,45.3070301358852
"qSURG5EpNxf","BAN-HDN-S","BAN-HDN-S","BAN-HDN-S","mgvCiKWTxxC","Hodan",2.0465783489581,45.3123904693808
"XXMZzRltqGv","BAN-HDN-S1","BAN-HDN-S1","BAN-HDN-S1","mgvCiKWTxxC","Hodan",2.04948742794221,45.3030774995516
"IQZcPMekfYp","BAN-HDN-S2","BAN-HDN-S2","BAN-HDN-S2","mgvCiKWTxxC","Hodan",2.05435460143217,45.3074238104143
"nHyqO70E1El","BAN-HDN-S3","BAN-HDN-S3","BAN-HDN-S3","mgvCiKWTxxC","Hodan",2.03343481220915,45.3094636230674
"UJQnKXd0q2L","BAN-HDN-T","BAN-HDN-T","BAN-HDN-T","mgvCiKWTxxC","Hodan",2.04772167900526,45.3187060838267
"egi6qpSAbzG","BAN-HDN-U","BAN-HDN-U","BAN-HDN-U","mgvCiKWTxxC","Hodan",2.0467020513467,45.2923970353871
"zcAvSJ8ncaE","BAN-HDN-V","BAN-HDN-V","BAN-HDN-V","mgvCiKWTxxC","Hodan",2.03424583576921,45.3128838446765
"q06nkmSL3sm","BAN-HDN-W","BAN-HDN-W","BAN-HDN-W","mgvCiKWTxxC","Hodan",2.04980960329776,45.3119143834197
"wu97vAFKXGE","BAN-HDN-X","BAN-HDN-X","BAN-HDN-X","mgvCiKWTxxC","Hodan",2.03395464125013,45.3038270278983
"VvLu4ETe42J","BAN-DRK-A","BAN-DRK-A","BAN-DRK-A","ndc6cr1F8Yw","Dharkenly",2.02591458278079,45.2622204184932
"wAfqJdvjNsS","BAN-DRK-B","BAN-DRK-B","BAN-DRK-B","ndc6cr1F8Yw","Dharkenly",2.03292117973726,45.2870464976992
"VeF6PTsFJpR","BAN-DRK-C","BAN-DRK-C","BAN-DRK-C","ndc6cr1F8Yw","Dharkenly",1.9954269616442,45.2472302883263
"Gl3T2ihGBfZ","BAN-DRK-D","BAN-DRK-D","BAN-DRK-D","ndc6cr1F8Yw","Dharkenly",2.00970690562301,45.2601598222033
"WPLcH4XrkhM","BAN-DRK-E","BAN-DRK-E","BAN-DRK-E","ndc6cr1F8Yw","Dharkenly",2.01817737104174,45.2657677661933
"yLYjgDL157P","BAN-DRK-F","BAN-DRK-F","BAN-DRK-F","ndc6cr1F8Yw","Dharkenly",2.02567517686871,45.274061490818
"m8Oy3QmGq5T","BAN-DRK-G","BAN-DRK-G","BAN-DRK-G","ndc6cr1F8Yw","Dharkenly",2.01298713167624,45.2720372560847
"XyK0VWfqOgh","BAN-DRK-H","BAN-DRK-H","BAN-DRK-H","ndc6cr1F8Yw","Dharkenly",2.04107459596237,45.28084337796
"u41zp0AFX8u","BAN-DRK-I","BAN-DRK-I","BAN-DRK-I","ndc6cr1F8Yw","Dharkenly",1.99820643433306,45.25673471103
"Yyyu6cUXLQJ","BAN-DRK-J","BAN-DRK-J","BAN-DRK-J","ndc6cr1F8Yw","Dharkenly",2.0132634422368,45.2329057380835
"MC1l6FOwPyC","BAN-DRK-K","BAN-DRK-K","BAN-DRK-K","ndc6cr1F8Yw","Dharkenly",2.00648272516154,45.2509994780386
"GStltU9o08z","BAN-DRK-L","BAN-DRK-L","BAN-DRK-L","ndc6cr1F8Yw","Dharkenly",2.02270738972248,45.2724562944029
"BqeGjSkVSq3","BAN-DRK-M","BAN-DRK-M","BAN-DRK-M","ndc6cr1F8Yw","Dharkenly",2.01655144283417,45.2704760993715
"QgsqKfZDdfh","BAN-DRK-N","BAN-DRK-N","BAN-DRK-N","ndc6cr1F8Yw","Dharkenly",2.00022204039336,45.2560938770368
"LQP4nm4lcsJ","BAN-DRK-O","BAN-DRK-O","BAN-DRK-O","ndc6cr1F8Yw","Dharkenly",2.00960827305035,45.2372233446848
"QPStBhQ7Ctu","BAN-DRK-P","BAN-DRK-P","BAN-DRK-P","ndc6cr1F8Yw","Dharkenly",2.01300124265953,45.2728515540491
"oDH1LKCaHSa","BAN-DRK-Q","BAN-DRK-Q","BAN-DRK-Q","ndc6cr1F8Yw","Dharkenly",2.01164947010065,45.2674426037026
"GrAxzVRN8Lv","BAN-DRK-R","BAN-DRK-R","BAN-DRK-R","ndc6cr1F8Yw","Dharkenly",1.99593310837485,45.2526724990359
"GOS6xBxc9jS","BAN-DRK-S","BAN-DRK-S","BAN-DRK-S","ndc6cr1F8Yw","Dharkenly",2.01856040561103,45.2580396621749
"YSvaJZOEPpC","BAN-DRK-T","BAN-DRK-T","BAN-DRK-T","ndc6cr1F8Yw","Dharkenly",2.00805476120522,45.2653024665613
"TcY7aQNdP04","BAN-DRK-U","BAN-DRK-U","BAN-DRK-U","ndc6cr1F8Yw","Dharkenly",2.02652530778866,45.2662379150565
"XMTphUjU9w4","BAN-DRK-V","BAN-DRK-V","BAN-DRK-V","ndc6cr1F8Yw","Dharkenly",2.02871201106801,45.2681646289965
"p495AjwR3fi","BAN-DRK-c","BAN-DRK-c","BAN-DRK-c","ndc6cr1F8Yw","Dharkenly",2.04003570843579,45.2885243026562
"V2jUiLg64qj","BAN-HMW-A","BAN-HMW-A","BAN-HMW-A","pU1RMazOwII","Hamar Weyn",2.03576306245471,45.3394554612844
"jQCnAeCalgw","BAN-HMW-B","BAN-HMW-B","BAN-HMW-B","pU1RMazOwII","Hamar Weyn",2.03392599508079,45.3402162044611
"AMb1E60M7vI","BAN-HMW-C","BAN-HMW-C","BAN-HMW-C","pU1RMazOwII","Hamar Weyn",2.03622113965174,45.3387124670454
"dcYNrUAPoSb","BAN-HMW-D","BAN-HMW-D","BAN-HMW-D","pU1RMazOwII","Hamar Weyn",2.03491835902253,45.3361839475254
"f9VsvH9fWAi","BAN-HMW-E","BAN-HMW-E","BAN-HMW-E","pU1RMazOwII","Hamar Weyn",2.03571764691256,45.341746830582
"gcn9DchoU3d","BAN-HMW-F","BAN-HMW-F","BAN-HMW-F","pU1RMazOwII","Hamar Weyn",2.03125770063953,45.3400062371964
"I58i4VW9eD0","BAN-HMW-G","BAN-HMW-G","BAN-HMW-G","pU1RMazOwII","Hamar Weyn",2.03228011043401,45.3416375606266
"juZzT82z11k","BAN-HMW-H","BAN-HMW-H","BAN-HMW-H","pU1RMazOwII","Hamar Weyn",2.03127187141223,45.3421995159612
"iCiq7QSfqqI","BAN-HMW-I","BAN-HMW-I","BAN-HMW-I","pU1RMazOwII","Hamar Weyn",2.03528286620233,45.3398021101785
"vDhDYZID9AV","BAN-HMW-J","BAN-HMW-J","BAN-HMW-J","pU1RMazOwII","Hamar Weyn",2.0375019802873,45.3397569422261
"mS8cnkLrVc6","GDD-ELG-A","GDD-ELG-A","GDD-ELG-A","pytXvEVkF3l","Elgaras",4.99106725314367,46.7278302488423
"NJVEPNEaeuK","GDD-ELG-B","GDD-ELG-B","GDD-ELG-B","pytXvEVkF3l","Elgaras",5.07952257616524,47.2873526431423
"bVTOrWOORNY","GDD-ELG-C","GDD-ELG-C","GDD-ELG-C","pytXvEVkF3l","Elgaras",4.80450257343649,47.2694703836689
"H31b4nZcQ9y","GDD-ELG-D","GDD-ELG-D","GDD-ELG-D","pytXvEVkF3l","Elgaras",4.83958584627673,45.9466102962581
"lAxC9MaAKD7","GDD-ELG-E","GDD-ELG-E","GDD-ELG-E","pytXvEVkF3l","Elgaras",5.10884095752589,46.5722741884478
"SiqJlIShuHm","GDD-ELG-F","GDD-ELG-F","GDD-ELG-F","pytXvEVkF3l","Elgaras",4.90747184142815,47.0501139560389
"Z8rbOw3Fejf","GDD-ELG-G","GDD-ELG-G","GDD-ELG-G","pytXvEVkF3l","Elgaras",4.88450612296799,47.4242801835508
"FO5cKUReclv","GDD-ELG-H","GDD-ELG-H","GDD-ELG-H","pytXvEVkF3l","Elgaras",4.78235699928625,46.636677113697
"UJnBn8jufse","GDD-ELG-I","GDD-ELG-I","GDD-ELG-I","pytXvEVkF3l","Elgaras",4.91259687972483,46.2406169298868
"W9WbsgAbbXE","GDD-ELG-J","GDD-ELG-J","GDD-ELG-J","pytXvEVkF3l","Elgaras",4.96571974421793,47.2329235434981
"AoksDbNIBAz","GDD-ELG-K","GDD-ELG-K","GDD-ELG-K","pytXvEVkF3l","Elgaras",4.88083989288247,46.9828997757307
"RCxAqP65t6M","GDD-ELG-L","GDD-ELG-L","GDD-ELG-L","pytXvEVkF3l","Elgaras",4.74084372583405,46.1831734657002
"Us8G8e5Rwf7","GDD-ELG-M","GDD-ELG-M","GDD-ELG-M","pytXvEVkF3l","Elgaras",4.81937796281659,46.8048627707966
"jE8zpRqjKwV","GDD-ELG-N","GDD-ELG-N","GDD-ELG-N","pytXvEVkF3l","Elgaras",5.15104936428573,46.994044652938
"ZrfTgAd2GfJ","GDD-ELG-O","GDD-ELG-O","GDD-ELG-O","pytXvEVkF3l","Elgaras",4.9084969471974,45.9918815151835
"a9tfr6erQjh","GDD-ELG-P","GDD-ELG-P","GDD-ELG-P","pytXvEVkF3l","Elgaras",4.80724941196976,47.3925063009627
"lcQSvNITyMw","GDD-ELG-Q","GDD-ELG-Q","GDD-ELG-Q","pytXvEVkF3l","Elgaras",4.91420470308089,46.4451007927723
"RSCJrCCrJtC","GDD-ELG-R","GDD-ELG-R","GDD-ELG-R","pytXvEVkF3l","Elgaras",4.7918739855746,46.953415465688
"lVdEn5X75wa","GGD-ELG-A","GGD-ELG-A","GGD-ELG-A","pytXvEVkF3l","Elgaras",5.02030101152879,46.3331146434865
"k2Y4w26MzEl","GGD-ELG-B","GGD-ELG-B","GGD-ELG-B","pytXvEVkF3l","Elgaras",4.88202931175041,46.0033567188469
"FtSAhUoPxls","GGD-ELG-C","GGD-ELG-C","GGD-ELG-C","pytXvEVkF3l","Elgaras",5.08589958884658,46.3709543534224
"WcGPKNceg7d","GGD-ELG-D","GGD-ELG-D","GGD-ELG-D","pytXvEVkF3l","Elgaras",5.16357408238658,46.5002191539064
"eJHlEblxY8r","GGD-ELG-E","GGD-ELG-E","GGD-ELG-E","pytXvEVkF3l","Elgaras",4.85839113506566,46.135362337787
"LBVOlnC7vFh","GGD-ELG-F","GGD-ELG-F","GGD-ELG-F","pytXvEVkF3l","Elgaras",4.75887673520181,46.1925726022117
"LLHRsqoYQau","GGD-ELG-G","GGD-ELG-G","GGD-ELG-G","pytXvEVkF3l","Elgaras",4.94934203433221,47.1406358957273
"y2f5KPJTiiN","GGD-ELG-H","GGD-ELG-H","GGD-ELG-H","pytXvEVkF3l","Elgaras",5.09801704716747,46.9971777550928
"I9Sf6zg12O7","GGD-ELG-I","GGD-ELG-I","GGD-ELG-I","pytXvEVkF3l","Elgaras",4.90211532122387,46.9587138174583
"udnMJxV89kq","GGD-ELG-J","GGD-ELG-J","GGD-ELG-J","pytXvEVkF3l","Elgaras",4.80259065970137,47.3825230853067
"lueMWHpIbeY","GGD-ELG-K","GGD-ELG-K","GGD-ELG-K","pytXvEVkF3l","Elgaras",4.84195408894726,47.0282722900101
"Ji05x5Nmopn","GGD-ELG-L","GGD-ELG-L","GGD-ELG-L","pytXvEVkF3l","Elgaras",5.03678170186801,46.929404491884
"T2BMqgT7UYp","GGD-ELG-M","GGD-ELG-M","GGD-ELG-M","pytXvEVkF3l","Elgaras",4.9095371615139,47.3151576534859
"TCood8u1CgF","GGD-ELG-N","GGD-ELG-N","GGD-ELG-N","pytXvEVkF3l","Elgaras",4.93911423335258,46.079895813762
"xOj8ynAkGJi","GGD-ELG-O","GGD-ELG-O","GGD-ELG-O","pytXvEVkF3l","Elgaras",4.88192760697953,47.2308153673758
"DLzbbAgTbUm","GGD-ELG-P","GGD-ELG-P","GGD-ELG-P","pytXvEVkF3l","Elgaras",5.12964660928573,47.2377180379454
"bxdGUtyX6pQ","GGD-ELG-Q","GGD-ELG-Q","GGD-ELG-Q","pytXvEVkF3l","Elgaras",4.86478698955582,47.5000134397959
"GZUIPjvOKGy","GGD-ELG-R","GGD-ELG-R","GGD-ELG-R","pytXvEVkF3l","Elgaras",5.02331077104312,46.7459034592393
"qQfdgG2F8ri","GGD-ELG-S","GGD-ELG-S","GGD-ELG-S","pytXvEVkF3l","Elgaras",4.75588347599196,46.498129050874
"Nf3TfvwdsUS","LJB-HGR-A","LJB-HGR-A","LJB-HGR-A","q7r7OVvn169","Hagar",1.23086124824831,41.9565592237877
"gvLeaVvk6Nr","LJB-HGR-B","LJB-HGR-B","LJB-HGR-B","q7r7OVvn169","Hagar",1.25193578134703,42.2010336573951
"UJ5i1J8KgQx","LJB-HGR-C","LJB-HGR-C","LJB-HGR-C","q7r7OVvn169","Hagar",1.18036703974436,41.9732057846007
"Wl1vDHneLQ4","LJB-HGR-D","LJB-HGR-D","LJB-HGR-D","q7r7OVvn169","Hagar",0.83999200955667,41.9539978480666
"s2YSrVFrm8N","LJB-HGR-E","LJB-HGR-E","LJB-HGR-E","q7r7OVvn169","Hagar",1.02616837278664,42.0505863503866
"XxboPdUPtDU","LJB-HGR-F","LJB-HGR-F","LJB-HGR-F","q7r7OVvn169","Hagar",1.04710129405295,41.8868186193952
"PfTBPDD0DTk","LJB-HGR-G","LJB-HGR-G","LJB-HGR-G","q7r7OVvn169","Hagar",1.13078249902686,42.2627438659034
"OocOZTFiGiZ","LJB-HGR-H","LJB-HGR-H","LJB-HGR-H","q7r7OVvn169","Hagar",1.08698288350177,41.8353125656215
"LAARy0w4OeJ","LJB-HGR-I","LJB-HGR-I","LJB-HGR-I","q7r7OVvn169","Hagar",0.832977616556756,42.2056473423806
"hVWFxpMI9rI","LJB-HGR-J","LJB-HGR-J","LJB-HGR-J","q7r7OVvn169","Hagar",1.20607962364625,42.0080594958829
"vBYWGi04U0H","LJB-HGR-K","LJB-HGR-K","LJB-HGR-K","q7r7OVvn169","Hagar",0.936628020196125,41.9719976153467
"aJxMXxsA4jU","BAN-WDA-A","BAN-WDA-A","BAN-WDA-A","qxcVfN5FYVS","Wardegly",2.04781640994054,45.3351571190654
"IpsH066FI5l","BAN-WDA-B","BAN-WDA-B","BAN-WDA-B","qxcVfN5FYVS","Wardegly",2.06206939622957,45.3338460966947
"Kgl7xHGOOlg","BAN-WDA-C","BAN-WDA-C","BAN-WDA-C","qxcVfN5FYVS","Wardegly",2.06387520745785,45.3253228053235
"OlEDoYf5tjh","BAN-WDA-D","BAN-WDA-D","BAN-WDA-D","qxcVfN5FYVS","Wardegly",2.06656397280783,45.3277399994398
"YfqQdgtvcnj","BAN-WDA-E","BAN-WDA-E","BAN-WDA-E","qxcVfN5FYVS","Wardegly",2.04366379576865,45.3354563080056
"YU0bqQTxNTC","BAN-WDA-F","BAN-WDA-F","BAN-WDA-F","qxcVfN5FYVS","Wardegly",2.06397216229934,45.3237441891973
"Pp7mQhe0MTB","BAN-WDA-G","BAN-WDA-G","BAN-WDA-G","qxcVfN5FYVS","Wardegly",2.06467988766681,45.3243278655721
"dibkRr26LAE","BAN-WDA-H","BAN-WDA-H","BAN-WDA-H","qxcVfN5FYVS","Wardegly",2.04840237189276,45.3291939717941
"WWLVM95hPQ5","BAN-WDA-I","BAN-WDA-I","BAN-WDA-I","qxcVfN5FYVS","Wardegly",2.05392814933792,45.332224640667
"Zp5LYyGqKgq","BAN-WDA-J","BAN-WDA-J","BAN-WDA-J","qxcVfN5FYVS","Wardegly",2.04435454314969,45.3323701844554
"T7WtDjqOVCW","BAN-WDA-K","BAN-WDA-K","BAN-WDA-K","qxcVfN5FYVS","Wardegly",2.06229043461391,45.3232125812436
"lf1U3BqABFE","BAN-WDA-L","BAN-WDA-L","BAN-WDA-L","qxcVfN5FYVS","Wardegly",2.05233499498916,45.3323777313364
"tAnv938V9n3","BAN-WDA-M","BAN-WDA-M","BAN-WDA-M","qxcVfN5FYVS","Wardegly",2.06078644594539,45.3308383736069
"fMTvklV45b3","BAY-BDB-A","BAY-BDB-A","BAY-BDB-A","qxfStvF9qbf","Baidoa",3.44683970126085,43.7271520498818
"V8VXOyrQGoY","BAY-BDB-AA","BAY-BDB-AA","BAY-BDB-AA","qxfStvF9qbf","Baidoa",2.81164676596217,43.6280193568956
"QbBoGTUC2C5","BAY-BDB-AAA","BAY-BDB-AAA","BAY-BDB-AAA","qxfStvF9qbf","Baidoa",2.93463156440591,43.5637391981941
"TtfbVp6Pg4T","BAY-BDB-AAB","BAY-BDB-AAB","BAY-BDB-AAB","qxfStvF9qbf","Baidoa",3.48412372826777,44.138078400674
"fpM7Alsztme","BAY-BDB-AAC","BAY-BDB-AAC","BAY-BDB-AAC","qxfStvF9qbf","Baidoa",3.11211351570514,43.5707625775906
"TsEkajBz8WS","BAY-BDB-AAD","BAY-BDB-AAD","BAY-BDB-AAD","qxfStvF9qbf","Baidoa",2.65121471719801,43.1663246552733
"TJyJKCxqRuV","BAY-BDB-AAE","BAY-BDB-AAE","BAY-BDB-AAE","qxfStvF9qbf","Baidoa",3.59536029680204,43.9384158982348
"IA1RYwfxELP","BAY-BDB-AAF","BAY-BDB-AAF","BAY-BDB-AAF","qxfStvF9qbf","Baidoa",3.67878563862403,43.9854534881972
"oLoXOg3fbUw","BAY-BDB-AAG","BAY-BDB-AAG","BAY-BDB-AAG","qxfStvF9qbf","Baidoa",2.62843149782629,43.223001110101
"yu29vWF0TUE","BAY-BDB-AAH","BAY-BDB-AAH","BAY-BDB-AAH","qxfStvF9qbf","Baidoa",2.64868058534542,43.2852035259343
"dPfguMPmu43","BAY-BDB-AAJ","BAY-BDB-AAJ","BAY-BDB-AAJ","qxfStvF9qbf","Baidoa",3.65235505395342,43.9087854762064
"G8jnU61OYAn","BAY-BDB-AAK","BAY-BDB-AAK","BAY-BDB-AAK","qxfStvF9qbf","Baidoa",3.02603167794326,43.5347599173262
"JkRPbxn6QY4","BAY-BDB-AAL","BAY-BDB-AAL","BAY-BDB-AAL","qxfStvF9qbf","Baidoa",3.52537995664416,43.6929277664853
"RJVXzOaR9r5","BAY-BDB-AAM","BAY-BDB-AAM","BAY-BDB-AAM","qxfStvF9qbf","Baidoa",3.13198478850725,43.5359571794649
"NmXg9ZqOUOX","BAY-BDB-AAN","BAY-BDB-AAN","BAY-BDB-AAN","qxfStvF9qbf","Baidoa",3.12013643421812,43.4987505094985
"ark3Wfb0AWD","BAY-BDB-AAO","BAY-BDB-AAO","BAY-BDB-AAO","qxfStvF9qbf","Baidoa",2.70791109450197,43.3337106412989
"Me1Q81BCvBU","BAY-BDB-AAP","BAY-BDB-AAP","BAY-BDB-AAP","qxfStvF9qbf","Baidoa",2.72071244374863,43.4397862786371
"Lf76T1HFVwu","BAY-BDB-AAQ","BAY-BDB-AAQ","BAY-BDB-AAQ","qxfStvF9qbf","Baidoa",3.37443753508233,43.8888647686976
"vrJAs5OKK0T","BAY-BDB-AAR","BAY-BDB-AAR","BAY-BDB-AAR","qxfStvF9qbf","Baidoa",3.47190319427862,43.8951592767715
"Ggk0IYwDS7A","BAY-BDB-AAS","BAY-BDB-AAS","BAY-BDB-AAS","qxfStvF9qbf","Baidoa",3.53277967793428,43.7484314233491
"lfUZ5fy5Gqq","BAY-BDB-AAT","BAY-BDB-AAT","BAY-BDB-AAT","qxfStvF9qbf","Baidoa",3.13351938157113,43.9595731662962
"m4XRAe7T6u8","BAY-BDB-AAU","BAY-BDB-AAU","BAY-BDB-AAU","qxfStvF9qbf","Baidoa",3.3981632133293,43.9139422199182
"LYubBFMG9j5","BAY-BDB-AAV","BAY-BDB-AAV","BAY-BDB-AAV","qxfStvF9qbf","Baidoa",3.72601142864697,43.875361051905
"tR19KxR3CQ5","BAY-BDB-AAW","BAY-BDB-AAW","BAY-BDB-AAW","qxfStvF9qbf","Baidoa",3.36791048659574,44.200573704575
"CHvGoptoRXZ","BAY-BDB-AAX","BAY-BDB-AAX","BAY-BDB-AAX","qxfStvF9qbf","Baidoa",2.97759577273608,43.8841435792097
"sy1zcqI5yF3","BAY-BDB-AAY","BAY-BDB-AAY","BAY-BDB-AAY","qxfStvF9qbf","Baidoa",2.73474831296069,43.139854243543
"HWzpvytUFCC","BAY-BDB-AAZ","BAY-BDB-AAZ","BAY-BDB-AAZ","qxfStvF9qbf","Baidoa",3.43729626805565,43.8135464084885
"j8ABwcew3qn","BAY-BDB-AB","BAY-BDB-AB","BAY-BDB-AB","qxfStvF9qbf","Baidoa",3.37232288149956,43.9024663712748
"fVtclssGeid","BAY-BDB-ABA","BAY-BDB-ABA","BAY-BDB-ABA","qxfStvF9qbf","Baidoa",3.29291047598656,43.7884922927922
"wG2oNdnJbyr","BAY-BDB-ABB","BAY-BDB-ABB","BAY-BDB-ABB","qxfStvF9qbf","Baidoa",3.31455764825369,43.7178895083812
"yiiym81LXqs","BAY-BDB-ABC","BAY-BDB-ABC","BAY-BDB-ABC","qxfStvF9qbf","Baidoa",2.60448964065284,43.3369542810148
"YA456ItMDzI","BAY-BDB-ABD","BAY-BDB-ABD","BAY-BDB-ABD","qxfStvF9qbf","Baidoa",3.65897720431179,43.9413824162636
"FaLjgHAHyXC","BAY-BDB-ABE","BAY-BDB-ABE","BAY-BDB-ABE","qxfStvF9qbf","Baidoa",2.85519309749943,43.5030738137936
"GDx3G10ydab","BAY-BDB-ABF","BAY-BDB-ABF","BAY-BDB-ABF","qxfStvF9qbf","Baidoa",3.21833277209461,43.4659893246824
"speBg29opjm","BAY-BDB-ABG","BAY-BDB-ABG","BAY-BDB-ABG","qxfStvF9qbf","Baidoa",2.7174309857596,43.5012937730353
"I8NLxpmog7e","BAY-BDB-ABH","BAY-BDB-ABH","BAY-BDB-ABH","qxfStvF9qbf","Baidoa",3.17743761686499,43.4558039779577
"icHO8U5oC9Q","BAY-BDB-ABI","BAY-BDB-ABI","BAY-BDB-ABI","qxfStvF9qbf","Baidoa",3.52396040510188,44.1843001148877
"tEt3MIpc5Fo","BAY-BDB-ABJ","BAY-BDB-ABJ","BAY-BDB-ABJ","qxfStvF9qbf","Baidoa",2.77458529631524,43.1726673646653
"GJBBoTnncIo","BAY-BDB-ABK","BAY-BDB-ABK","BAY-BDB-ABK","qxfStvF9qbf","Baidoa",3.23150944966146,44.0837415336572
"KguYBvgqUXT","BAY-BDB-ABL","BAY-BDB-ABL","BAY-BDB-ABL","qxfStvF9qbf","Baidoa",3.53696998481091,43.9355559336165
"pGKFKyEL5ER","BAY-BDB-ABM","BAY-BDB-ABM","BAY-BDB-ABM","qxfStvF9qbf","Baidoa",2.84209846816862,43.2932063385873
"oCXSAHRHWkO","BAY-BDB-ABN","BAY-BDB-ABN","BAY-BDB-ABN","qxfStvF9qbf","Baidoa",3.26798014753291,44.1569430603038
"PsKjVsunlau","BAY-BDB-ABO","BAY-BDB-ABO","BAY-BDB-ABO","qxfStvF9qbf","Baidoa",2.82790368830528,43.4365973974389
"K4oKMd4OMxc","BAY-BDB-ABP","BAY-BDB-ABP","BAY-BDB-ABP","qxfStvF9qbf","Baidoa",2.90248070685615,43.2090588331201
"zmLa7dIwaH2","BAY-BDB-ABQ","BAY-BDB-ABQ","BAY-BDB-ABQ","qxfStvF9qbf","Baidoa",2.94597117466263,43.302484083964
"SGNVAhyRA4n","BAY-BDB-ABR","BAY-BDB-ABR","BAY-BDB-ABR","qxfStvF9qbf","Baidoa",2.74498808512264,43.3685335484501
"YSPEburWS6m","BAY-BDB-ABS","BAY-BDB-ABS","BAY-BDB-ABS","qxfStvF9qbf","Baidoa",3.65397342466613,43.9105442255296
"o3AgfRMj77f","BAY-BDB-ABT","BAY-BDB-ABT","BAY-BDB-ABT","qxfStvF9qbf","Baidoa",2.74352062611724,43.5063995876879
"tRau3WJRdIq","BAY-BDB-ABU","BAY-BDB-ABU","BAY-BDB-ABU","qxfStvF9qbf","Baidoa",2.86686523962201,43.4043875560937
"BiHkX1yGLRP","BAY-BDB-ABV","BAY-BDB-ABV","BAY-BDB-ABV","qxfStvF9qbf","Baidoa",3.49312884816645,43.9331732749217
"vNFuuOdXYX8","BAY-BDB-ABW","BAY-BDB-ABW","BAY-BDB-ABW","qxfStvF9qbf","Baidoa",2.61907287424203,43.2405137102385
"XrudwypC0Zd","BAY-BDB-ABX","BAY-BDB-ABX","BAY-BDB-ABX","qxfStvF9qbf","Baidoa",2.93259759321656,43.3467205572014
"IECZQw09Yio","BAY-BDB-ABY","BAY-BDB-ABY","BAY-BDB-ABY","qxfStvF9qbf","Baidoa",3.52435633416004,43.7214258552247
"NsnwiKUl75d","BAY-BDB-ABZ","BAY-BDB-ABZ","BAY-BDB-ABZ","qxfStvF9qbf","Baidoa",3.11011364468697,43.5408183167471
"qNG8aO4OTrS","BAY-BDB-AC","BAY-BDB-AC","BAY-BDB-AC","qxfStvF9qbf","Baidoa",3.6349376284162,44.0991000702697
"prhcoVQTwZ7","BAY-BDB-ACC","BAY-BDB-ACC","BAY-BDB-ACC","qxfStvF9qbf","Baidoa",3.50479756323498,43.6899716874263
"tFOQhkvxR3r","BAY-BDB-ACD","BAY-BDB-ACD","BAY-BDB-ACD","qxfStvF9qbf","Baidoa",3.34531021865097,43.9887534265861
"vaJUDKWBgsW","BAY-BDB-ACE","BAY-BDB-ACE","BAY-BDB-ACE","qxfStvF9qbf","Baidoa",2.99493383142387,43.3227340595128
"LslqLve4oZe","BAY-BDB-ACF","BAY-BDB-ACF","BAY-BDB-ACF","qxfStvF9qbf","Baidoa",3.09034890591678,43.6660505851538
"OwGU2LS4x6C","BAY-BDB-ACG","BAY-BDB-ACG","BAY-BDB-ACG","qxfStvF9qbf","Baidoa",3.09008320174865,43.3085157034914
"j54ErIMKL4G","BAY-BDB-ACH","BAY-BDB-ACH","BAY-BDB-ACH","qxfStvF9qbf","Baidoa",2.91382767011371,43.5625357659724
"bLX8ETMwSGx","BAY-BDB-ACI","BAY-BDB-ACI","BAY-BDB-ACI","qxfStvF9qbf","Baidoa",3.19591812600459,43.6983270603817
"rKV3obRJ3QW","BAY-BDB-ACJ","BAY-BDB-ACJ","BAY-BDB-ACJ","qxfStvF9qbf","Baidoa",3.48295042276151,43.9903725676181
"rq9j1S8MhBx","BAY-BDB-AD","BAY-BDB-AD","BAY-BDB-AD","qxfStvF9qbf","Baidoa",3.4854173066589,44.2413641732741
"ccwkbGldjTu","BAY-BDB-AE","BAY-BDB-AE","BAY-BDB-AE","qxfStvF9qbf","Baidoa",3.43212943468234,44.0251455439958
"c3L1towoZ64","BAY-BDB-AF","BAY-BDB-AF","BAY-BDB-AF","qxfStvF9qbf","Baidoa",2.71847128247971,43.496256415447
"hhvMyo1pSoi","BAY-BDB-AG","BAY-BDB-AG","BAY-BDB-AG","qxfStvF9qbf","Baidoa",3.55593307715339,44.0727788846449
"R7WElJ46TWw","BAY-BDB-AH","BAY-BDB-AH","BAY-BDB-AH","qxfStvF9qbf","Baidoa",3.31491303309019,43.9781226737154
"FWr2WI8W07G","BAY-BDB-AI","BAY-BDB-AI","BAY-BDB-AI","qxfStvF9qbf","Baidoa",2.93940585624587,43.4930348893333
"u03cFxewpMg","BAY-BDB-AJ","BAY-BDB-AJ","BAY-BDB-AJ","qxfStvF9qbf","Baidoa",3.35531005678039,43.4745624484535
"Aa83C4PdxW4","BAY-BDB-AK","BAY-BDB-AK","BAY-BDB-AK","qxfStvF9qbf","Baidoa",3.55690749681617,43.8272487879141
"n9eeknGpOpd","BAY-BDB-AL","BAY-BDB-AL","BAY-BDB-AL","qxfStvF9qbf","Baidoa",3.24274047964646,43.7739225783115
"mVnmPrHo0L0","BAY-BDB-AM","BAY-BDB-AM","BAY-BDB-AM","qxfStvF9qbf","Baidoa",2.70451604336084,43.3628389794408
"Wn0Ft3nZOp8","BAY-BDB-AN","BAY-BDB-AN","BAY-BDB-AN","qxfStvF9qbf","Baidoa",3.33120941653185,43.9501114125484
"QLr2of4UUPT","BAY-BDB-AO","BAY-BDB-AO","BAY-BDB-AO","qxfStvF9qbf","Baidoa",3.1018146577343,43.9754086340761
"VqsQHlkzThI","BAY-BDB-AP","BAY-BDB-AP","BAY-BDB-AP","qxfStvF9qbf","Baidoa",3.33885619203225,43.7746836776754
"OdNmQDdjYsN","BAY-BDB-AQ","BAY-BDB-AQ","BAY-BDB-AQ","qxfStvF9qbf","Baidoa",3.13821716473371,43.7149504835619
"dOVNWPAoILi","BAY-BDB-AR","BAY-BDB-AR","BAY-BDB-AR","qxfStvF9qbf","Baidoa",3.07660960512316,43.7413418914522
"wzoFagejv3f","BAY-BDB-AS","BAY-BDB-AS","BAY-BDB-AS","qxfStvF9qbf","Baidoa",3.36633822722827,43.716349342295
"aeeh2M512JQ","BAY-BDB-AT","BAY-BDB-AT","BAY-BDB-AT","qxfStvF9qbf","Baidoa",3.07339974810581,43.9872955844326
"OTdIWE4XUO3","BAY-BDB-AU","BAY-BDB-AU","BAY-BDB-AU","qxfStvF9qbf","Baidoa",3.24798510926245,43.9028940151701
"C6UEflreTyJ","BAY-BDB-AV","BAY-BDB-AV","BAY-BDB-AV","qxfStvF9qbf","Baidoa",3.10477211668053,43.8221321210609
"p7Rkigg0AZy","BAY-BDB-AW","BAY-BDB-AW","BAY-BDB-AW","qxfStvF9qbf","Baidoa",3.25921430338473,44.0501496157196
"wz0Ow3Z1lWH","BAY-BDB-AX","BAY-BDB-AX","BAY-BDB-AX","qxfStvF9qbf","Baidoa",3.47251155228774,43.9632991614894
"o4sKhYeKWQa","BAY-BDB-AY","BAY-BDB-AY","BAY-BDB-AY","qxfStvF9qbf","Baidoa",3.35525163843151,43.9030078442452
"EHz06smG6P4","BAY-BDB-AZ","BAY-BDB-AZ","BAY-BDB-AZ","qxfStvF9qbf","Baidoa",3.39109914571954,43.6201527353976
"PJM0EI2pWWZ","BAY-BDB-B","BAY-BDB-B","BAY-BDB-B","qxfStvF9qbf","Baidoa",3.58856749268311,43.6646166854295
"OrPRlfuGplQ","BAY-BDB-C","BAY-BDB-C","BAY-BDB-C","qxfStvF9qbf","Baidoa",3.13522637133376,43.5986649752891
"tPUP3bVuFEm","BAY-BDB-D","BAY-BDB-D","BAY-BDB-D","qxfStvF9qbf","Baidoa",2.92741224898132,43.4213715340055
"brjLX8Yk5kX","BAY-BDB-E","BAY-BDB-E","BAY-BDB-E","qxfStvF9qbf","Baidoa",2.72702401383622,43.4036599432835
"o5xXbw7q2Bj","BAY-BDB-F","BAY-BDB-F","BAY-BDB-F","qxfStvF9qbf","Baidoa",3.14255956245716,43.6885113635693
"OzCLZ23UdUz","BAY-BDB-G","BAY-BDB-G","BAY-BDB-G","qxfStvF9qbf","Baidoa",2.85144451622187,43.6960799116072
"vXaHgZMNcMT","BAY-BDB-H","BAY-BDB-H","BAY-BDB-H","qxfStvF9qbf","Baidoa",3.40079082615196,44.1133519142609
"P0jHQzJsr7V","BAY-BDB-I","BAY-BDB-I","BAY-BDB-I","qxfStvF9qbf","Baidoa",2.8956037579368,43.6801392781211
"JCFt0bNtcJU","BAY-BDB-J","BAY-BDB-J","BAY-BDB-J","qxfStvF9qbf","Baidoa",2.61575339658631,43.1093576490517
"a0oAlqIfqL7","BAY-BDB-K","BAY-BDB-K","BAY-BDB-K","qxfStvF9qbf","Baidoa",3.45610433755608,43.5535011094878
"yWm4RuSNkpJ","BAY-BDB-KA","BAY-BDB-KA","BAY-BDB-KA","qxfStvF9qbf","Baidoa",3.22040632947737,43.8318662420931
"IdMuxZ8uAuX","BAY-BDB-KB","BAY-BDB-KB","BAY-BDB-KB","qxfStvF9qbf","Baidoa",3.08951538629435,43.9598873570297
"DxFDEoTi8e9","BAY-BDB-KC","BAY-BDB-KC","BAY-BDB-KC","qxfStvF9qbf","Baidoa",3.42477450479598,44.2568762750774
"hByU2pmeioV","BAY-BDB-KD","BAY-BDB-KD","BAY-BDB-KD","qxfStvF9qbf","Baidoa",3.00980150503719,43.4454308239241
"bqRZgPDxBjX","BAY-BDB-KE","BAY-BDB-KE","BAY-BDB-KE","qxfStvF9qbf","Baidoa",2.77366570748915,43.6939714673668
"Cu4HLo3HPMW","BAY-BDB-KF","BAY-BDB-KF","BAY-BDB-KF","qxfStvF9qbf","Baidoa",2.78172084909908,43.1509801689924
"NYvPo8piqQe","BAY-BDB-KG","BAY-BDB-KG","BAY-BDB-KG","qxfStvF9qbf","Baidoa",3.32753700507061,44.2691441980271
"gjlJvXdljmX","BAY-BDB-KH","BAY-BDB-KH","BAY-BDB-KH","qxfStvF9qbf","Baidoa",2.60010789335044,43.1231232477144
"tLuJlHurk1Z","BAY-BDB-KI","BAY-BDB-KI","BAY-BDB-KI","qxfStvF9qbf","Baidoa",3.53867051473369,43.9495195253393
"Tz78hQp2lQS","BAY-BDB-KJ","BAY-BDB-KJ","BAY-BDB-KJ","qxfStvF9qbf","Baidoa",2.99987461266693,43.3620923298775
"i3tVY3wD3UP","BAY-BDB-KK","BAY-BDB-KK","BAY-BDB-KK","qxfStvF9qbf","Baidoa",3.66344906284636,43.6695608984764
"YKZO6TKNdL1","BAY-BDB-L","BAY-BDB-L","BAY-BDB-L","qxfStvF9qbf","Baidoa",2.81001591995028,43.4534917532418
"GAwGloZgNS6","BAY-BDB-M","BAY-BDB-M","BAY-BDB-M","qxfStvF9qbf","Baidoa",3.05676135072892,43.620529041485
"Y5ED3KnkvcV","BAY-BDB-N","BAY-BDB-N","BAY-BDB-N","qxfStvF9qbf","Baidoa",3.30540013793017,43.7194853304244
"jAF1V8kUuMk","BAY-BDB-O","BAY-BDB-O","BAY-BDB-O","qxfStvF9qbf","Baidoa",3.57827211611901,43.887600517949
"atKCB2xiwvh","BAY-BDB-P","BAY-BDB-P","BAY-BDB-P","qxfStvF9qbf","Baidoa",3.32881450902671,43.6987581709964
"SQhaH6rQGF6","BAY-BDB-Q","BAY-BDB-Q","BAY-BDB-Q","qxfStvF9qbf","Baidoa",3.37954728416578,44.2532908218355
"cyxmsFoG6WH","BAY-BDB-R","BAY-BDB-R","BAY-BDB-R","qxfStvF9qbf","Baidoa",3.53006946147427,43.6071912320623
"Q4U3R1Q17Iu","BAY-BDB-S","BAY-BDB-S","BAY-BDB-S","qxfStvF9qbf","Baidoa",3.3691314699612,43.9623681233666
"LqtX4JI2Xjq","BAY-BDB-T","BAY-BDB-T","BAY-BDB-T","qxfStvF9qbf","Baidoa",2.97368009074085,43.4904617330505
"LiGMb70U2AA","BAY-BDB-U","BAY-BDB-U","BAY-BDB-U","qxfStvF9qbf","Baidoa",3.57631185039301,44.1395333076119
"uvSvEBQEf9z","BAY-BDB-V","BAY-BDB-V","BAY-BDB-V","qxfStvF9qbf","Baidoa",3.55990257319661,43.7926691353342
"uShAaE4wBJR","BAY-BDB-W","BAY-BDB-W","BAY-BDB-W","qxfStvF9qbf","Baidoa",2.53004992772832,43.2430761760026
"gV9MjBiqDHp","BAY-BDB-X","BAY-BDB-X","BAY-BDB-X","qxfStvF9qbf","Baidoa",2.73593464216748,43.3091549668435
"q7LxbTVJaJT","BAY-BDB-Y","BAY-BDB-Y","BAY-BDB-Y","qxfStvF9qbf","Baidoa",2.66323111138086,43.4690939127183
"UoF9T8AokEb","BAY-BDB-Z","BAY-BDB-Z","BAY-BDB-Z","qxfStvF9qbf","Baidoa",3.59554892756837,43.6198043569305
"eUp6eeOHzcS","BAY-BDB-j","BAY-BDB-j","BAY-BDB-j","qxfStvF9qbf","Baidoa",3.36965039076523,44.2378654453732
"LaQGW0ynyBc","SOL-HDN-A","SOL-HDN-A","SOL-HDN-A","rDPvhfcUSc8","Hudun",9.23893376827867,47.2787306224731
"bnHkUpsmCGd","SOL-HDN-B","SOL-HDN-B","SOL-HDN-B","rDPvhfcUSc8","Hudun",8.75572028529069,47.4563726755648
"FlFdM2iH3N3","SOL-HDN-C","SOL-HDN-C","SOL-HDN-C","rDPvhfcUSc8","Hudun",9.01985464143487,47.3111104203059
"q5UdCcE600F","SOL-HDN-D","SOL-HDN-D","SOL-HDN-D","rDPvhfcUSc8","Hudun",8.85457834921816,47.5571655476703
"PTqjJnwZZr8","SOL-HDN-E","SOL-HDN-E","SOL-HDN-E","rDPvhfcUSc8","Hudun",8.94656401681406,47.5997164304271
"Za5v5jniFHp","SOL-HDN-F","SOL-HDN-F","SOL-HDN-F","rDPvhfcUSc8","Hudun",9.03887624205649,47.3609686487369
"CWSj5T95YRJ","SOL-HDN-G","SOL-HDN-G","SOL-HDN-G","rDPvhfcUSc8","Hudun",9.23376951486438,47.3682152289683
"qxO5ss2HKd1","SOL-HDN-H","SOL-HDN-H","SOL-HDN-H","rDPvhfcUSc8","Hudun",9.30350799152952,47.3509314574815
"gqu9rFIX4mH","SOL-HDN-I","SOL-HDN-I","SOL-HDN-I","rDPvhfcUSc8","Hudun",9.32325589227324,47.5763783231187
"WCJbspzcQcC","SOL-HDN-J","SOL-HDN-J","SOL-HDN-J","rDPvhfcUSc8","Hudun",9.4138512553522,47.8720516826905
"HjwfBZQBWnh","SOL-HDN-K","SOL-HDN-K","SOL-HDN-K","rDPvhfcUSc8","Hudun",9.21085604266873,47.6843827740301
"CqSW85g8Bmh","SOL-HDN-L","SOL-HDN-L","SOL-HDN-L","rDPvhfcUSc8","Hudun",9.46263844832506,47.4087310166055
"ErmGDwUMfXH","SOL-HDN-M","SOL-HDN-M","SOL-HDN-M","rDPvhfcUSc8","Hudun",9.72247336606841,47.7656594367089
"xJsTjwQKyZd","MSH-RNG-A","MSH-RNG-A","MSH-RNG-A","rI1KVaXKXm5","Runingod",3.47322812073728,46.9550022441922
"AEABw3erM7t","MSH-RNG-B","MSH-RNG-B","MSH-RNG-B","rI1KVaXKXm5","Runingod",3.44735444203554,46.9151689039837
"Hl92FAJxqZa","MSH-RNG-C","MSH-RNG-C","MSH-RNG-C","rI1KVaXKXm5","Runingod",3.43316418096674,46.7282161907722
"WHkZJTjnoj1","MSH-RNG-D","MSH-RNG-D","MSH-RNG-D","rI1KVaXKXm5","Runingod",3.69669819078793,46.8204028885584
"Yc2GSxqB3Qz","MSH-RNG-E","MSH-RNG-E","MSH-RNG-E","rI1KVaXKXm5","Runingod",3.49428701624259,46.8585153607178
"gVIwtGFa1IZ","MSH-RNG-F","MSH-RNG-F","MSH-RNG-F","rI1KVaXKXm5","Runingod",3.45056059649292,46.8884156039772
"bkZO8JWkBKe","MSH-RNG-G","MSH-RNG-G","MSH-RNG-G","rI1KVaXKXm5","Runingod",3.63080192911304,46.763102160603
"f4MZQuoAqeu","MSH-RNG-H","MSH-RNG-H","MSH-RNG-H","rI1KVaXKXm5","Runingod",3.56836210131411,46.6340035946801
"tm79Ubn35HZ","MSH-RNG-I","MSH-RNG-I","MSH-RNG-I","rI1KVaXKXm5","Runingod",3.56763615032906,46.6691646486449
"HwoG6iBTJ9g","MSH-RNG-J","MSH-RNG-J","MSH-RNG-J","rI1KVaXKXm5","Runingod",3.59299153821232,46.6605500768577
"OYFYcJFMi9U","MSH-RNG-K","MSH-RNG-K","MSH-RNG-K","rI1KVaXKXm5","Runingod",3.566407116524,46.8089958735283
"ITsmDaxYAom","MSH-RNG-L","MSH-RNG-L","MSH-RNG-L","rI1KVaXKXm5","Runingod",3.69253496845671,46.6988858651386
"Y469lmmIcmV","MSH-RNG-M","MSH-RNG-M","MSH-RNG-M","rI1KVaXKXm5","Runingod",3.56155692837635,47.0768825421856
"sEbVBL3RyGh","MSH-RNG-N","MSH-RNG-N","MSH-RNG-N","rI1KVaXKXm5","Runingod",3.57430265987656,46.6775484447323
"DcnGYedjhnc","MSH-RNG-O","MSH-RNG-O","MSH-RNG-O","rI1KVaXKXm5","Runingod",3.45169310441991,46.6704727488753
"JyyreL8WCPF","MSH-RNG-P","MSH-RNG-P","MSH-RNG-P","rI1KVaXKXm5","Runingod",3.71006941734668,46.7735962013861
"YARghtCPFhB","MSH-RNG-Q","MSH-RNG-Q","MSH-RNG-Q","rI1KVaXKXm5","Runingod",3.56965774541026,46.8406207579253
"RbAYxkncuI9","MSH-RNG-R","MSH-RNG-R","MSH-RNG-R","rI1KVaXKXm5","Runingod",3.6576441651811,46.7213518829266
"EXEXHvcVVHx","GDD-ELB-A","GDD-ELB-A","GDD-ELB-A","rqN4EpLv5eZ","El Bur",4.4065690684978,46.3308817434512
"hm2SJoPrwtZ","GDD-ELB-B","GDD-ELB-B","GDD-ELB-B","rqN4EpLv5eZ","El Bur",4.73595329091925,47.026042382018
"jw9bZBobHWe","GDD-ELB-C","GDD-ELB-C","GDD-ELB-C","rqN4EpLv5eZ","El Bur",4.74174219074491,46.76187581045
"uWosBPIZ1qf","GDD-ELB-D","GDD-ELB-D","GDD-ELB-D","rqN4EpLv5eZ","El Bur",4.51811957058489,46.1480093006866
"qpjhKkYzIAN","GDD-ELB-E","GDD-ELB-E","GDD-ELB-E","rqN4EpLv5eZ","El Bur",4.54032465582191,46.9038180649143
"FrQE32lu7Sx","GDD-ELB-F","GDD-ELB-F","GDD-ELB-F","rqN4EpLv5eZ","El Bur",4.57510434355245,46.5556066764527
"eBR1TcvPJsw","GDD-ELB-G","GDD-ELB-G","GDD-ELB-G","rqN4EpLv5eZ","El Bur",4.75057722532644,46.9384815165458
"CFhJQ3qhMJA","GDD-ELB-H","GDD-ELB-H","GDD-ELB-H","rqN4EpLv5eZ","El Bur",4.4248864746615,46.2291518114483
"vxq4TsXno0M","GDD-ELB-I","GDD-ELB-I","GDD-ELB-I","rqN4EpLv5eZ","El Bur",4.72038162427022,46.4272408740234
"RuqHZhZXYpY","GDD-ELB-J","GDD-ELB-J","GDD-ELB-J","rqN4EpLv5eZ","El Bur",4.35164619228213,46.7145378596855
"gCVhLEyOFQ0","GDD-ELB-K","GDD-ELB-K","GDD-ELB-K","rqN4EpLv5eZ","El Bur",4.4145697461686,46.7846883596011
"esZIKomSIL6","GDD-ELB-L","GDD-ELB-L","GDD-ELB-L","rqN4EpLv5eZ","El Bur",4.40529858882161,46.6658394558667
"R83EjToe4Iy","GDD-ELB-M","GDD-ELB-M","GDD-ELB-M","rqN4EpLv5eZ","El Bur",4.49604475790639,46.25333531867
"SMDaOEY7zQ8","GDD-ELB-N","GDD-ELB-N","GDD-ELB-N","rqN4EpLv5eZ","El Bur",4.55566027866744,46.2522900054687
"PupFl1o55hr","GDD-ELB-O","GDD-ELB-O","GDD-ELB-O","rqN4EpLv5eZ","El Bur",4.32041476630078,46.3130462386327
"auyX1O7v2oI","GDD-ELB-P","GDD-ELB-P","GDD-ELB-P","rqN4EpLv5eZ","El Bur",4.55861319072548,46.2577341917989
"KcWBUs6Tw3o","GDD-ELB-Q","GDD-ELB-Q","GDD-ELB-Q","rqN4EpLv5eZ","El Bur",4.72573268104156,46.317914158269
"VqetqTT22Hx","GDD-ELB-R","GDD-ELB-R","GDD-ELB-R","rqN4EpLv5eZ","El Bur",4.57611603357114,46.614847332919
"klYB4tnP1aE","GDD-ELB-S","GDD-ELB-S","GDD-ELB-S","rqN4EpLv5eZ","El Bur",4.46103463029356,46.3735449566905
"vlgPPaJzI27","GDD-ELB-T","GDD-ELB-T","GDD-ELB-T","rqN4EpLv5eZ","El Bur",4.7441855764535,47.007859404901
"bhIz2gmDbJc","GDD-ELB-U","GDD-ELB-U","GDD-ELB-U","rqN4EpLv5eZ","El Bur",4.73087711041679,46.5254306428776
"UryFPM9zduz","GGD-ELB-A","GGD-ELB-A","GGD-ELB-A","rqN4EpLv5eZ","El Bur",4.71113989433012,46.558240936615
"rXCIOWlNOLt","GGD-ELB-B","GGD-ELB-B","GGD-ELB-B","rqN4EpLv5eZ","El Bur",4.43557292043597,46.1923026973712
"TU8xCvZLnbA","GGD-ELB-C","GGD-ELB-C","GGD-ELB-C","rqN4EpLv5eZ","El Bur",4.52407261515522,46.4450748917888
"QHQ4owcdaIT","GGD-ELB-D","GGD-ELB-D","GGD-ELB-D","rqN4EpLv5eZ","El Bur",4.23088490975476,46.4968923505803
"gZ0Zgp8ISvy","GGD-ELB-E","GGD-ELB-E","GGD-ELB-E","rqN4EpLv5eZ","El Bur",3.90151988730551,46.4203480201534
"hB7fCtI0Wgy","GGD-ELB-F","GGD-ELB-F","GGD-ELB-F","rqN4EpLv5eZ","El Bur",4.51544379584026,46.49770597409
"YEujdgKPuvr","GGD-ELB-G","GGD-ELB-G","GGD-ELB-G","rqN4EpLv5eZ","El Bur",4.10681008909591,46.4738210795432
"uNsu2fcRQX7","GGD-ELB-H","GGD-ELB-H","GGD-ELB-H","rqN4EpLv5eZ","El Bur",4.43833571042429,46.6601104444465
"M7CPfe9LnNM","GGD-ELB-I","GGD-ELB-I","GGD-ELB-I","rqN4EpLv5eZ","El Bur",4.72698848471709,46.7621760344323
"Ibmql2SyTjd","GGD-ELB-J","GGD-ELB-J","GGD-ELB-J","rqN4EpLv5eZ","El Bur",4.44891614720234,46.1575677694869
"onaCfOOrBnD","GGD-ELB-K","GGD-ELB-K","GGD-ELB-K","rqN4EpLv5eZ","El Bur",4.65635029811124,46.7958241937376
"v8l3NLckavm","GGD-ELB-L","GGD-ELB-L","GGD-ELB-L","rqN4EpLv5eZ","El Bur",4.59953565045287,46.2802221096104
"mg4rtbopQ9P","GGD-ELB-M","GGD-ELB-M","GGD-ELB-M","rqN4EpLv5eZ","El Bur",4.13819816725707,46.4768560525879
"qwqJwlzJU1l","GGD-ELB-N","GGD-ELB-N","GGD-ELB-N","rqN4EpLv5eZ","El Bur",4.44378945081146,46.2819935566604
"soNsmYhDKXM","GGD-ELB-O","GGD-ELB-O","GGD-ELB-O","rqN4EpLv5eZ","El Bur",4.71540267115874,46.3671769548718
"ELY0w2eaFZh","GGD-ELB-P","GGD-ELB-P","GGD-ELB-P","rqN4EpLv5eZ","El Bur",4.33490381260893,46.680371437127
"yT3rpnZUFWN","GGD-ELB-Q","GGD-ELB-Q","GGD-ELB-Q","rqN4EpLv5eZ","El Bur",4.32383843790927,46.616448066272
"tp1EokGD7D8","GGD-ELB-R","GGD-ELB-R","GGD-ELB-R","rqN4EpLv5eZ","El Bur",4.6064831520976,46.1846052069751
"fsKo7MRIl5j","GGD-ELB-S","GGD-ELB-S","GGD-ELB-S","rqN4EpLv5eZ","El Bur",4.62032620540767,46.8295429870113
"IyRQ4pY3c31","GGD-ELB-T","GGD-ELB-T","GGD-ELB-T","rqN4EpLv5eZ","El Bur",4.72507633985997,46.6390451574539
"n01sbqWehVe","SNG-BDN-A","SNG-BDN-A","SNG-BDN-A","sZcDgrE93p4","Badhan",11.2703605380845,48.4651513276151
"sDO30P4CADB","SNG-BDN-AA","SNG-BDN-AA","SNG-BDN-AA","sZcDgrE93p4","Badhan",10.3085478894806,48.966483535369
"mcof83GPTZz","SNG-BDN-AB","SNG-BDN-AB","SNG-BDN-AB","sZcDgrE93p4","Badhan",9.4874043982097,48.5805619609069
"jhPvtIyzuJt","SNG-BDN-AC","SNG-BDN-AC","SNG-BDN-AC","sZcDgrE93p4","Badhan",10.6389611908783,48.7931292889796
"lmzVeM3IJMi","SNG-BDN-AD","SNG-BDN-AD","SNG-BDN-AD","sZcDgrE93p4","Badhan",11.0802140670965,48.0471277436461
"QnXwBMpGMWj","SNG-BDN-AE","SNG-BDN-AE","SNG-BDN-AE","sZcDgrE93p4","Badhan",9.88692022385047,48.7934193602222
"CfsQ2EXV4gf","SNG-BDN-AF","SNG-BDN-AF","SNG-BDN-AF","sZcDgrE93p4","Badhan",10.623294193909,48.6646094716266
"bApm5IesEXR","SNG-BDN-AG","SNG-BDN-AG","SNG-BDN-AG","sZcDgrE93p4","Badhan",10.2635011038286,48.8686358891109
"eiHdRnCV9eO","SNG-BDN-AH","SNG-BDN-AH","SNG-BDN-AH","sZcDgrE93p4","Badhan",10.9010657074659,48.1784025547582
"dusYUHGdaoh","SNG-BDN-AI","SNG-BDN-AI","SNG-BDN-AI","sZcDgrE93p4","Badhan",10.0522218346343,48.0556682298128
"haIUKARCLIs","SNG-BDN-AJ","SNG-BDN-AJ","SNG-BDN-AJ","sZcDgrE93p4","Badhan",11.1815864408078,48.7937210979463
"knOF9TmelUP","SNG-BDN-AK","SNG-BDN-AK","SNG-BDN-AK","sZcDgrE93p4","Badhan",9.60188300022672,48.707213066322
"OMpF9l3CsIp","SNG-BDN-AL","SNG-BDN-AL","SNG-BDN-AL","sZcDgrE93p4","Badhan",9.69343198185877,47.9833384012724
"TclAftigO7n","SNG-BDN-AM","SNG-BDN-AM","SNG-BDN-AM","sZcDgrE93p4","Badhan",10.0042655931117,48.4769358668941
"n2Dh8kgjmv3","SNG-BDN-AN","SNG-BDN-AN","SNG-BDN-AN","sZcDgrE93p4","Badhan",9.60403306336971,48.6722286297487
"RpX3hCx5lqY","SNG-BDN-AO","SNG-BDN-AO","SNG-BDN-AO","sZcDgrE93p4","Badhan",10.6218936769401,47.9239753849585
"yGhZiFgOprL","SNG-BDN-AP","SNG-BDN-AP","SNG-BDN-AP","sZcDgrE93p4","Badhan",11.1790671184723,48.2546834264259
"bb17x8NtMvN","SNG-BDN-AQ","SNG-BDN-AQ","SNG-BDN-AQ","sZcDgrE93p4","Badhan",9.73781060202165,48.6903740535123
"pQhALnXBEMK","SNG-BDN-AR","SNG-BDN-AR","SNG-BDN-AR","sZcDgrE93p4","Badhan",10.6981918401956,48.3615739172337
"D3QgGkjXjgW","SNG-BDN-B","SNG-BDN-B","SNG-BDN-B","sZcDgrE93p4","Badhan",11.0810843463523,48.2999632923652
"sONvQJMnt3T","SNG-BDN-C","SNG-BDN-C","SNG-BDN-C","sZcDgrE93p4","Badhan",10.6786899939784,48.9515784368715
"cs7qsQWEWWx","SNG-BDN-D","SNG-BDN-D","SNG-BDN-D","sZcDgrE93p4","Badhan",9.73251097085565,48.131924695618
"ZUkfTXjBGYK","SNG-BDN-E","SNG-BDN-E","SNG-BDN-E","sZcDgrE93p4","Badhan",11.1922498857657,48.7508827697759
"MjmUDURKxut","SNG-BDN-F","SNG-BDN-F","SNG-BDN-F","sZcDgrE93p4","Badhan",10.5548293792715,48.5272872790772
"J9H4JZIZFo4","SNG-BDN-G","SNG-BDN-G","SNG-BDN-G","sZcDgrE93p4","Badhan",10.8408165382818,48.1626952253346
"pRrmuw2IhrI","SNG-BDN-H","SNG-BDN-H","SNG-BDN-H","sZcDgrE93p4","Badhan",10.6065505101233,48.5998778403468
"SpdYhugepGb","SNG-BDN-I","SNG-BDN-I","SNG-BDN-I","sZcDgrE93p4","Badhan",11.1844020155566,48.7492200624387
"u1e1QMiMTtf","SNG-BDN-J","SNG-BDN-J","SNG-BDN-J","sZcDgrE93p4","Badhan",10.3981917210279,48.9081920397954
"KEjpaeG2SFW","SNG-BDN-K","SNG-BDN-K","SNG-BDN-K","sZcDgrE93p4","Badhan",10.5156103803731,48.4933507761648
"KIBDRC1iwaS","SNG-BDN-L","SNG-BDN-L","SNG-BDN-L","sZcDgrE93p4","Badhan",10.8570071224417,47.8028217289267
"ICEiSGdVUd7","SNG-BDN-M","SNG-BDN-M","SNG-BDN-M","sZcDgrE93p4","Badhan",9.81666440983272,48.1974148571709
"AS9plqqqnfW","SNG-BDN-N","SNG-BDN-N","SNG-BDN-N","sZcDgrE93p4","Badhan",10.1948984975716,48.3882333675489
"S6hykjJYNUh","SNG-BDN-O","SNG-BDN-O","SNG-BDN-O","sZcDgrE93p4","Badhan",9.81270533441478,48.4917316100066
"PB3A5u5pUqv","SNG-BDN-P","SNG-BDN-P","SNG-BDN-P","sZcDgrE93p4","Badhan",9.83358743424303,48.1067565581697
"TiZN1EnqSQm","SNG-BDN-Q","SNG-BDN-Q","SNG-BDN-Q","sZcDgrE93p4","Badhan",10.0073792773566,48.2008700952751
"qJJrwmynGCw","SNG-BDN-R","SNG-BDN-R","SNG-BDN-R","sZcDgrE93p4","Badhan",10.5318101012036,48.3422387672842
"wrwYrXjaa0F","SNG-BDN-S","SNG-BDN-S","SNG-BDN-S","sZcDgrE93p4","Badhan",10.6226642628546,47.9822581592406
"Izf0BAf0qZi","SNG-BDN-T","SNG-BDN-T","SNG-BDN-T","sZcDgrE93p4","Badhan",11.1421857217728,48.7251406352278
"pOJdaLore5z","SNG-BDN-U","SNG-BDN-U","SNG-BDN-U","sZcDgrE93p4","Badhan",9.87957863315558,48.1612679028122
"v7sQSh8IL4u","SNG-BDN-V","SNG-BDN-V","SNG-BDN-V","sZcDgrE93p4","Badhan",10.8743026189089,48.7962488835195
"xthD9kmqZOo","SNG-BDN-W","SNG-BDN-W","SNG-BDN-W","sZcDgrE93p4","Badhan",9.82978964630614,48.9726840919479
"uXqVBUxWdsI","SNG-BDN-X","SNG-BDN-X","SNG-BDN-X","sZcDgrE93p4","Badhan",10.071165688708,48.4064798790442
"QArNxx8REqb","SNG-BDN-Y","SNG-BDN-Y","SNG-BDN-Y","sZcDgrE93p4","Badhan",10.9908332354103,48.1870237978602
"bBiPB5ivkkM","SNG-BDN-Z","SNG-BDN-Z","SNG-BDN-Z","sZcDgrE93p4","Badhan",11.0653244997505,48.2443664869957
"YQbv4uuYVxK","LJB-AFM-A","LJB-AFM-A","LJB-AFM-A","smunF1T8WfJ","Afmadow",0.182997227999093,42.2297871867226
"d4WHTqH9sNF","LJB-AFM-AA","LJB-AFM-AA","LJB-AFM-AA","smunF1T8WfJ","Afmadow",0.70618756825103,42.0818715417446
"C2TqRq0nw07","LJB-AFM-AB","LJB-AFM-AB","LJB-AFM-AB","smunF1T8WfJ","Afmadow",0.12925562270739,42.2586391839878
"AE312b0Bsxp","LJB-AFM-AC","LJB-AFM-AC","LJB-AFM-AC","smunF1T8WfJ","Afmadow",0.788076402791761,41.0562103750757
"ZLxln2G4cKT","LJB-AFM-AD","LJB-AFM-AD","LJB-AFM-AD","smunF1T8WfJ","Afmadow",0.491704590023228,41.5936346855109
"HnrfSzlDwGV","LJB-AFM-AE","LJB-AFM-AE","LJB-AFM-AE","smunF1T8WfJ","Afmadow",0.659814254087662,41.9265706663003
"C8EPwlUpall","LJB-AFM-AF","LJB-AFM-AF","LJB-AFM-AF","smunF1T8WfJ","Afmadow",1.06506978029498,41.1899469169532
"XvR5thrWAJy","LJB-AFM-AG","LJB-AFM-AG","LJB-AFM-AG","smunF1T8WfJ","Afmadow",0.636490911364059,41.1146206021019
"FARsKrIwlhs","LJB-AFM-AH","LJB-AFM-AH","LJB-AFM-AH","smunF1T8WfJ","Afmadow",0.200890499008352,41.0945428982705
"P27VUaresNK","LJB-AFM-AI","LJB-AFM-AI","LJB-AFM-AI","smunF1T8WfJ","Afmadow",0.0611429143744143,42.1955299156383
"ZFdGALGgylj","LJB-AFM-AJ","LJB-AFM-AJ","LJB-AFM-AJ","smunF1T8WfJ","Afmadow",0.647370174156125,41.6388848792476
"SRR68HEYiUy","LJB-AFM-AK","LJB-AFM-AK","LJB-AFM-AK","smunF1T8WfJ","Afmadow",0.77263310437999,41.412035111865
"C52g5JI71eV","LJB-AFM-AL","LJB-AFM-AL","LJB-AFM-AL","smunF1T8WfJ","Afmadow",0.60845902783523,42.2474211003524
"aF0OPHlURDy","LJB-AFM-AM","LJB-AFM-AM","LJB-AFM-AM","smunF1T8WfJ","Afmadow",0.602712139982462,41.810036176793
"Bc7B5VkTnpC","LJB-AFM-AN","LJB-AFM-AN","LJB-AFM-AN","smunF1T8WfJ","Afmadow",0.190858190154149,41.2100224970836
"UCrPShkRt1D","LJB-AFM-AO","LJB-AFM-AO","LJB-AFM-AO","smunF1T8WfJ","Afmadow",0.452232375133024,41.9779077770615
"VMrPTlrh8hD","LJB-AFM-AP","LJB-AFM-AP","LJB-AFM-AP","smunF1T8WfJ","Afmadow",0.516530287439149,42.4099439005931
"s03C8ymN5dm","LJB-AFM-AQ","LJB-AFM-AQ","LJB-AFM-AQ","smunF1T8WfJ","Afmadow",0.635008638036919,41.1021865434329
"HXJOls2jJqw","LJB-AFM-AR","LJB-AFM-AR","LJB-AFM-AR","smunF1T8WfJ","Afmadow",0.0538002228933133,41.1499745341891
"xOejXcEyjxb","LJB-AFM-B","LJB-AFM-B","LJB-AFM-B","smunF1T8WfJ","Afmadow",0.635703968367229,41.4298989034973
"OhQv9k8DnTd","LJB-AFM-C","LJB-AFM-C","LJB-AFM-C","smunF1T8WfJ","Afmadow",0.845792914613145,41.7843892412402
"I8dd7imvY70","LJB-AFM-D","LJB-AFM-D","LJB-AFM-D","smunF1T8WfJ","Afmadow",0.412724241883883,41.8030620778526
"LAfiMcy8e6T","LJB-AFM-E","LJB-AFM-E","LJB-AFM-E","smunF1T8WfJ","Afmadow",0.546874044255246,42.3521669327773
"ivrnybkdOhp","LJB-AFM-F","LJB-AFM-F","LJB-AFM-F","smunF1T8WfJ","Afmadow",0.424579264424817,41.3052568803931
"Cj937zI8MV1","LJB-AFM-G","LJB-AFM-G","LJB-AFM-G","smunF1T8WfJ","Afmadow",0.592203346078477,42.1511111411983
"IL2STHRBslb","LJB-AFM-H","LJB-AFM-H","LJB-AFM-H","smunF1T8WfJ","Afmadow",0.81835053161721,41.6548151054995
"lW3ppZ4RdtC","LJB-AFM-I","LJB-AFM-I","LJB-AFM-I","smunF1T8WfJ","Afmadow",0.43900624845129,41.8955170278035
"Q5TAoQEFV4X","LJB-AFM-J","LJB-AFM-J","LJB-AFM-J","smunF1T8WfJ","Afmadow",0.787444473745546,41.4610920378297
"ehDrP3U9n48","LJB-AFM-K","LJB-AFM-K","LJB-AFM-K","smunF1T8WfJ","Afmadow",0.0742007553192837,41.5095444637312
"ZAavAYpU5C3","LJB-AFM-L","LJB-AFM-L","LJB-AFM-L","smunF1T8WfJ","Afmadow",0.996978786634195,41.2795705065692
"XiIb7pydybO","LJB-AFM-M","LJB-AFM-M","LJB-AFM-M","smunF1T8WfJ","Afmadow",1.02184689755846,41.3973028763616
"jtYjDBJS8BB","LJB-AFM-N","LJB-AFM-N","LJB-AFM-N","smunF1T8WfJ","Afmadow",0.253991828175274,41.7412884806761
"NuoWXhc4GeE","LJB-AFM-O","LJB-AFM-O","LJB-AFM-O","smunF1T8WfJ","Afmadow",1.02136537629201,41.4522520805712
"tsIdWLAVmPV","LJB-AFM-P","LJB-AFM-P","LJB-AFM-P","smunF1T8WfJ","Afmadow",0.321120065386892,41.1831740404179
"Qfjzc56rp0R","LJB-AFM-Q","LJB-AFM-Q","LJB-AFM-Q","smunF1T8WfJ","Afmadow",0.38615520659651,41.2394747267188
"VgmrP9zLvGp","LJB-AFM-R","LJB-AFM-R","LJB-AFM-R","smunF1T8WfJ","Afmadow",0.559633157542139,41.3028350100044
"Uti7fQrl70P","LJB-AFM-S","LJB-AFM-S","LJB-AFM-S","smunF1T8WfJ","Afmadow",0.536982611682968,41.1080240225252
"YRVjY4Zwt6Z","LJB-AFM-T","LJB-AFM-T","LJB-AFM-T","smunF1T8WfJ","Afmadow",0.343671525321032,41.2079417544313
"SySiQN57Qnt","LJB-AFM-U","LJB-AFM-U","LJB-AFM-U","smunF1T8WfJ","Afmadow",1.15646392818159,41.4298789969724
"MIxZpbtKW1z","LJB-AFM-V","LJB-AFM-V","LJB-AFM-V","smunF1T8WfJ","Afmadow",0.588893942490534,41.5930546387466
"hbGf73aboPW","LJB-AFM-W","LJB-AFM-W","LJB-AFM-W","smunF1T8WfJ","Afmadow",0.465882063851048,42.1346895479352
"v3cLT5Q0T0f","LJB-AFM-X","LJB-AFM-X","LJB-AFM-X","smunF1T8WfJ","Afmadow",0.81748529885573,41.8675354663375
"xwXxtOst9GW","LJB-AFM-Y","LJB-AFM-Y","LJB-AFM-Y","smunF1T8WfJ","Afmadow",0.582430988350666,42.143732733821
"rHkJSh5u6rv","LJB-AFM-Z","LJB-AFM-Z","LJB-AFM-Z","smunF1T8WfJ","Afmadow",0.759569333657996,41.3327892196657
"UN43D8gN0Hh","NUG-BRT-A","NUG-BRT-A","NUG-BRT-A","sqIChX90xSL","Burtinle",7.64075098086683,47.8728366551223
"Iw9j0Dt9S9D","NUG-BRT-B","NUG-BRT-B","NUG-BRT-B","sqIChX90xSL","Burtinle",7.85468029365965,47.7846655660988
"vIVsTrpfSfF","NUG-BRT-C","NUG-BRT-C","NUG-BRT-C","sqIChX90xSL","Burtinle",7.95121762767363,47.7624102607333
"QaUJqPsAFM2","NUG-BRT-D","NUG-BRT-D","NUG-BRT-D","sqIChX90xSL","Burtinle",7.6553542013297,47.8023697196032
"O7hgqfN5Chy","NUG-BRT-E","NUG-BRT-E","NUG-BRT-E","sqIChX90xSL","Burtinle",7.7035573897418,47.8933430614243
"OWzdUgO4Xj6","NUG-BRT-F","NUG-BRT-F","NUG-BRT-F","sqIChX90xSL","Burtinle",7.85623527409877,48.1346802469075
"bK4tE2hoMbH","NUG-BRT-G","NUG-BRT-G","NUG-BRT-G","sqIChX90xSL","Burtinle",7.88065286690483,47.9818770857164
"aCXc3b7v5vF","NUG-BRT-H","NUG-BRT-H","NUG-BRT-H","sqIChX90xSL","Burtinle",7.52169912827823,47.8181172181225
"tHWN3AkobtW","NUG-BRT-I","NUG-BRT-I","NUG-BRT-I","sqIChX90xSL","Burtinle",7.74461421376001,48.0555544701675
"x6Zp59dDr76","NUG-BRT-J","NUG-BRT-J","NUG-BRT-J","sqIChX90xSL","Burtinle",7.52437242389648,47.7616694378047
"EBdijLBByOb","NUG-BRT-K","NUG-BRT-K","NUG-BRT-K","sqIChX90xSL","Burtinle",7.6530264465919,47.8464728085664
"gqulunLgn8H","NUG-BRT-L","NUG-BRT-L","NUG-BRT-L","sqIChX90xSL","Burtinle",7.88400775302613,47.940339694642
"TiIJoYxb1P8","NUG-BRT-M","NUG-BRT-M","NUG-BRT-M","sqIChX90xSL","Burtinle",7.81487934176728,47.6896434360903
"SJMAFusgFmW","NUG-BRT-N","NUG-BRT-N","NUG-BRT-N","sqIChX90xSL","Burtinle",7.87938661929687,47.98571036043
"BWExR6to2eP","NUG-BRT-O","NUG-BRT-O","NUG-BRT-O","sqIChX90xSL","Burtinle",7.93746656911456,48.0588358227671
"OuKoto7dsIt","NUG-BRT-P","NUG-BRT-P","NUG-BRT-P","sqIChX90xSL","Burtinle",7.74721124415904,48.1120995145911
"hAaMKhNpK0R","NUG-BRT-Q","NUG-BRT-Q","NUG-BRT-Q","sqIChX90xSL","Burtinle",7.63453461629176,47.521040582246
"rxDFRMYb7le","NUG-BRT-R","NUG-BRT-R","NUG-BRT-R","sqIChX90xSL","Burtinle",7.82745786727966,48.002027760722
"yVCu8BEBdOj","NUG-BRT-S","NUG-BRT-S","NUG-BRT-S","sqIChX90xSL","Burtinle",7.58455765756252,47.5060887090482
"oM6w3Ct2a9d","NUG-BRT-T","NUG-BRT-T","NUG-BRT-T","sqIChX90xSL","Burtinle",7.72568892461861,47.9946581033107
"zHtBnsr1tzK","WGB-HAR-A","WGB-HAR-A","WGB-HAR-A","tfaQ45dmBNo","Hargeisa",9.80171900271102,44.6606617357763
"ZsKOOGFiN8H","WGB-HAR-AA","WGB-HAR-AA","WGB-HAR-AA","tfaQ45dmBNo","Hargeisa",9.67103467046401,44.4064157979897
"ebW8qPQgtSN","WGB-HAR-AB","WGB-HAR-AB","WGB-HAR-AB","tfaQ45dmBNo","Hargeisa",9.62027336206958,44.3575196985108
"shRpWzBPIrr","WGB-HAR-AC","WGB-HAR-AC","WGB-HAR-AC","tfaQ45dmBNo","Hargeisa",9.74022631161455,44.4624260643784
"KFc4PUS34E2","WGB-HAR-AD","WGB-HAR-AD","WGB-HAR-AD","tfaQ45dmBNo","Hargeisa",9.54776002992038,44.2047647688785
"QVrcFO2TPRl","WGB-HAR-AE","WGB-HAR-AE","WGB-HAR-AE","tfaQ45dmBNo","Hargeisa",9.71078111549055,44.3532667164497
"qRTg8eDgAdZ","WGB-HAR-AF","WGB-HAR-AF","WGB-HAR-AF","tfaQ45dmBNo","Hargeisa",9.44720622589391,44.4103517060392
"z0tfOvYpeaO","WGB-HAR-AG","WGB-HAR-AG","WGB-HAR-AG","tfaQ45dmBNo","Hargeisa",9.42554483880911,44.4125494268692
"pAAF5UAf4le","WGB-HAR-AH","WGB-HAR-AH","WGB-HAR-AH","tfaQ45dmBNo","Hargeisa",9.83843173145582,44.3779230928708
"CzP7d3PNLl9","WGB-HAR-AI","WGB-HAR-AI","WGB-HAR-AI","tfaQ45dmBNo","Hargeisa",9.69838620710844,43.9272481116442
"bpvM0jWINGk","WGB-HAR-AJ","WGB-HAR-AJ","WGB-HAR-AJ","tfaQ45dmBNo","Hargeisa",9.31282437500759,44.5203710903638
"MVT8RQl4Ihh","WGB-HAR-AK","WGB-HAR-AK","WGB-HAR-AK","tfaQ45dmBNo","Hargeisa",10.118777240076,44.0816769567822
"QkkFbigYQJf","WGB-HAR-AL","WGB-HAR-AL","WGB-HAR-AL","tfaQ45dmBNo","Hargeisa",9.6618165055942,44.1541165774049
"X62y3FbU5dY","WGB-HAR-AM","WGB-HAR-AM","WGB-HAR-AM","tfaQ45dmBNo","Hargeisa",8.77785685378032,44.6701974477249
"RjpEkfMxn1Q","WGB-HAR-AN","WGB-HAR-AN","WGB-HAR-AN","tfaQ45dmBNo","Hargeisa",9.14875509260142,44.5580968226193
"CzndwiWmtxf","WGB-HAR-AO","WGB-HAR-AO","WGB-HAR-AO","tfaQ45dmBNo","Hargeisa",9.35857260157835,44.6147091505578
"xjQP6KV5exF","WGB-HAR-AP","WGB-HAR-AP","WGB-HAR-AP","tfaQ45dmBNo","Hargeisa",9.49511173983745,44.0242813666471
"rmLlIDGQqzA","WGB-HAR-AQ","WGB-HAR-AQ","WGB-HAR-AQ","tfaQ45dmBNo","Hargeisa",8.78610556037998,44.7378459136747
"f4owI4Vctap","WGB-HAR-AR","WGB-HAR-AR","WGB-HAR-AR","tfaQ45dmBNo","Hargeisa",9.67028203970792,44.3009786662619
"rR72LJQi68k","WGB-HAR-AS","WGB-HAR-AS","WGB-HAR-AS","tfaQ45dmBNo","Hargeisa",9.67539841290037,44.0012863964045
"eWpNlLBxRDr","WGB-HAR-AT","WGB-HAR-AT","WGB-HAR-AT","tfaQ45dmBNo","Hargeisa",9.61528955714963,44.4797206235169
"pzge6zoKQFL","WGB-HAR-AU","WGB-HAR-AU","WGB-HAR-AU","tfaQ45dmBNo","Hargeisa",9.32195396389481,43.6836420755578
"YkSlR2JXdLm","WGB-HAR-AV","WGB-HAR-AV","WGB-HAR-AV","tfaQ45dmBNo","Hargeisa",8.87834006337009,44.6307395582994
"nnv1pt8G68r","WGB-HAR-AW","WGB-HAR-AW","WGB-HAR-AW","tfaQ45dmBNo","Hargeisa",9.87316970400012,44.2973123186244
"C6tcrB6p2RL","WGB-HAR-AX","WGB-HAR-AX","WGB-HAR-AX","tfaQ45dmBNo","Hargeisa",9.10516654131439,44.5128683721387
"uHHG5iiNqKq","WGB-HAR-AY","WGB-HAR-AY","WGB-HAR-AY","tfaQ45dmBNo","Hargeisa",8.85953565670536,44.5924986160714
"uHsqqZA4Lmf","WGB-HAR-AZ","WGB-HAR-AZ","WGB-HAR-AZ","tfaQ45dmBNo","Hargeisa",9.82273302438231,44.1188394363064
"CuTGWLNghff","WGB-HAR-B","WGB-HAR-B","WGB-HAR-B","tfaQ45dmBNo","Hargeisa",9.94675491022957,44.0665817508482
"TOtaX6MPdi2","WGB-HAR-BA","WGB-HAR-BA","WGB-HAR-BA","tfaQ45dmBNo","Hargeisa",9.57010805779612,44.2989998200424
"tyuFiLmnJqw","WGB-HAR-BB","WGB-HAR-BB","WGB-HAR-BB","tfaQ45dmBNo","Hargeisa",9.64847700143405,43.8669475791587
"fFy7sGCQpiZ","WGB-HAR-BC","WGB-HAR-BC","WGB-HAR-BC","tfaQ45dmBNo","Hargeisa",9.31092202932143,43.8360801100239
"wgsVfy77JH5","WGB-HAR-BD","WGB-HAR-BD","WGB-HAR-BD","tfaQ45dmBNo","Hargeisa",9.36367850667075,43.7487855300834
"wG5ZqhYlX8H","WGB-HAR-BE","WGB-HAR-BE","WGB-HAR-BE","tfaQ45dmBNo","Hargeisa",9.41611209767722,44.6078033014921
"xFfrjjh3tg2","WGB-HAR-BF","WGB-HAR-BF","WGB-HAR-BF","tfaQ45dmBNo","Hargeisa",9.51627121773495,44.1091264362994
"tHACWqsCgIJ","WGB-HAR-BG","WGB-HAR-BG","WGB-HAR-BG","tfaQ45dmBNo","Hargeisa",8.80567418537099,44.6629980321293
"enfxpgpNUeJ","WGB-HAR-BH","WGB-HAR-BH","WGB-HAR-BH","tfaQ45dmBNo","Hargeisa",8.95062367739719,44.6749974666294
"IpbvhZkwT2q","WGB-HAR-BI","WGB-HAR-BI","WGB-HAR-BI","tfaQ45dmBNo","Hargeisa",9.74267227950233,44.2030763479327
"FkraczepZlo","WGB-HAR-BJ","WGB-HAR-BJ","WGB-HAR-BJ","tfaQ45dmBNo","Hargeisa",9.64749463154346,44.6848160029883
"BivtCtsiBqd","WGB-HAR-BK","WGB-HAR-BK","WGB-HAR-BK","tfaQ45dmBNo","Hargeisa",9.44758792230454,44.6934671272011
"E9MUjYmMRXJ","WGB-HAR-BL","WGB-HAR-BL","WGB-HAR-BL","tfaQ45dmBNo","Hargeisa",9.50057358880813,44.6431344921715
"NJ9vByNKrK1","WGB-HAR-BM","WGB-HAR-BM","WGB-HAR-BM","tfaQ45dmBNo","Hargeisa",9.70772326747253,44.0543027203258
"N8mMfruiql2","WGB-HAR-BN","WGB-HAR-BN","WGB-HAR-BN","tfaQ45dmBNo","Hargeisa",9.81626978617578,44.0643341820074
"wpL3zzxVjRa","WGB-HAR-BO","WGB-HAR-BO","WGB-HAR-BO","tfaQ45dmBNo","Hargeisa",9.63544360208838,44.3038110272177
"E1o1x3pQaA0","WGB-HAR-BP","WGB-HAR-BP","WGB-HAR-BP","tfaQ45dmBNo","Hargeisa",9.5821328771622,44.2848910270286
"GZJLWZqeknU","WGB-HAR-BQ","WGB-HAR-BQ","WGB-HAR-BQ","tfaQ45dmBNo","Hargeisa",9.70973352588883,43.9989649840595
"rSbusA8EjZD","WGB-HAR-BR","WGB-HAR-BR","WGB-HAR-BR","tfaQ45dmBNo","Hargeisa",9.6361679079468,44.3152938836846
"FpHTQpQ2YD4","WGB-HAR-BS","WGB-HAR-BS","WGB-HAR-BS","tfaQ45dmBNo","Hargeisa",9.94003071710055,43.9629903459608
"zUShlvnR21O","WGB-HAR-BT","WGB-HAR-BT","WGB-HAR-BT","tfaQ45dmBNo","Hargeisa",9.68987045189953,44.5925466553662
"RmGJf83inwj","WGB-HAR-BU","WGB-HAR-BU","WGB-HAR-BU","tfaQ45dmBNo","Hargeisa",9.56093811097472,44.6667552548655
"zb1Jj6eRgLW","WGB-HAR-BV","WGB-HAR-BV","WGB-HAR-BV","tfaQ45dmBNo","Hargeisa",9.54204585958871,44.6833760349079
"qnOnNbSero7","WGB-HAR-BW","WGB-HAR-BW","WGB-HAR-BW","tfaQ45dmBNo","Hargeisa",9.64242382450389,44.0468194900552
"h6qBcawXCRq","WGB-HAR-BX","WGB-HAR-BX","WGB-HAR-BX","tfaQ45dmBNo","Hargeisa",9.69208668061438,44.4593082518952
"h0yRfnVCaGY","WGB-HAR-BY","WGB-HAR-BY","WGB-HAR-BY","tfaQ45dmBNo","Hargeisa",9.6860108706458,44.2482206772558
"sclQZD0qWvL","WGB-HAR-BZ","WGB-HAR-BZ","WGB-HAR-BZ","tfaQ45dmBNo","Hargeisa",9.46172769785773,43.9211970448418
"y4amov3oC3Z","WGB-HAR-C","WGB-HAR-C","WGB-HAR-C","tfaQ45dmBNo","Hargeisa",9.42033758798837,43.6901772853424
"fSHAM1bUbfr","WGB-HAR-CA","WGB-HAR-CA","WGB-HAR-CA","tfaQ45dmBNo","Hargeisa",9.64812427931988,44.6124541437732
"jaQvgJ4y6VM","WGB-HAR-CB","WGB-HAR-CB","WGB-HAR-CB","tfaQ45dmBNo","Hargeisa",9.49602854858635,44.6997484731533
"oZFs3HJRgyC","WGB-HAR-CC","WGB-HAR-CC","WGB-HAR-CC","tfaQ45dmBNo","Hargeisa",9.73521028916597,44.2304991767607
"SO1jEDYxJE1","WGB-HAR-CD","WGB-HAR-CD","WGB-HAR-CD","tfaQ45dmBNo","Hargeisa",9.80109551604918,44.139872659783
"D9nnMYXe2Hn","WGB-HAR-CE","WGB-HAR-CE","WGB-HAR-CE","tfaQ45dmBNo","Hargeisa",9.85404536101828,44.2850703782604
"zTFuKY9eEvZ","WGB-HAR-CF","WGB-HAR-CF","WGB-HAR-CF","tfaQ45dmBNo","Hargeisa",8.87253471776527,44.711676024499
"VfbwqMLQ6i6","WGB-HAR-CG","WGB-HAR-CG","WGB-HAR-CG","tfaQ45dmBNo","Hargeisa",9.624449350485,43.9682029034257
"pz8Q4s15FkI","WGB-HAR-CH","WGB-HAR-CH","WGB-HAR-CH","tfaQ45dmBNo","Hargeisa",9.47823977096911,43.8707583246524
"L53bioVGNRP","WGB-HAR-CI","WGB-HAR-CI","WGB-HAR-CI","tfaQ45dmBNo","Hargeisa",9.63604366651352,44.0349293729316
"qdYq3BlvNMC","WGB-HAR-CJ","WGB-HAR-CJ","WGB-HAR-CJ","tfaQ45dmBNo","Hargeisa",9.68256063051147,44.5622524712944
"gsTgRDCQUBN","WGB-HAR-CK","WGB-HAR-CK","WGB-HAR-CK","tfaQ45dmBNo","Hargeisa",9.88082138183653,44.0132836919911
"DyaJro6XcFH","WGB-HAR-CL","WGB-HAR-CL","WGB-HAR-CL","tfaQ45dmBNo","Hargeisa",9.47033862058703,44.3358698558549
"HPufq3kBo1c","WGB-HAR-CM","WGB-HAR-CM","WGB-HAR-CM","tfaQ45dmBNo","Hargeisa",9.5583842281109,44.1105975017009
"M8dVjjZt4aM","WGB-HAR-CN","WGB-HAR-CN","WGB-HAR-CN","tfaQ45dmBNo","Hargeisa",9.46531804819011,43.6272311984392
"Wm7Lawopx1h","WGB-HAR-CO","WGB-HAR-CO","WGB-HAR-CO","tfaQ45dmBNo","Hargeisa",9.37647655407432,43.569546733843
"UUijCVNKIEI","WGB-HAR-CP","WGB-HAR-CP","WGB-HAR-CP","tfaQ45dmBNo","Hargeisa",9.69461312199476,44.3030621319667
"reoRH7XbwNN","WGB-HAR-CQ","WGB-HAR-CQ","WGB-HAR-CQ","tfaQ45dmBNo","Hargeisa",8.78863860586495,44.7177686465248
"GUpj0fs6nqm","WGB-HAR-CR","WGB-HAR-CR","WGB-HAR-CR","tfaQ45dmBNo","Hargeisa",9.7152463800184,44.6714579818651
"Pf8XZfMjgc8","WGB-HAR-CS","WGB-HAR-CS","WGB-HAR-CS","tfaQ45dmBNo","Hargeisa",9.81808540769081,44.2932202772802
"UOHonHWf4IA","WGB-HAR-CT","WGB-HAR-CT","WGB-HAR-CT","tfaQ45dmBNo","Hargeisa",9.80076848511378,44.2473895138864
"MmXIQNpJwgv","WGB-HAR-CU","WGB-HAR-CU","WGB-HAR-CU","tfaQ45dmBNo","Hargeisa",9.54271472785837,44.0317409472865
"Zd3UZ1giKwP","WGB-HAR-CV","WGB-HAR-CV","WGB-HAR-CV","tfaQ45dmBNo","Hargeisa",9.76619062468508,44.4451184040585
"TzsVkk1dQ7L","WGB-HAR-CW","WGB-HAR-CW","WGB-HAR-CW","tfaQ45dmBNo","Hargeisa",9.39820099048384,43.8261817960945
"WhqGEmN6AG1","WGB-HAR-CX","WGB-HAR-CX","WGB-HAR-CX","tfaQ45dmBNo","Hargeisa",9.70266514759985,44.4773436029984
"GqCCNNxzWxS","WGB-HAR-CY","WGB-HAR-CY","WGB-HAR-CY","tfaQ45dmBNo","Hargeisa",9.05330620213534,44.6452130846035
"yMWDyT54xFK","WGB-HAR-CZ","WGB-HAR-CZ","WGB-HAR-CZ","tfaQ45dmBNo","Hargeisa",9.34337753511096,43.7362720966141
"OVOYNllvGIQ","WGB-HAR-D","WGB-HAR-D","WGB-HAR-D","tfaQ45dmBNo","Hargeisa",9.46597838034481,43.7023430650181
"oBFl5JOnwYx","WGB-HAR-DA","WGB-HAR-DA","WGB-HAR-DA","tfaQ45dmBNo","Hargeisa",9.69756611990431,44.4060479177673
"TxNFKdIbLuC","WGB-HAR-DB","WGB-HAR-DB","WGB-HAR-DB","tfaQ45dmBNo","Hargeisa",9.24824749596064,44.4288732839902
"QtIxNxe0HXU","WGB-HAR-DC","WGB-HAR-DC","WGB-HAR-DC","tfaQ45dmBNo","Hargeisa",9.22960232214085,44.5405253860754
"v2yuih2bGYc","WGB-HAR-DD","WGB-HAR-DD","WGB-HAR-DD","tfaQ45dmBNo","Hargeisa",9.93651355268694,44.242213499258
"cuWIb0OWAcB","WGB-HAR-DE","WGB-HAR-DE","WGB-HAR-DE","tfaQ45dmBNo","Hargeisa",9.42126713005064,44.4596696533084
"cjOLjan0ijH","WGB-HAR-DF","WGB-HAR-DF","WGB-HAR-DF","tfaQ45dmBNo","Hargeisa",9.4006541934255,44.5596245548293
"GH7RNiUx2WN","WGB-HAR-DG","WGB-HAR-DG","WGB-HAR-DG","tfaQ45dmBNo","Hargeisa",9.68100226407977,44.4613658971705
"hisCnI1Zip2","WGB-HAR-DH","WGB-HAR-DH","WGB-HAR-DH","tfaQ45dmBNo","Hargeisa",9.50318763312508,44.6289426698736
"CdKkTcosSJo","WGB-HAR-DI","WGB-HAR-DI","WGB-HAR-DI","tfaQ45dmBNo","Hargeisa",9.47629975241746,43.7997394331146
"mnPLliNdPQy","WGB-HAR-DJ","WGB-HAR-DJ","WGB-HAR-DJ","tfaQ45dmBNo","Hargeisa",10.1159741417142,44.0085309028377
"DyhrjsjuZZp","WGB-HAR-DK","WGB-HAR-DK","WGB-HAR-DK","tfaQ45dmBNo","Hargeisa",9.40316969852405,43.6468151311551
"HrzlkDsim3C","WGB-HAR-DL","WGB-HAR-DL","WGB-HAR-DL","tfaQ45dmBNo","Hargeisa",9.49787246035625,44.6872607507386
"xD7wpI7PmXq","WGB-HAR-DM","WGB-HAR-DM","WGB-HAR-DM","tfaQ45dmBNo","Hargeisa",9.64960470568494,44.2944772858615
"Cypiqwn0h03","WGB-HAR-DN","WGB-HAR-DN","WGB-HAR-DN","tfaQ45dmBNo","Hargeisa",9.58504260821543,43.8323000674343
"t00epFMjHZB","WGB-HAR-DO","WGB-HAR-DO","WGB-HAR-DO","tfaQ45dmBNo","Hargeisa",9.39560120276034,43.661379512834
"xl73nVbKRHy","WGB-HAR-DP","WGB-HAR-DP","WGB-HAR-DP","tfaQ45dmBNo","Hargeisa",9.62925430446961,44.4690179833052
"hmwRlRUOfOT","WGB-HAR-DQ","WGB-HAR-DQ","WGB-HAR-DQ","tfaQ45dmBNo","Hargeisa",9.6035434030786,44.4230737336934
"eQxXHIWPM9C","WGB-HAR-DR","WGB-HAR-DR","WGB-HAR-DR","tfaQ45dmBNo","Hargeisa",9.53953859516519,44.1015441964129
"nyYWciGvnZf","WGB-HAR-DS","WGB-HAR-DS","WGB-HAR-DS","tfaQ45dmBNo","Hargeisa",9.81042450375987,44.6807537977104
"TzlRNRTN4Yl","WGB-HAR-DT","WGB-HAR-DT","WGB-HAR-DT","tfaQ45dmBNo","Hargeisa",9.9154865573695,44.351046741221
"dBQcLuAmuOO","WGB-HAR-DU","WGB-HAR-DU","WGB-HAR-DU","tfaQ45dmBNo","Hargeisa",9.5420955420257,44.6939222428668
"jNarFSddaS7","WGB-HAR-DV","WGB-HAR-DV","WGB-HAR-DV","tfaQ45dmBNo","Hargeisa",9.58267756704618,44.1282073244497
"vBo9Ep46lZV","WGB-HAR-DW","WGB-HAR-DW","WGB-HAR-DW","tfaQ45dmBNo","Hargeisa",9.56030073994287,44.0062625889844
"C8qjrsGgOGG","WGB-HAR-DX","WGB-HAR-DX","WGB-HAR-DX","tfaQ45dmBNo","Hargeisa",9.54174968655031,44.1715378391788
"InZ1xIZFJ3Q","WGB-HAR-DY","WGB-HAR-DY","WGB-HAR-DY","tfaQ45dmBNo","Hargeisa",8.76932762585276,44.7000329458751
"RcmI3hbE6hX","WGB-HAR-DZ","WGB-HAR-DZ","WGB-HAR-DZ","tfaQ45dmBNo","Hargeisa",10.0420208610899,44.0787756097989
"StlFuVSV2UO","WGB-HAR-E","WGB-HAR-E","WGB-HAR-E","tfaQ45dmBNo","Hargeisa",9.53061023165961,43.9410940434694
"x7oQEptjwew","WGB-HAR-EA","WGB-HAR-EA","WGB-HAR-EA","tfaQ45dmBNo","Hargeisa",9.56666005196038,44.3142546686627
"KGOSyNVDIK5","WGB-HAR-F","WGB-HAR-F","WGB-HAR-F","tfaQ45dmBNo","Hargeisa",9.46813918923811,44.4037769128947
"kGBRbB8V85N","WGB-HAR-G","WGB-HAR-G","WGB-HAR-G","tfaQ45dmBNo","Hargeisa",9.50978630825212,44.2285123914451
"KAhDkKIZvp9","WGB-HAR-H","WGB-HAR-H","WGB-HAR-H","tfaQ45dmBNo","Hargeisa",9.86573945651047,43.955220146509
"Q6iwxyK1wNL","WGB-HAR-I","WGB-HAR-I","WGB-HAR-I","tfaQ45dmBNo","Hargeisa",10.0232628780725,44.1835330677694
"OPdceltFgKb","WGB-HAR-J","WGB-HAR-J","WGB-HAR-J","tfaQ45dmBNo","Hargeisa",9.54818824252163,44.4152145318851
"pktF0JJKRR8","WGB-HAR-K","WGB-HAR-K","WGB-HAR-K","tfaQ45dmBNo","Hargeisa",9.7490404052979,44.2849005431083
"LmK8BPNZ463","WGB-HAR-L","WGB-HAR-L","WGB-HAR-L","tfaQ45dmBNo","Hargeisa",9.68512234051446,44.7381103637371
"hhW6V3QmAx7","WGB-HAR-M","WGB-HAR-M","WGB-HAR-M","tfaQ45dmBNo","Hargeisa",9.70319812327205,44.3791843371097
"pSNC8Uo9eMz","WGB-HAR-N","WGB-HAR-N","WGB-HAR-N","tfaQ45dmBNo","Hargeisa",10.0974466999392,44.0253009603819
"FSbzwoBZhYN","WGB-HAR-O","WGB-HAR-O","WGB-HAR-O","tfaQ45dmBNo","Hargeisa",9.27140290174009,44.4949985458127
"R4AecNsbUl8","WGB-HAR-P","WGB-HAR-P","WGB-HAR-P","tfaQ45dmBNo","Hargeisa",9.65790641724858,44.3375812753313
"Q7H5mdOKoLW","WGB-HAR-Q","WGB-HAR-Q","WGB-HAR-Q","tfaQ45dmBNo","Hargeisa",9.17385565691173,44.6621736930272
"QUMwCh5HwrH","WGB-HAR-R","WGB-HAR-R","WGB-HAR-R","tfaQ45dmBNo","Hargeisa",9.93644750725006,43.9760177043593
"xxVPbcM7K2p","WGB-HAR-S","WGB-HAR-S","WGB-HAR-S","tfaQ45dmBNo","Hargeisa",9.69886431428687,44.1927190064572
"bFDNePzv3zA","WGB-HAR-T","WGB-HAR-T","WGB-HAR-T","tfaQ45dmBNo","Hargeisa",9.80987086285176,44.3766430994169
"fF4VHQobhTv","WGB-HAR-U","WGB-HAR-U","WGB-HAR-U","tfaQ45dmBNo","Hargeisa",9.29799452775458,44.5192568903229
"EFs1HLSv91E","WGB-HAR-V","WGB-HAR-V","WGB-HAR-V","tfaQ45dmBNo","Hargeisa",9.77994890315553,44.1863559485386
"zUaT9Y3wg15","WGB-HAR-W","WGB-HAR-W","WGB-HAR-W","tfaQ45dmBNo","Hargeisa",9.71732422056223,44.4274306627548
"VkygLCxRbBY","WGB-HAR-X","WGB-HAR-X","WGB-HAR-X","tfaQ45dmBNo","Hargeisa",9.52185551170606,44.0256840922312
"K4y9Ncmpemi","WGB-HAR-Y","WGB-HAR-Y","WGB-HAR-Y","tfaQ45dmBNo","Hargeisa",9.27252975259488,44.4353826781909
"YtlDA3QjcAb","WGB-HAR-Z","WGB-HAR-Z","WGB-HAR-Z","tfaQ45dmBNo","Hargeisa",9.00684492800793,44.5508280479392
"mYi856V7BPG","LJB-JBW-A","LJB-JBW-A","LJB-JBW-A","u0eeAFJ5FD0","Jilib West",0.203483017523586,42.3456520527878
"oHuAIln2oCG","LJB-JBW-B","LJB-JBW-B","LJB-JBW-B","u0eeAFJ5FD0","Jilib West",0.4889028661017,42.6534872727804
"et0M2zjDhh4","LJB-JBW-C","LJB-JBW-C","LJB-JBW-C","u0eeAFJ5FD0","Jilib West",0.722576767772228,42.6291069813013
"l15QyUBYswd","LJB-JBW-D","LJB-JBW-D","LJB-JBW-D","u0eeAFJ5FD0","Jilib West",0.553914499831421,42.5013887245753
"n7nuKl2rww3","LJB-JBW-E","LJB-JBW-E","LJB-JBW-E","u0eeAFJ5FD0","Jilib West",0.212408916420437,42.4560469405121
"ToQMnfpbA5X","LJB-JBW-F","LJB-JBW-F","LJB-JBW-F","u0eeAFJ5FD0","Jilib West",0.701955279663307,42.510344392724
"gB9i2sobP4E","LJB-JBW-G","LJB-JBW-G","LJB-JBW-G","u0eeAFJ5FD0","Jilib West",0.723633967395688,42.5053617825445
"smyLDmhXt0f","LJB-JBW-H","LJB-JBW-H","LJB-JBW-H","u0eeAFJ5FD0","Jilib West",0.3495862305907,42.5536391109254
"lBfVhl7bKgn","LJB-JBW-I","LJB-JBW-I","LJB-JBW-I","u0eeAFJ5FD0","Jilib West",0.359917380025775,42.4133509367419
"gmBZJikUK1h","LJB-JBW-J","LJB-JBW-J","LJB-JBW-J","u0eeAFJ5FD0","Jilib West",0.546623810093271,42.5910501856446
"d9ONcPc8qRf","TOG-OWD-A","TOG-OWD-A","TOG-OWD-A","uAcgBoo8o0n","Odwayne",9.35340706542878,44.9764710637584
"fChJwkMM72O","TOG-OWD-B","TOG-OWD-B","TOG-OWD-B","uAcgBoo8o0n","Odwayne",9.5561757661315,44.7109508344936
"Dbp3KIIowO3","TOG-OWD-C","TOG-OWD-C","TOG-OWD-C","uAcgBoo8o0n","Odwayne",8.7248115400868,45.1977805017041
"QE3N35yTNLW","TOG-OWD-CC","TOG-OWD-CC","TOG-OWD-CC","uAcgBoo8o0n","Odwayne",8.88760431860322,44.8967643338018
"SrDXP7hiK0h","TOG-OWD-CD","TOG-OWD-CD","TOG-OWD-CD","uAcgBoo8o0n","Odwayne",9.13989329791728,45.2011188213712
"Cu73IOV9Dpa","TOG-OWD-CE","TOG-OWD-CE","TOG-OWD-CE","uAcgBoo8o0n","Odwayne",9.45011365269807,45.1210577107601
"uV1ShovZLuo","TOG-OWD-CF","TOG-OWD-CF","TOG-OWD-CF","uAcgBoo8o0n","Odwayne",9.22543999817068,44.841452307843
"hChEHxeCV3J","TOG-OWD-CG","TOG-OWD-CG","TOG-OWD-CG","uAcgBoo8o0n","Odwayne",9.08496909512293,45.0401252337594
"a8avESwOszD","TOG-OWD-CH","TOG-OWD-CH","TOG-OWD-CH","uAcgBoo8o0n","Odwayne",9.46447444931061,45.1531846820723
"NW4HyLXAjlc","TOG-OWD-CI","TOG-OWD-CI","TOG-OWD-CI","uAcgBoo8o0n","Odwayne",9.58986677201685,45.0216376159906
"XaQswXjlxMi","TOG-OWD-CJ","TOG-OWD-CJ","TOG-OWD-CJ","uAcgBoo8o0n","Odwayne",9.44217336668424,45.0929412595946
"wqOlz4ZeoCn","TOG-OWD-CK","TOG-OWD-CK","TOG-OWD-CK","uAcgBoo8o0n","Odwayne",8.96057610688388,45.0458412844019
"GbKI1DZZd3m","TOG-OWD-CL","TOG-OWD-CL","TOG-OWD-CL","uAcgBoo8o0n","Odwayne",9.21848237598897,45.0872988113717
"GNqhIaYvobv","TOG-OWD-CM","TOG-OWD-CM","TOG-OWD-CM","uAcgBoo8o0n","Odwayne",9.26798550589167,44.7245758369437
"ytnTDNUV4tX","TOG-OWD-CN","TOG-OWD-CN","TOG-OWD-CN","uAcgBoo8o0n","Odwayne",9.00242927011853,44.7368572843187
"eBBpL6FA4Yo","TOG-OWD-D","TOG-OWD-D","TOG-OWD-D","uAcgBoo8o0n","Odwayne",9.56744199756375,44.99453804682
"UicIT6qn2j8","TOG-OWD-E","TOG-OWD-E","TOG-OWD-E","uAcgBoo8o0n","Odwayne",9.54635155694793,44.9127995878552
"LQYkGAuVkr8","TOG-OWD-F","TOG-OWD-F","TOG-OWD-F","uAcgBoo8o0n","Odwayne",9.33570820996668,45.0059040025364
"dRqh2Q2ewnE","TOG-OWD-G","TOG-OWD-G","TOG-OWD-G","uAcgBoo8o0n","Odwayne",9.29505562566165,45.0416228763888
"UWCGketHlKU","TOG-OWD-H","TOG-OWD-H","TOG-OWD-H","uAcgBoo8o0n","Odwayne",8.85136085861986,45.1086127661901
"NR2nSf0Xk3Y","TOG-OWD-I","TOG-OWD-I","TOG-OWD-I","uAcgBoo8o0n","Odwayne",9.27491466980643,45.093492822353
"PivWGhmOipm","TOG-OWD-J","TOG-OWD-J","TOG-OWD-J","uAcgBoo8o0n","Odwayne",9.09676878247324,45.1426858421809
"VcxMRlirN4g","TOG-OWD-K","TOG-OWD-K","TOG-OWD-K","uAcgBoo8o0n","Odwayne",9.57366405491551,44.82316713519
"VDqSOCb7iYJ","TOG-OWD-L","TOG-OWD-L","TOG-OWD-L","uAcgBoo8o0n","Odwayne",9.61445174507613,44.95967700504
"UZhcKuS2UEO","TOG-OWD-M","TOG-OWD-M","TOG-OWD-M","uAcgBoo8o0n","Odwayne",9.2713158366653,45.0045513168012
"wXiuh2FPD9A","TOG-OWD-N","TOG-OWD-N","TOG-OWD-N","uAcgBoo8o0n","Odwayne",8.8544024813101,45.0020278476114
"a86s2ORwuf7","TOG-OWD-O","TOG-OWD-O","TOG-OWD-O","uAcgBoo8o0n","Odwayne",9.34863782321447,45.1535126250768
"SSRLwxxGlBa","TOG-OWD-P","TOG-OWD-P","TOG-OWD-P","uAcgBoo8o0n","Odwayne",8.80496207641468,44.902541577242
"SeySjTvxM1l","TOG-OWD-Q","TOG-OWD-Q","TOG-OWD-Q","uAcgBoo8o0n","Odwayne",9.15245837414242,45.3306682866751
"AIjkqIN7pZ5","TOG-OWD-R","TOG-OWD-R","TOG-OWD-R","uAcgBoo8o0n","Odwayne",8.99436933133376,45.205849136581
"QeJVf191o36","TOG-OWD-S","TOG-OWD-S","TOG-OWD-S","uAcgBoo8o0n","Odwayne",9.36967201145534,44.7601359499124
"JS2rgrA6S2e","TOG-OWD-T","TOG-OWD-T","TOG-OWD-T","uAcgBoo8o0n","Odwayne",8.78814277548112,45.1018637554647
"aV2nfh0ncR9","TOG-OWD-U","TOG-OWD-U","TOG-OWD-U","uAcgBoo8o0n","Odwayne",9.10751360760639,44.9366389712691
"tHhkvl8mkwX","TOG-OWD-V","TOG-OWD-V","TOG-OWD-V","uAcgBoo8o0n","Odwayne",9.13619568293892,45.1354543248533
"JyL78Mi0qPe","TOG-OWD-W","TOG-OWD-W","TOG-OWD-W","uAcgBoo8o0n","Odwayne",9.35648091879212,44.8588301457629
"s05alJqe8we","TOG-OWD-X","TOG-OWD-X","TOG-OWD-X","uAcgBoo8o0n","Odwayne",9.03626912780601,45.0053418644698
"yZBmiFF5VZD","TOG-OWD-Y","TOG-OWD-Y","TOG-OWD-Y","uAcgBoo8o0n","Odwayne",9.50968846296555,45.1193552467558
"DSwAlkbdH3k","LJB-BDD-A","LJB-BDD-A","LJB-BDD-A","uHOcKJ5HFe9","Badhadhe",-0.988981825932471,41.7174596969348
"Z1Z5FU6cbBy","LJB-BDD-B","LJB-BDD-B","LJB-BDD-B","uHOcKJ5HFe9","Badhadhe",-1.1604480851345,41.333688082646
"JVx9aZolmPe","LJB-BDD-C","LJB-BDD-C","LJB-BDD-C","uHOcKJ5HFe9","Badhadhe",-1.03246470343583,41.4583049699945
"a3toBRWtM8T","LJB-BDD-D","LJB-BDD-D","LJB-BDD-D","uHOcKJ5HFe9","Badhadhe",-1.04898950712477,41.4305772083651
"nvIfBFlznvh","LJB-BDD-E","LJB-BDD-E","LJB-BDD-E","uHOcKJ5HFe9","Badhadhe",-1.18602973375965,41.3159050503433
"cdMsiOXxwKN","LJB-BDD-F","LJB-BDD-F","LJB-BDD-F","uHOcKJ5HFe9","Badhadhe",-1.10201898244235,41.5071257190116
"vs6YtaRNPxB","LJB-BDD-G","LJB-BDD-G","LJB-BDD-G","uHOcKJ5HFe9","Badhadhe",-0.620014321586697,41.4165503586789
"vTLwaJYL4bg","LJB-BDD-H","LJB-BDD-H","LJB-BDD-H","uHOcKJ5HFe9","Badhadhe",-1.33095210606862,41.6694092470942
"VAdqc1sNXqS","LJB-BDD-I","LJB-BDD-I","LJB-BDD-I","uHOcKJ5HFe9","Badhadhe",-0.661594662188892,41.4316237709765
"Pv7WgzsqdHy","LJB-BDD-J","LJB-BDD-J","LJB-BDD-J","uHOcKJ5HFe9","Badhadhe",-0.464727097848425,41.5301234115589
"IKufp9INoZA","LJB-BDD-K","LJB-BDD-K","LJB-BDD-K","uHOcKJ5HFe9","Badhadhe",-0.472037368644585,41.5756412503163
"cgxQUJEc1kU","LJB-BDD-L","LJB-BDD-L","LJB-BDD-L","uHOcKJ5HFe9","Badhadhe",-1.23972963690014,41.33422479957
"GxNUTTiSNFo","LJB-BDD-M","LJB-BDD-M","LJB-BDD-M","uHOcKJ5HFe9","Badhadhe",-1.52368174870966,41.5859665888538
"bXjkUQ05k11","GDO-GBH-A","GDO-GBH-A","GDO-GBH-A","vupinvkvkgM","Garbaharey",3.29190940908136,42.3715863774347
"E2a0XhE2GTe","GDO-GBH-B","GDO-GBH-B","GDO-GBH-B","vupinvkvkgM","Garbaharey",3.34114284760781,42.3259559430399
"cjOzhStIYR8","GDO-GBH-C","GDO-GBH-C","GDO-GBH-C","vupinvkvkgM","Garbaharey",3.38488683964661,42.0004009003449
"bIkTS6h5Tji","GDO-GBH-D","GDO-GBH-D","GDO-GBH-D","vupinvkvkgM","Garbaharey",3.38714883635516,42.2555853516275
"GrKM3urX9us","GDO-GBH-E","GDO-GBH-E","GDO-GBH-E","vupinvkvkgM","Garbaharey",3.17932910585846,42.2783902663986
"Vr4thwCAu9J","GDO-GBH-F","GDO-GBH-F","GDO-GBH-F","vupinvkvkgM","Garbaharey",3.23125605141888,42.0796655538785
"GNCg3IpfR4U","GDO-GBH-G","GDO-GBH-G","GDO-GBH-G","vupinvkvkgM","Garbaharey",3.40464745186708,42.3755190808572
"zQgn6SEakPv","GDO-GBH-H","GDO-GBH-H","GDO-GBH-H","vupinvkvkgM","Garbaharey",2.96109628132421,41.9964008567584
"T7mtv0fXerm","GDO-GBH-I","GDO-GBH-I","GDO-GBH-I","vupinvkvkgM","Garbaharey",3.29525455920878,42.1647446575774
"TkLiNIr8m3z","GDO-GBH-J","GDO-GBH-J","GDO-GBH-J","vupinvkvkgM","Garbaharey",2.97087611080494,41.875231922337
"wDvWrDILwCJ","GDO-GBH-K","GDO-GBH-K","GDO-GBH-K","vupinvkvkgM","Garbaharey",2.98426707779352,41.9866594640103
"jCozLmLc7PM","GDO-GBH-L","GDO-GBH-L","GDO-GBH-L","vupinvkvkgM","Garbaharey",3.16696127579916,42.133120908775
"Y94Ubq0chTw","GDO-GBH-M","GDO-GBH-M","GDO-GBH-M","vupinvkvkgM","Garbaharey",2.98236976532528,41.9353899040804
"YjZKtfAYXOQ","GDO-GBH-N","GDO-GBH-N","GDO-GBH-N","vupinvkvkgM","Garbaharey",3.39806979423292,42.1580905465685
"MbRdYE6p0d2","GDO-GBH-O","GDO-GBH-O","GDO-GBH-O","vupinvkvkgM","Garbaharey",3.44908263306111,42.0463070846047
"wNQIsIA7c71","GDO-GBH-P","GDO-GBH-P","GDO-GBH-P","vupinvkvkgM","Garbaharey",3.12402841642839,42.1444205908219
"KPt1btsXlGa","GDO-GBH-Q","GDO-GBH-Q","GDO-GBH-Q","vupinvkvkgM","Garbaharey",3.39286237667698,42.3350316851759
"pNJo7aonmMX","GDO-GBH-R","GDO-GBH-R","GDO-GBH-R","vupinvkvkgM","Garbaharey",3.17034637301605,42.0097286898294
"mHE4hLXu7TE","GDO-GBH-S","GDO-GBH-S","GDO-GBH-S","vupinvkvkgM","Garbaharey",3.33037858435652,42.2862479984536
"dx10zpN4RsU","GDO-GBH-T","GDO-GBH-T","GDO-GBH-T","vupinvkvkgM","Garbaharey",3.35484878791058,42.3830419657036
"McnAMZYW7Ge","GDO-GBH-U","GDO-GBH-U","GDO-GBH-U","vupinvkvkgM","Garbaharey",3.1050150829975,41.9107217800171
"YBcR87ov1Mq","HRN-MTB-A","HRN-MTB-A","HRN-MTB-A","xCllW6LVnYl","Mataban",4.80554480927861,45.7253954397355
"jMK0ooi5m0L","HRN-MTB-B","HRN-MTB-B","HRN-MTB-B","xCllW6LVnYl","Mataban",4.84658541190233,45.6862293295541
"FwRbUyulpYS","HRN-MTB-C","HRN-MTB-C","HRN-MTB-C","xCllW6LVnYl","Mataban",5.08941625678895,45.838017684585
"f6L7VN6RvE6","HRN-MTB-D","HRN-MTB-D","HRN-MTB-D","xCllW6LVnYl","Mataban",5.33800770937005,45.2782316148046
"XdpLuu8RUr6","HRN-MTB-E","HRN-MTB-E","HRN-MTB-E","xCllW6LVnYl","Mataban",5.26503871100954,45.4986065831518
"BHnUTLXqPDD","HRN-MTB-F","HRN-MTB-F","HRN-MTB-F","xCllW6LVnYl","Mataban",5.12428272479259,45.4515441442076
"VWClr5j5d4B","HRN-MTB-G","HRN-MTB-G","HRN-MTB-G","xCllW6LVnYl","Mataban",4.84638976208106,45.8284623566739
"dKssl07EFzr","HRN-MTB-H","HRN-MTB-H","HRN-MTB-H","xCllW6LVnYl","Mataban",5.13586490345295,45.4250104627985
"qYihmD5BIck","HRN-MTB-I","HRN-MTB-I","HRN-MTB-I","xCllW6LVnYl","Mataban",5.25769983819324,45.6361006035735
"SDTz2EraUlx","HRN-MTB-J","HRN-MTB-J","HRN-MTB-J","xCllW6LVnYl","Mataban",4.67223949457877,45.7200937531531
"DxdTcmVHpkt","KRK-HFN-A","KRK-HFN-A","KRK-HFN-A","xsVqBLLPVDs","Hafun",10.5372821958803,51.038521578442
"uDWyu1f2Khj","KRK-HFN-B","KRK-HFN-B","KRK-HFN-B","xsVqBLLPVDs","Hafun",9.89901048524475,50.8338774903273
"crn37WWyXUx","KRK-HFN-C","KRK-HFN-C","KRK-HFN-C","xsVqBLLPVDs","Hafun",10.420187310615,50.7960274454285
"Bhq75iKY6Cg","KRK-HFN-D","KRK-HFN-D","KRK-HFN-D","xsVqBLLPVDs","Hafun",10.6122664378312,51.1075871227241
"uF7sjydEb72","KRK-HFN-E","KRK-HFN-E","KRK-HFN-E","xsVqBLLPVDs","Hafun",10.0484973535198,50.7836967265164
"EMKaPuiYik5","MUD-GAL-A","MUD-GAL-A","MUD-GAL-A","y3HAvmr0Sx9","Galkayu North",7.2718411795201,47.8300897016616
"QyDzkBUGVmX","MUD-GAL-AA","MUD-GAL-AA","MUD-GAL-AA","y3HAvmr0Sx9","Galkayu North",6.88447449677699,47.7084401852068
"mAAZBDbjWJt","MUD-GAL-AB","MUD-GAL-AB","MUD-GAL-AB","y3HAvmr0Sx9","Galkayu North",7.37507898231739,47.8058382051363
"Sw10M6ZPJGA","MUD-GAL-AC","MUD-GAL-AC","MUD-GAL-AC","y3HAvmr0Sx9","Galkayu North",7.15417757282414,47.443225428948
"dTEc9nLKj7t","MUD-GAL-AD","MUD-GAL-AD","MUD-GAL-AD","y3HAvmr0Sx9","Galkayu North",7.18015557597668,47.6944962907635
"KcpwXVIama5","MUD-GAL-AE","MUD-GAL-AE","MUD-GAL-AE","y3HAvmr0Sx9","Galkayu North",7.22310086570772,47.6911805362904
"Nvi6WpTB3el","MUD-GAL-AF","MUD-GAL-AF","MUD-GAL-AF","y3HAvmr0Sx9","Galkayu North",7.32765709454811,47.5295321437952
"VZ67phjUlsy","MUD-GAL-AG","MUD-GAL-AG","MUD-GAL-AG","y3HAvmr0Sx9","Galkayu North",7.15846631733324,47.407436003261
"Pwj1JCyrGd0","MUD-GAL-AH","MUD-GAL-AH","MUD-GAL-AH","y3HAvmr0Sx9","Galkayu North",7.05462226687047,47.6214239945313
"EXpbuRbagMz","MUD-GAL-AM","MUD-GAL-AM","MUD-GAL-AM","y3HAvmr0Sx9","Galkayu North",7.4220838685691,47.5281628388923
"YerNVwE2Paa","MUD-GAL-AN","MUD-GAL-AN","MUD-GAL-AN","y3HAvmr0Sx9","Galkayu North",7.29151580312367,47.58982022169
"EFXJGD1BYCV","MUD-GAL-AO","MUD-GAL-AO","MUD-GAL-AO","y3HAvmr0Sx9","Galkayu North",6.86869231466322,47.5669463842791
"qnHb8xsRmYx","MUD-GAL-AP","MUD-GAL-AP","MUD-GAL-AP","y3HAvmr0Sx9","Galkayu North",7.49771076368965,47.3611677200228
"ucsgbi3fXUI","MUD-GAL-AQ","MUD-GAL-AQ","MUD-GAL-AQ","y3HAvmr0Sx9","Galkayu North",7.54627418392698,47.659570760976
"byrIf65HEvD","MUD-GAL-AR","MUD-GAL-AR","MUD-GAL-AR","y3HAvmr0Sx9","Galkayu North",7.31733358817948,47.8935000180229
"Ulin2gj35cS","MUD-GAL-AS","MUD-GAL-AS","MUD-GAL-AS","y3HAvmr0Sx9","Galkayu North",7.27438264796707,47.4515142816288
"uNDASdxC49V","MUD-GAL-AT","MUD-GAL-AT","MUD-GAL-AT","y3HAvmr0Sx9","Galkayu North",7.23805317398055,47.7508432997491
"opqpF0GyHVp","MUD-GAL-AU","MUD-GAL-AU","MUD-GAL-AU","y3HAvmr0Sx9","Galkayu North",7.40142137852612,47.686280685134
"RS3HrUfHx7h","MUD-GAL-AV","MUD-GAL-AV","MUD-GAL-AV","y3HAvmr0Sx9","Galkayu North",7.29838146754645,47.7108381604163
"KTXPG6Czt67","MUD-GAL-AW","MUD-GAL-AW","MUD-GAL-AW","y3HAvmr0Sx9","Galkayu North",7.42239910666962,47.6638186747177
"lJYTzvCJQ1X","MUD-GAL-AX","MUD-GAL-AX","MUD-GAL-AX","y3HAvmr0Sx9","Galkayu North",7.32330500486903,47.8080852254305
"rBqTficJhrA","MUD-GAL-AY","MUD-GAL-AY","MUD-GAL-AY","y3HAvmr0Sx9","Galkayu North",7.22544116119929,47.4845360694914
"FTJBxOpdvIu","MUD-GAL-AZ","MUD-GAL-AZ","MUD-GAL-AZ","y3HAvmr0Sx9","Galkayu North",7.28148546111409,47.8064172285996
"oMLvmcvVPAN","MUD-GAL-Ai","MUD-GAL-Ai","MUD-GAL-Ai","y3HAvmr0Sx9","Galkayu North",6.99456222452117,47.4182927459587
"OT4NoNuu4K3","MUD-GAL-Aj","MUD-GAL-Aj","MUD-GAL-Aj","y3HAvmr0Sx9","Galkayu North",7.15107170249406,47.7830603628568
"gkYJaFton6X","MUD-GAL-Ak","MUD-GAL-Ak","MUD-GAL-Ak","y3HAvmr0Sx9","Galkayu North",7.38449350313919,47.4828007605209
"sAZ001HY2K5","MUD-GAL-Al","MUD-GAL-Al","MUD-GAL-Al","y3HAvmr0Sx9","Galkayu North",6.7875551520196,47.3578391331886
"iUFotdEwty1","MUD-GAL-B","MUD-GAL-B","MUD-GAL-B","y3HAvmr0Sx9","Galkayu North",7.45736483318031,47.7277917312263
"iE3ISk9AZB5","MUD-GAL-BA","MUD-GAL-BA","MUD-GAL-BA","y3HAvmr0Sx9","Galkayu North",7.43437666439619,47.345028358283
"VhXshZUAT0A","MUD-GAL-BB","MUD-GAL-BB","MUD-GAL-BB","y3HAvmr0Sx9","Galkayu North",6.81612901279134,47.4386454959825
"eMnHIrvzgtO","MUD-GAL-BC","MUD-GAL-BC","MUD-GAL-BC","y3HAvmr0Sx9","Galkayu North",7.48636397008557,47.7417490577295
"zCRct1NPdGA","MUD-GAL-BD","MUD-GAL-BD","MUD-GAL-BD","y3HAvmr0Sx9","Galkayu North",7.40074648136784,47.6301943445278
"YexmfDIdfFI","MUD-GAL-BE","MUD-GAL-BE","MUD-GAL-BE","y3HAvmr0Sx9","Galkayu North",7.21077115966717,47.6319673141389
"ni340oDZjxq","MUD-GAL-BF","MUD-GAL-BF","MUD-GAL-BF","y3HAvmr0Sx9","Galkayu North",6.90229379289074,47.6827086361387
"iYCtpxLW7GV","MUD-GAL-BG","MUD-GAL-BG","MUD-GAL-BG","y3HAvmr0Sx9","Galkayu North",6.84171987245166,47.5580593879785
"YYGS9zShQIa","MUD-GAL-BH","MUD-GAL-BH","MUD-GAL-BH","y3HAvmr0Sx9","Galkayu North",7.49978471203441,47.7097866721195
"V4rIDQ2nI7Z","MUD-GAL-BI","MUD-GAL-BI","MUD-GAL-BI","y3HAvmr0Sx9","Galkayu North",7.00758718567845,47.5142498545372
"dfIDokQw8tX","MUD-GAL-BJ","MUD-GAL-BJ","MUD-GAL-BJ","y3HAvmr0Sx9","Galkayu North",7.385725618453,47.4599189354511
"VkqKsBJTFST","MUD-GAL-BK","MUD-GAL-BK","MUD-GAL-BK","y3HAvmr0Sx9","Galkayu North",7.49685738892079,47.3394765476764
"Dn6VjeNkb1a","MUD-GAL-BL","MUD-GAL-BL","MUD-GAL-BL","y3HAvmr0Sx9","Galkayu North",7.24282272481607,47.6254658148527
"pLCnqifrpl9","MUD-GAL-BM","MUD-GAL-BM","MUD-GAL-BM","y3HAvmr0Sx9","Galkayu North",7.50333236416555,47.6290366933834
"o157Uv8Bchm","MUD-GAL-BN","MUD-GAL-BN","MUD-GAL-BN","y3HAvmr0Sx9","Galkayu North",6.96440437196667,47.6629617214563
"T5MgAKUAzaw","MUD-GAL-BO","MUD-GAL-BO","MUD-GAL-BO","y3HAvmr0Sx9","Galkayu North",7.49032691022187,47.4768447846656
"aH3E4W90iqr","MUD-GAL-BP","MUD-GAL-BP","MUD-GAL-BP","y3HAvmr0Sx9","Galkayu North",7.29459298997604,47.9469147251035
"k0LfCtT5sbQ","MUD-GAL-BQ","MUD-GAL-BQ","MUD-GAL-BQ","y3HAvmr0Sx9","Galkayu North",7.47445202367475,47.5742594869068
"SiMDzSLiDso","MUD-GAL-BR","MUD-GAL-BR","MUD-GAL-BR","y3HAvmr0Sx9","Galkayu North",7.42011614609551,47.8470126979582
"nfxwPkjTAQK","MUD-GAL-BS","MUD-GAL-BS","MUD-GAL-BS","y3HAvmr0Sx9","Galkayu North",7.24593180687731,47.3869621643811
"iHhh8EURZFW","MUD-GAL-BT","MUD-GAL-BT","MUD-GAL-BT","y3HAvmr0Sx9","Galkayu North",6.93543442041041,47.5624706090033
"lDMCRMZmPo8","MUD-GAL-BU","MUD-GAL-BU","MUD-GAL-BU","y3HAvmr0Sx9","Galkayu North",7.39004876709647,47.5639661545722
"Lp6laSQMh8c","MUD-GAL-BV","MUD-GAL-BV","MUD-GAL-BV","y3HAvmr0Sx9","Galkayu North",7.49714630096693,47.5727878102441
"yjFuiXoT1RC","MUD-GAL-BW","MUD-GAL-BW","MUD-GAL-BW","y3HAvmr0Sx9","Galkayu North",7.05606130150507,47.3547872828864
"QuPbHJyfSUb","MUD-GAL-BX","MUD-GAL-BX","MUD-GAL-BX","y3HAvmr0Sx9","Galkayu North",7.15398273595501,47.6205824016762
"tU7iacjFllC","MUD-GAL-BY","MUD-GAL-BY","MUD-GAL-BY","y3HAvmr0Sx9","Galkayu North",7.27274547078176,47.9098510331707
"SlcPWZXVE9b","MUD-GAL-BZ","MUD-GAL-BZ","MUD-GAL-BZ","y3HAvmr0Sx9","Galkayu North",6.99519426862433,47.7516397993649
"C0GPUsgy2vb","MUD-GAL-C","MUD-GAL-C","MUD-GAL-C","y3HAvmr0Sx9","Galkayu North",7.26810679087273,47.8986087095484
"JtHcYYGTukt","MUD-GAL-CA","MUD-GAL-CA","MUD-GAL-CA","y3HAvmr0Sx9","Galkayu North",7.43573998530003,47.7236015705419
"jwGzrow7EiM","MUD-GAL-CB","MUD-GAL-CB","MUD-GAL-CB","y3HAvmr0Sx9","Galkayu North",7.5208786396344,47.5942512856615
"BjivHtq1NpT","MUD-GAL-CC","MUD-GAL-CC","MUD-GAL-CC","y3HAvmr0Sx9","Galkayu North",7.25526098038497,47.6431830513053
"PbXLyVdPgsK","MUD-GAL-CD","MUD-GAL-CD","MUD-GAL-CD","y3HAvmr0Sx9","Galkayu North",7.1900167846345,47.6567426401843
"vKRT6kl5xSo","MUD-GAL-CE","MUD-GAL-CE","MUD-GAL-CE","y3HAvmr0Sx9","Galkayu North",7.05424139411038,47.4949020510414
"f1IA0hhBgWB","MUD-GAL-CF","MUD-GAL-CF","MUD-GAL-CF","y3HAvmr0Sx9","Galkayu North",7.17351139807827,47.6558794729321
"tRn85zZOXk1","MUD-GAL-CG","MUD-GAL-CG","MUD-GAL-CG","y3HAvmr0Sx9","Galkayu North",7.40261341609487,47.6238467540463
"T60itsAHzci","MUD-GAL-CH","MUD-GAL-CH","MUD-GAL-CH","y3HAvmr0Sx9","Galkayu North",6.89470048099376,47.2745762410958
"gsKEIqYLB7x","MUD-GAL-CI","MUD-GAL-CI","MUD-GAL-CI","y3HAvmr0Sx9","Galkayu North",6.81090780588728,47.6081542051911
"Y22CGexjQJH","MUD-GAL-CJ","MUD-GAL-CJ","MUD-GAL-CJ","y3HAvmr0Sx9","Galkayu North",7.28504952847607,47.779266669154
"JS9yenauWBD","MUD-GAL-CK","MUD-GAL-CK","MUD-GAL-CK","y3HAvmr0Sx9","Galkayu North",7.30342027521375,47.5820585811742
"pLjUJzSm7ix","MUD-GAL-CL","MUD-GAL-CL","MUD-GAL-CL","y3HAvmr0Sx9","Galkayu North",7.45360711169056,47.5948888313095
"RmdmeNr1GHs","MUD-GAL-CM","MUD-GAL-CM","MUD-GAL-CM","y3HAvmr0Sx9","Galkayu North",7.48039524677278,47.5266373111584
"WHms7SvsLQm","MUD-GAL-CN","MUD-GAL-CN","MUD-GAL-CN","y3HAvmr0Sx9","Galkayu North",7.16214753290669,47.5868311305853
"fdj9NDorbVL","MUD-GAL-CO","MUD-GAL-CO","MUD-GAL-CO","y3HAvmr0Sx9","Galkayu North",6.80775517200446,47.3784444134198
"xWAlZycJB64","MUD-GAL-CP","MUD-GAL-CP","MUD-GAL-CP","y3HAvmr0Sx9","Galkayu North",7.1571242583861,47.6091940825737
"BR29lMX2txg","MUD-GAL-CQ","MUD-GAL-CQ","MUD-GAL-CQ","y3HAvmr0Sx9","Galkayu North",7.39287709539358,47.6644798916694
"siLZ73eBBLV","MUD-GAL-CR","MUD-GAL-CR","MUD-GAL-CR","y3HAvmr0Sx9","Galkayu North",6.81624016740845,47.581334746296
"Zzhv5PNep0C","MUD-GAL-CS","MUD-GAL-CS","MUD-GAL-CS","y3HAvmr0Sx9","Galkayu North",7.3179446700939,47.5919422752867
"Rl3i9jO6zDS","MUD-GAL-CT","MUD-GAL-CT","MUD-GAL-CT","y3HAvmr0Sx9","Galkayu North",7.05994314448534,47.6164094589682
"uugVEwxkpYr","MUD-GAL-CU","MUD-GAL-CU","MUD-GAL-CU","y3HAvmr0Sx9","Galkayu North",7.07518927723943,47.4391451503307
"SQcBT3q4dJC","MUD-GAL-CV","MUD-GAL-CV","MUD-GAL-CV","y3HAvmr0Sx9","Galkayu North",7.38058280404532,47.5421163804991
"OoWfiO77O2I","MUD-GAL-CW","MUD-GAL-CW","MUD-GAL-CW","y3HAvmr0Sx9","Galkayu North",7.47228621504397,47.7676121133129
"iFkcXCUXzO1","MUD-GAL-CX","MUD-GAL-CX","MUD-GAL-CX","y3HAvmr0Sx9","Galkayu North",7.37289449549023,47.3558694046016
"i0e8JcS1Irm","MUD-GAL-CY","MUD-GAL-CY","MUD-GAL-CY","y3HAvmr0Sx9","Galkayu North",7.43483587536137,47.4425850131003
"DIdN79Pku6h","MUD-GAL-CZ","MUD-GAL-CZ","MUD-GAL-CZ","y3HAvmr0Sx9","Galkayu North",6.87931524852393,47.5118015569854
"wMndRKoPWkX","MUD-GAL-D","MUD-GAL-D","MUD-GAL-D","y3HAvmr0Sx9","Galkayu North",6.93570576481113,47.4275214066556
"ywVPQ6CZ4Gv","MUD-GAL-DA","MUD-GAL-DA","MUD-GAL-DA","y3HAvmr0Sx9","Galkayu North",7.34960818474105,47.6261024163596
"ROhuAle8aPh","MUD-GAL-DB","MUD-GAL-DB","MUD-GAL-DB","y3HAvmr0Sx9","Galkayu North",7.4557110370614,47.702717364433
"ncgHsFBtym2","MUD-GAL-DC","MUD-GAL-DC","MUD-GAL-DC","y3HAvmr0Sx9","Galkayu North",7.32515686406547,47.5428816678137
"vQUs7wiNCyq","MUD-GAL-DD","MUD-GAL-DD","MUD-GAL-DD","y3HAvmr0Sx9","Galkayu North",7.46762631432366,47.3580633689767
"ieU7N6GPZTH","MUD-GAL-DE","MUD-GAL-DE","MUD-GAL-DE","y3HAvmr0Sx9","Galkayu North",7.31266994072667,47.8340301608445
"lTJyf0RBuq3","MUD-GAL-DF","MUD-GAL-DF","MUD-GAL-DF","y3HAvmr0Sx9","Galkayu North",7.14712148183677,47.5027081678716
"wtOd8IDvIZW","MUD-GAL-DG","MUD-GAL-DG","MUD-GAL-DG","y3HAvmr0Sx9","Galkayu North",7.1032020272004,47.6497731192907
"ncZekOTzcfi","MUD-GAL-DH","MUD-GAL-DH","MUD-GAL-DH","y3HAvmr0Sx9","Galkayu North",7.38035360242531,47.3675337685824
"rqiSjhWYpg4","MUD-GAL-DI","MUD-GAL-DI","MUD-GAL-DI","y3HAvmr0Sx9","Galkayu North",6.88113442749148,47.4374848867733
"vHu71pqP7b9","MUD-GAL-DJ","MUD-GAL-DJ","MUD-GAL-DJ","y3HAvmr0Sx9","Galkayu North",7.19524492652348,47.8767897143165
"ruDVnr0xMhH","MUD-GAL-DK","MUD-GAL-DK","MUD-GAL-DK","y3HAvmr0Sx9","Galkayu North",7.07820099678761,47.6789304046794
"njlPnMUROY9","MUD-GAL-DL","MUD-GAL-DL","MUD-GAL-DL","y3HAvmr0Sx9","Galkayu North",7.25650313459356,47.471654082441
"YdWIonLpxwg","MUD-GAL-DM","MUD-GAL-DM","MUD-GAL-DM","y3HAvmr0Sx9","Galkayu North",7.16623770261757,47.8559845200202
"GqcBnhIVoW0","MUD-GAL-DN","MUD-GAL-DN","MUD-GAL-DN","y3HAvmr0Sx9","Galkayu North",7.22929389830218,47.8965367767893
"II5vrUx4kh4","MUD-GAL-E","MUD-GAL-E","MUD-GAL-E","y3HAvmr0Sx9","Galkayu North",7.31611949716265,47.6070816283201
"uG5ispqReDY","MUD-GAL-F","MUD-GAL-F","MUD-GAL-F","y3HAvmr0Sx9","Galkayu North",7.27161347736633,47.829921887644
"ugwg3R5dgKP","MUD-GAL-G","MUD-GAL-G","MUD-GAL-G","y3HAvmr0Sx9","Galkayu North",7.18844181339221,47.752835654048
"U2jSMES0vjt","MUD-GAL-H","MUD-GAL-H","MUD-GAL-H","y3HAvmr0Sx9","Galkayu North",6.98176435869138,47.6736407126899
"ZBZeO0uasn3","MUD-GAL-I","MUD-GAL-I","MUD-GAL-I","y3HAvmr0Sx9","Galkayu North",7.25814410414778,47.633811804048
"B7TrykSv3oH","MUD-GAL-J","MUD-GAL-J","MUD-GAL-J","y3HAvmr0Sx9","Galkayu North",7.36897594976858,47.596006496046
"V5eOhrL6DoR","MUD-GAL-K","MUD-GAL-K","MUD-GAL-K","y3HAvmr0Sx9","Galkayu North",6.87843027530367,47.4842481722672
"vkeyQLk1aqY","MUD-GAL-L","MUD-GAL-L","MUD-GAL-L","y3HAvmr0Sx9","Galkayu North",7.5149742611484,47.7426656368936
"y07RSTGpX7o","MUD-GAL-M","MUD-GAL-M","MUD-GAL-M","y3HAvmr0Sx9","Galkayu North",6.88037076634511,47.37910232227
"gzq3vAr78a4","MUD-GAL-N","MUD-GAL-N","MUD-GAL-N","y3HAvmr0Sx9","Galkayu North",7.34913112315616,47.5861492299309
"fxQyam4iBdZ","MUD-GAL-O","MUD-GAL-O","MUD-GAL-O","y3HAvmr0Sx9","Galkayu North",7.27911131006878,47.537946159895
"XEnkMshctIN","MUD-GAL-P","MUD-GAL-P","MUD-GAL-P","y3HAvmr0Sx9","Galkayu North",7.05619090039761,47.5522120705818
"qvJ8uiyJEiY","MUD-GAL-Q","MUD-GAL-Q","MUD-GAL-Q","y3HAvmr0Sx9","Galkayu North",7.07873166408531,47.4242726129012
"vrQ04EXhwQQ","MUD-GAL-R","MUD-GAL-R","MUD-GAL-R","y3HAvmr0Sx9","Galkayu North",7.31969925160194,47.9128846922001
"CdUthZ4MQOk","MUD-GAL-S","MUD-GAL-S","MUD-GAL-S","y3HAvmr0Sx9","Galkayu North",6.93565085789281,47.3770745291673
"vIelBXBnDCa","MUD-GAL-T","MUD-GAL-T","MUD-GAL-T","y3HAvmr0Sx9","Galkayu North",6.98324981280193,47.3067842027327
"rFlPxk4tTRl","MUD-GAL-U","MUD-GAL-U","MUD-GAL-U","y3HAvmr0Sx9","Galkayu North",6.84585944602451,47.3605310081756
"aaEnYMBqHvX","MUD-GAL-V","MUD-GAL-V","MUD-GAL-V","y3HAvmr0Sx9","Galkayu North",7.27577877468415,47.5368099404712
"M4ZZNPSt2RD","MUD-GAL-W","MUD-GAL-W","MUD-GAL-W","y3HAvmr0Sx9","Galkayu North",6.92397683815632,47.5331329372623
"VuJS6Yf3xUp","MUD-GAL-X","MUD-GAL-X","MUD-GAL-X","y3HAvmr0Sx9","Galkayu North",7.46599966445861,47.7074778451037
"YZYTqIkGN6T","MUD-GAL-Y","MUD-GAL-Y","MUD-GAL-Y","y3HAvmr0Sx9","Galkayu North",7.45039634582583,47.8180291995853
"ryIvK79e25k","MUD-GAL-Z","MUD-GAL-Z","MUD-GAL-Z","y3HAvmr0Sx9","Galkayu North",7.08898454193399,47.5868832591268
"YyC4TVGt2cP","MSH-WRS-A","MSH-WRS-A","MSH-WRS-A","yxcBMvjVy8g","Warsheikh",2.60921856089917,45.824662029261
"RMjro6SwO9V","MSH-WRS-B","MSH-WRS-B","MSH-WRS-B","yxcBMvjVy8g","Warsheikh",2.49384510956598,45.8794530221683
"CTNQ4QOnKFa","MSH-WRS-C","MSH-WRS-C","MSH-WRS-C","yxcBMvjVy8g","Warsheikh",2.42882946491178,45.9487823402583
"brxAB69h44M","MSH-WRS-D","MSH-WRS-D","MSH-WRS-D","yxcBMvjVy8g","Warsheikh",2.45540100718751,45.907079187073
"oBmSCE6vSMR","MSH-WRS-E","MSH-WRS-E","MSH-WRS-E","yxcBMvjVy8g","Warsheikh",2.37704587735596,45.6867213642063
"ffxNICxwqUM","MSH-WRS-F","MSH-WRS-F","MSH-WRS-F","yxcBMvjVy8g","Warsheikh",2.40187675344304,45.8808054708442
"dosMZSZKtt8","MSH-MDY-A","MSH-MDY-A","MSH-MDY-A","z1L4VkKUo9j","Mahaday",2.99421896566193,45.9181520105854
"ZIdqetFp3oY","MSH-MDY-B","MSH-MDY-B","MSH-MDY-B","z1L4VkKUo9j","Mahaday",3.07283816481562,45.9026834607281
"cfRnmogt1Ee","MSH-MDY-C","MSH-MDY-C","MSH-MDY-C","z1L4VkKUo9j","Mahaday",3.31040969740622,45.8938221463103
"ZEsLP0PlFQX","MSH-MDY-D","MSH-MDY-D","MSH-MDY-D","z1L4VkKUo9j","Mahaday",3.04862649140178,45.2474380620242
"chSHac4P7Mz","MSH-MDY-E","MSH-MDY-E","MSH-MDY-E","z1L4VkKUo9j","Mahaday",3.13229893317204,45.2794508311017
"YVnLv5S0RKl","MSH-MDY-F","MSH-MDY-F","MSH-MDY-F","z1L4VkKUo9j","Mahaday",3.1967643783367,45.6264932764826
"rLJg7MtIri7","MSH-MDY-G","MSH-MDY-G","MSH-MDY-G","z1L4VkKUo9j","Mahaday",3.11526449488498,45.2616443252443
"XtoaFL6ZRq5","MSH-MDY-H","MSH-MDY-H","MSH-MDY-H","z1L4VkKUo9j","Mahaday",3.10454648303358,45.8746482060862
"EjHjUVommaN","MSH-MDY-I","MSH-MDY-I","MSH-MDY-I","z1L4VkKUo9j","Mahaday",3.24585834482856,45.7303234664584
"aj7gsFk8Ivm","MSH-MDY-J","MSH-MDY-J","MSH-MDY-J","z1L4VkKUo9j","Mahaday",3.1356712087465,45.9775036110231
"C1UZwYWNlEY","MSH-MDY-K","MSH-MDY-K","MSH-MDY-K","z1L4VkKUo9j","Mahaday",3.08321762567273,45.9845055740703
"YlUyi5gj9Pt","MSH-MDY-L","MSH-MDY-L","MSH-MDY-L","z1L4VkKUo9j","Mahaday",3.32417855919661,45.9287675457563
"uEGHtKOgxpl","MSH-MDY-M","MSH-MDY-M","MSH-MDY-M","z1L4VkKUo9j","Mahaday",3.29120592047434,46.02011369421
"HhHuV5pDDRi","MSH-MDY-N","MSH-MDY-N","MSH-MDY-N","z1L4VkKUo9j","Mahaday",3.16277717804373,45.5921770771865
"moJb4tpTpTB","MSH-MDY-O","MSH-MDY-O","MSH-MDY-O","z1L4VkKUo9j","Mahaday",3.15871347030145,45.6806533683144
"QtUZZoEzg44","MSH-MDY-P","MSH-MDY-P","MSH-MDY-P","z1L4VkKUo9j","Mahaday",3.16541864353922,45.5464357255545
"hWbcfsvRNXi","LSH-AWD-A","LSH-AWD-A","LSH-AWD-A","zIABpP6qSGV","Awdheegle",2.13972592234689,44.6147292483562
"nzzEqLH1YS8","LSH-AWD-AA","LSH-AWD-AA","LSH-AWD-AA","zIABpP6qSGV","Awdheegle",1.99478887524738,44.5898479005952
"SgVtL7qdxIf","LSH-AWD-AB","LSH-AWD-AB","LSH-AWD-AB","zIABpP6qSGV","Awdheegle",1.9795469275756,44.6987965218684
"jJCKbEk90Fq","LSH-AWD-AC","LSH-AWD-AC","LSH-AWD-AC","zIABpP6qSGV","Awdheegle",2.1544246723287,44.9062242098109
"Kl6jXI3FWLA","LSH-AWD-AD","LSH-AWD-AD","LSH-AWD-AD","zIABpP6qSGV","Awdheegle",2.31473527317318,44.8963363477106
"LTkFRBDvfT4","LSH-AWD-AE","LSH-AWD-AE","LSH-AWD-AE","zIABpP6qSGV","Awdheegle",2.18232732929626,44.8947372312779
"kySWy5dNskS","LSH-AWD-AF","LSH-AWD-AF","LSH-AWD-AF","zIABpP6qSGV","Awdheegle",2.07972066699681,44.5537487855834
"g0Y8OV6md87","LSH-AWD-AG","LSH-AWD-AG","LSH-AWD-AG","zIABpP6qSGV","Awdheegle",2.31674402268482,44.8097576425892
"cJf3r0SiTjX","LSH-AWD-AH","LSH-AWD-AH","LSH-AWD-AH","zIABpP6qSGV","Awdheegle",2.09912739903825,44.7274512787096
"mSlc81RgHiY","LSH-AWD-B","LSH-AWD-B","LSH-AWD-B","zIABpP6qSGV","Awdheegle",2.24966751727574,44.5727090089142
"fVKVIPXSvBk","LSH-AWD-C","LSH-AWD-C","LSH-AWD-C","zIABpP6qSGV","Awdheegle",2.07202227419543,44.6315970803666
"bpNdstiSpls","LSH-AWD-D","LSH-AWD-D","LSH-AWD-D","zIABpP6qSGV","Awdheegle",2.11663744118895,44.3940057094845
"VvaJfswQfKG","LSH-AWD-E","LSH-AWD-E","LSH-AWD-E","zIABpP6qSGV","Awdheegle",2.05050447888163,44.7299166777703
"PM1alxsFZMk","LSH-AWD-F","LSH-AWD-F","LSH-AWD-F","zIABpP6qSGV","Awdheegle",2.21596816343571,44.4891382395831
"JS972l40P0O","LSH-AWD-G","LSH-AWD-G","LSH-AWD-G","zIABpP6qSGV","Awdheegle",2.16736755878782,44.4252506376352
"aHiLSQf8g9Z","LSH-AWD-H","LSH-AWD-H","LSH-AWD-H","zIABpP6qSGV","Awdheegle",2.06705460196751,44.6061990801423
"mFVTOak42KP","LSH-AWD-I","LSH-AWD-I","LSH-AWD-I","zIABpP6qSGV","Awdheegle",2.07585761258759,44.4091795702616
"qoNNdFzvKki","LSH-AWD-J","LSH-AWD-J","LSH-AWD-J","zIABpP6qSGV","Awdheegle",2.16136650228869,44.5399926879872
"WqcPb0qWjVk","LSH-AWD-K","LSH-AWD-K","LSH-AWD-K","zIABpP6qSGV","Awdheegle",2.12448866617194,44.9325656975933
"Fo42GJRINQ1","LSH-AWD-L","LSH-AWD-L","LSH-AWD-L","zIABpP6qSGV","Awdheegle",2.35972863454013,44.5825986216906
"yboNrPpQMVf","LSH-AWD-M","LSH-AWD-M","LSH-AWD-M","zIABpP6qSGV","Awdheegle",2.09463051613041,44.8186467142336
"aVmozY7lTYQ","LSH-AWD-N","LSH-AWD-N","LSH-AWD-N","zIABpP6qSGV","Awdheegle",2.2921953423996,44.6860958044961
"DxJZ7C4N3OK","LSH-AWD-O","LSH-AWD-O","LSH-AWD-O","zIABpP6qSGV","Awdheegle",2.23285075892408,44.8237244393912
"O3yN5BODBEi","LSH-AWD-P","LSH-AWD-P","LSH-AWD-P","zIABpP6qSGV","Awdheegle",1.97851466135255,44.6084094009852
"wOd8lQfIBYK","LSH-AWD-Q","LSH-AWD-Q","LSH-AWD-Q","zIABpP6qSGV","Awdheegle",2.13884484131859,44.4690844127588
"I7TX3EVJ0tS","LSH-AWD-R","LSH-AWD-R","LSH-AWD-R","zIABpP6qSGV","Awdheegle",2.31631280169637,44.5962138108998
"M9wAhxq1gBH","LSH-AWD-S","LSH-AWD-S","LSH-AWD-S","zIABpP6qSGV","Awdheegle",2.15133356255729,44.4925645865114
"VOsMLa5n5sA","LSH-AWD-T","LSH-AWD-T","LSH-AWD-T","zIABpP6qSGV","Awdheegle",2.17574071238057,44.897476752712
"M5iSQnEBjW9","LSH-AWD-U","LSH-AWD-U","LSH-AWD-U","zIABpP6qSGV","Awdheegle",2.102628383201,44.428142206826
"Ds4hijSyzoE","LSH-AWD-V","LSH-AWD-V","LSH-AWD-V","zIABpP6qSGV","Awdheegle",2.46268624583728,44.6342155611436
"EjtTCWdRJDm","LSH-AWD-W","LSH-AWD-W","LSH-AWD-W","zIABpP6qSGV","Awdheegle",2.24408492999851,44.9542783058439
"TIEgZvrAd2M","LSH-AWD-X","LSH-AWD-X","LSH-AWD-X","zIABpP6qSGV","Awdheegle",2.22502921592494,44.6787052480922
"AxYwzS1R0wa","LSH-AWD-Y","LSH-AWD-Y","LSH-AWD-Y","zIABpP6qSGV","Awdheegle",2.1356459965097,44.8412926783722
"HL1wngST8VT","LSH-AWD-Z","LSH-AWD-Z","LSH-AWD-Z","zIABpP6qSGV","Awdheegle",2.3209877492192,44.9036508713402
"aEkzVGXv6v2","GDD-GLD-A","GDD-GLD-A","GDD-GLD-A","zNtqDmU0a36","Galad",4.04271376752914,46.9912208345279
"zMMWnUfJMJh","GDD-GLD-B","GDD-GLD-B","GDD-GLD-B","zNtqDmU0a36","Galad",4.07895098938179,47.0142026630011
"o9ZB67AXW8Y","GDD-GLD-C","GDD-GLD-C","GDD-GLD-C","zNtqDmU0a36","Galad",3.85890953075811,46.7921923251365
"z5maxSG5P3K","GDD-GLD-D","GDD-GLD-D","GDD-GLD-D","zNtqDmU0a36","Galad",4.14928315685351,46.7459215384302
"AKcdKEmenqK","GDD-GLD-E","GDD-GLD-E","GDD-GLD-E","zNtqDmU0a36","Galad",3.80124685039577,46.6410359622141
"vs3xBxdL6bj","GDD-GLD-F","GDD-GLD-F","GDD-GLD-F","zNtqDmU0a36","Galad",3.88487003100589,46.7242747340357
"agnpIfEMDZK","GDD-GLD-G","GDD-GLD-G","GDD-GLD-G","zNtqDmU0a36","Galad",3.74498416904459,46.6959243369585
"QNhcHATseJe","GDD-GLD-H","GDD-GLD-H","GDD-GLD-H","zNtqDmU0a36","Galad",4.03796760462785,46.8514846468022
"OGeUSYN5Srf","GDD-GLD-I","GDD-GLD-I","GDD-GLD-I","zNtqDmU0a36","Galad",4.21293545633353,46.8208678385392
"xXRfalqPlVu","GDD-GLD-J","GDD-GLD-J","GDD-GLD-J","zNtqDmU0a36","Galad",3.92559290192341,46.9047777581335
"y1QIVdYs1ph","GDD-GLD-K","GDD-GLD-K","GDD-GLD-K","zNtqDmU0a36","Galad",4.27583685959969,46.7604590632664
"xXGqXY64NaD","GDD-GLD-L","GDD-GLD-L","GDD-GLD-L","zNtqDmU0a36","Galad",3.99414076089392,46.9765009779795
"MPcijcNK9im","GDD-GLD-M","GDD-GLD-M","GDD-GLD-M","zNtqDmU0a36","Galad",4.02976694512675,46.79222268506
"huOKgABnPWE","GDD-GLD-N","GDD-GLD-N","GDD-GLD-N","zNtqDmU0a36","Galad",4.19857057810257,46.8361015538305
"waYTdC2J7ql","GDD-GLD-O","GDD-GLD-O","GDD-GLD-O","zNtqDmU0a36","Galad",4.00036932646738,46.9351329368636
"bwIlDJHBzll","GDD-GLD-P","GDD-GLD-P","GDD-GLD-P","zNtqDmU0a36","Galad",4.05800354395217,46.6744718003062
"RuFIACqAxMO","GDD-GLD-Q","GDD-GLD-Q","GDD-GLD-Q","zNtqDmU0a36","Galad",4.16311596807203,46.649133886657
"lVdO29sFIFa","GDD-GLD-R","GDD-GLD-R","GDD-GLD-R","zNtqDmU0a36","Galad",3.99979259930591,46.7380493136825
"lkrQL8se7SA","GDD-GLD-S","GDD-GLD-S","GDD-GLD-S","zNtqDmU0a36","Galad",4.20597929191469,46.8436623685122
"T2RMr0ZPGXX","GDD-GLD-T","GDD-GLD-T","GDD-GLD-T","zNtqDmU0a36","Galad",3.79737503385905,46.5977039715441
"bo8T8ZpDiaY","GGD-GLD-A","GGD-GLD-A","GGD-GLD-A","zNtqDmU0a36","Galad",3.7796755619859,46.5943118826286
"HshsZz0Lp0Z","GGD-GLD-B","GGD-GLD-B","GGD-GLD-B","zNtqDmU0a36","Galad",4.28083738497077,46.7103846342105
"M81GcKAL7Iz","GGD-GLD-C","GGD-GLD-C","GGD-GLD-C","zNtqDmU0a36","Galad",3.90622142589236,46.5908131874151
"m11iUBpScYn","GGD-GLD-D","GGD-GLD-D","GGD-GLD-D","zNtqDmU0a36","Galad",3.96828356778883,46.7348638938127
"Pc8yvo4vWkK","GGD-GLD-E","GGD-GLD-E","GGD-GLD-E","zNtqDmU0a36","Galad",4.21040724977826,46.8862765424141
"xAGFYFRj3QL","GGD-GLD-F","GGD-GLD-F","GGD-GLD-F","zNtqDmU0a36","Galad",3.78714779536607,46.6873576323042
"d1GIxm9iOws","GGD-GLD-G","GGD-GLD-G","GGD-GLD-G","zNtqDmU0a36","Galad",4.175163482575,46.7183501715421
"XVhInbfad3y","GGD-GLD-H","GGD-GLD-H","GGD-GLD-H","zNtqDmU0a36","Galad",3.95897629546004,46.7397999516376
"Ra92G1pEKfB","GGD-GLD-I","GGD-GLD-I","GGD-GLD-I","zNtqDmU0a36","Galad",3.87385322637333,46.8712790566279
"IQu14KHqzIR","GGD-GLD-J","GGD-GLD-J","GGD-GLD-J","zNtqDmU0a36","Galad",3.88726262707746,46.8967029627052
"GlOuGWmCLij","GGD-GLD-K","GGD-GLD-K","GGD-GLD-K","zNtqDmU0a36","Galad",3.78996607807468,46.7591286332757
"CP8PsZKtOnI","GGD-GLD-L","GGD-GLD-L","GGD-GLD-L","zNtqDmU0a36","Galad",4.17338393554097,46.7738711490888
"XSQ6zoBnpP7","GGD-GLD-M","GGD-GLD-M","GGD-GLD-M","zNtqDmU0a36","Galad",3.94483557659319,46.9735830588268
"A5k52grfVY1","GGD-GLD-N","GGD-GLD-N","GGD-GLD-N","zNtqDmU0a36","Galad",3.98632565718101,46.6504974471256
"dy0Fz4qupQs","GGD-GLD-O","GGD-GLD-O","GGD-GLD-O","zNtqDmU0a36","Galad",4.07785615130914,46.7806538278555
"Cl4GGSJhYWo","GGD-GLD-P","GGD-GLD-P","GGD-GLD-P","zNtqDmU0a36","Galad",4.13608434934414,46.9072298486194
"lKrY3D7wh6B","GGD-GLD-Q","GGD-GLD-Q","GGD-GLD-Q","zNtqDmU0a36","Galad",4.19579081428944,46.8061832058779
"SmYWBAPfZIm","GGD-GLD-R","GGD-GLD-R","GGD-GLD-R","zNtqDmU0a36","Galad",3.9824776309723,46.6254270577502
"s8nGvGlczhW","GGD-GLD-S","GGD-GLD-S","GGD-GLD-S","zNtqDmU0a36","Galad",4.23464747901444,46.8477262268609
"kYdY3jvJF05","GGD-GLD-T","GGD-GLD-T","GGD-GLD-T","zNtqDmU0a36","Galad",4.00368625808386,46.7582633506772
"zSeIE6QYWGb","GDD-ELD-A","GDD-ELD-A","GDD-ELD-A","zbsECcqPfkc","El Dhere",4.03248583695839,47.1593361196391
"v47eJTT6NbT","GDD-ELD-B","GDD-ELD-B","GDD-ELD-B","zbsECcqPfkc","El Dhere",4.31438966225139,47.6025621648473
"k57guzih3uH","GDD-ELD-C","GDD-ELD-C","GDD-ELD-C","zbsECcqPfkc","El Dhere",4.287162632852,47.7677700912169
"XEGd0BDBAin","GDD-ELD-D","GDD-ELD-D","GDD-ELD-D","zbsECcqPfkc","El Dhere",4.1559088215557,47.3239586395419
"FAj8TW1DZwP","GDD-ELD-E","GDD-ELD-E","GDD-ELD-E","zbsECcqPfkc","El Dhere",4.01429886527174,47.35482303482
"k222qBAPRnZ","GDD-ELD-F","GDD-ELD-F","GDD-ELD-F","zbsECcqPfkc","El Dhere",4.23804068678016,47.5841074869777
"LJnBMIFElr1","GDD-ELD-G","GDD-ELD-G","GDD-ELD-G","zbsECcqPfkc","El Dhere",3.92523113500403,47.0552542010376
"VdFGdfSyFkS","GDD-ELD-H","GDD-ELD-H","GDD-ELD-H","zbsECcqPfkc","El Dhere",3.93952815108078,46.9726658031465
"xuhgcS2abj3","GDD-ELD-I","GDD-ELD-I","GDD-ELD-I","zbsECcqPfkc","El Dhere",4.31024097760067,47.4687839692589
"hUFRf2Hmi7D","GDD-ELD-J","GDD-ELD-J","GDD-ELD-J","zbsECcqPfkc","El Dhere",3.85774406234097,46.975711161355
"XNpGkG3I6ww","GDD-ELD-K","GDD-ELD-K","GDD-ELD-K","zbsECcqPfkc","El Dhere",3.74972010888507,47.0200696234363
"LWUQsAD8r8R","GDD-ELD-L","GDD-ELD-L","GDD-ELD-L","zbsECcqPfkc","El Dhere",4.33019682437944,47.6302269811135
"u3Z1vu99dbL","GDD-ELD-M","GDD-ELD-M","GDD-ELD-M","zbsECcqPfkc","El Dhere",4.01810992244404,47.4516067027679
"n6ybEeNmvBw","GDD-ELD-N","GDD-ELD-N","GDD-ELD-N","zbsECcqPfkc","El Dhere",3.82272982500817,47.0323434125854
"eBpFmaahr1k","GDD-ELD-O","GDD-ELD-O","GDD-ELD-O","zbsECcqPfkc","El Dhere",3.76894451842559,46.8949896010211
"lVHEU165nru","GDD-ELD-P","GDD-ELD-P","GDD-ELD-P","zbsECcqPfkc","El Dhere",4.28312557164619,47.3973836122586
"uSsg4J7HB8S","GDD-ELD-Q","GDD-ELD-Q","GDD-ELD-Q","zbsECcqPfkc","El Dhere",4.1040171945247,47.4687222783787
"S8yVzauV35P","GDD-ELD-R","GDD-ELD-R","GDD-ELD-R","zbsECcqPfkc","El Dhere",3.7064470797602,47.1911192564238
"A3N5qv0yavb","GDD-ELD-S","GDD-ELD-S","GDD-ELD-S","zbsECcqPfkc","El Dhere",4.23143840019529,47.3998653976147
"eqzTBbJ8yjN","GDD-ELD-T","GDD-ELD-T","GDD-ELD-T","zbsECcqPfkc","El Dhere",4.0956698930597,47.2024462286953
"JPv6j9khUhc","GDD-ELD-U","GDD-ELD-U","GDD-ELD-U","zbsECcqPfkc","El Dhere",4.32340455716607,47.7702828689806
"wcb9DnEmj8C","GGD-ELD-A","GGD-ELD-A","GGD-ELD-A","zbsECcqPfkc","El Dhere",4.13170558528549,47.5898289105692
"iUjuYoZ7KHE","GGD-ELD-B","GGD-ELD-B","GGD-ELD-B","zbsECcqPfkc","El Dhere",3.65030687908492,47.0013414815749
"YWH6NnkMO1l","GGD-ELD-C","GGD-ELD-C","GGD-ELD-C","zbsECcqPfkc","El Dhere",4.0434484655695,47.1422414873308
"ToWQV94tT9T","GGD-ELD-D","GGD-ELD-D","GGD-ELD-D","zbsECcqPfkc","El Dhere",4.29966992198856,47.6813460136383
"eiCVeTqWMm9","GGD-ELD-E","GGD-ELD-E","GGD-ELD-E","zbsECcqPfkc","El Dhere",3.71612044420292,47.0656726470211
"oAVKNmulxQl","GGD-ELD-F","GGD-ELD-F","GGD-ELD-F","zbsECcqPfkc","El Dhere",3.75923806006783,47.2964826727294
"HkwMbLhZD1F","GGD-ELD-G","GGD-ELD-G","GGD-ELD-G","zbsECcqPfkc","El Dhere",4.00183340554739,47.2574151183377
"YPd2gGA2haU","GGD-ELD-H","GGD-ELD-H","GGD-ELD-H","zbsECcqPfkc","El Dhere",3.98788289168041,47.0159941830615
"RLgfwdDNRcC","GGD-ELD-J","GGD-ELD-J","GGD-ELD-J","zbsECcqPfkc","El Dhere",4.35485000950422,47.7788865957155
"RGAlY4TIMtm","GDO-ELW-A","GDO-ELW-A","GDO-ELW-A","zhoobkpoT6H","El Wak",2.45279074690951,41.5968168441948
"NQIfOP8lbwu","GDO-ELW-B","GDO-ELW-B","GDO-ELW-B","zhoobkpoT6H","El Wak",3.22254534751665,41.6273655336928
"uqHm4D0JjAF","GDO-ELW-C","GDO-ELW-C","GDO-ELW-C","zhoobkpoT6H","El Wak",2.6124624332799,41.6673080566882
"nJu47ICuuV8","GDO-ELW-D","GDO-ELW-D","GDO-ELW-D","zhoobkpoT6H","El Wak",3.30907356503757,41.4478983730142
"DqbvczTFcPE","GDO-ELW-E","GDO-ELW-E","GDO-ELW-E","zhoobkpoT6H","El Wak",2.65912863366926,41.205751064081
"mN14k5SuPNu","GDO-ELW-F","GDO-ELW-F","GDO-ELW-F","zhoobkpoT6H","El Wak",2.7946894436718,41.6822018112184
"BJasvTwfhay","GDO-ELW-G","GDO-ELW-G","GDO-ELW-G","zhoobkpoT6H","El Wak",2.81823586169473,41.4485309040237
"ob4fipg3nNI","GDO-ELW-H","GDO-ELW-H","GDO-ELW-H","zhoobkpoT6H","El Wak",2.85923402969177,41.4912135823547
"Z6P62d4MDPS","GDO-ELW-I","GDO-ELW-I","GDO-ELW-I","zhoobkpoT6H","El Wak",2.32981761776204,41.6953787271784
"SehTCtSoftr","GDO-ELW-J","GDO-ELW-J","GDO-ELW-J","zhoobkpoT6H","El Wak",2.51747235960224,41.5761093736813
"aVGDWfgCknB","GDO-ELW-K","GDO-ELW-K","GDO-ELW-K","zhoobkpoT6H","El Wak",2.63889030618649,41.3503205075959
"LGZXMyaBTui","GDO-ELW-L","GDO-ELW-L","GDO-ELW-L","zhoobkpoT6H","El Wak",2.65048317928653,41.1255094914665
"H3EmtkYcTvz","GDO-ELW-M","GDO-ELW-M","GDO-ELW-M","zhoobkpoT6H","El Wak",3.02744761556363,41.3136374115192
"UcsgzsbCpGF","GDO-ELW-N","GDO-ELW-N","GDO-ELW-N","zhoobkpoT6H","El Wak",2.50099475326697,41.4796960070847
"vNjD98kRLr9","GDO-ELW-O","GDO-ELW-O","GDO-ELW-O","zhoobkpoT6H","El Wak",2.98592780761986,41.3830870773027
"m5cjSPt6AxF","GDO-ELW-P","GDO-ELW-P","GDO-ELW-P","zhoobkpoT6H","El Wak",2.3466004657128,41.6479809216181
"yMMaS3cDxGe","GDO-ELW-Q","GDO-ELW-Q","GDO-ELW-Q","zhoobkpoT6H","El Wak",3.12687711313968,41.6745352997624
"sEUJ14yI2gg","GDO-ELW-R","GDO-ELW-R","GDO-ELW-R","zhoobkpoT6H","El Wak",2.90198677341273,41.3079881576354
"tV10BIliHyt","GDO-ELW-S","GDO-ELW-S","GDO-ELW-S","zhoobkpoT6H","El Wak",2.93737080899123,41.932862818548
"NIhT0thVfIC","GDO-ELW-T","GDO-ELW-T","GDO-ELW-T","zhoobkpoT6H","El Wak",3.05634273002932,41.2279327810397
"xoODFK1jNof","BRI-BAR-A","BRI-BAR-A","BRI-BAR-A","ziVr1FtMtvJ","Bargaal",10.8871566097721,50.9257993469344
"JgZLSDLJYyJ","BRI-BAR-B","BRI-BAR-B","BRI-BAR-B","ziVr1FtMtvJ","Bargaal",11.1712096952818,50.8413183243149
"UKrm38xvgVX","BRI-BAR-C","BRI-BAR-C","BRI-BAR-C","ziVr1FtMtvJ","Bargaal",10.7475509027308,50.9144296661625
"tF4Mlu0PnRq","BRI-BAR-D","BRI-BAR-D","BRI-BAR-D","ziVr1FtMtvJ","Bargaal",10.9914215923495,50.7403738486306
"DDqSyOYoWCn","BRI-BAR-E","BRI-BAR-E","BRI-BAR-E","ziVr1FtMtvJ","Bargaal",11.4841535676499,50.5592757941419
"Gb5y5DbOPU0","BRI-BAR-F","BRI-BAR-F","BRI-BAR-F","ziVr1FtMtvJ","Bargaal",11.1007959800797,50.6601142457145
"PS5iOo8uB6r","SAH-BER-A","SAH-BER-A","SAH-BER-A","zoakeyBuTQD","Berbera",10.4625517145136,46.1777794785004
"mzzGwT1H0ch","SAH-BER-AA","SAH-BER-AA","SAH-BER-AA","zoakeyBuTQD","Berbera",10.3676013186861,45.649918116302
"A1By328XaPA","SAH-BER-AB","SAH-BER-AB","SAH-BER-AB","zoakeyBuTQD","Berbera",10.3782581475797,46.232459811556
"zsn0ERP8Kos","SAH-BER-AC","SAH-BER-AC","SAH-BER-AC","zoakeyBuTQD","Berbera",10.1668927485389,46.0632461624351
"mfSjqnVRGzg","SAH-BER-AD","SAH-BER-AD","SAH-BER-AD","zoakeyBuTQD","Berbera",10.22977194099,44.4150055441113
"dSWu9HObM37","SAH-BER-AE","SAH-BER-AE","SAH-BER-AE","zoakeyBuTQD","Berbera",10.1837261495217,44.1661077436244
"G0d1bWjBsu0","SAH-BER-AF","SAH-BER-AF","SAH-BER-AF","zoakeyBuTQD","Berbera",10.3717896750336,45.7707334855283
"yfFBs8zuGuE","SAH-BER-AG","SAH-BER-AG","SAH-BER-AG","zoakeyBuTQD","Berbera",9.84564986825813,44.5034497818476
"oftwR0Uxs40","SAH-BER-AH","SAH-BER-AH","SAH-BER-AH","zoakeyBuTQD","Berbera",10.093979206399,45.0393367808329
"bLGx232mR8K","SAH-BER-AI","SAH-BER-AI","SAH-BER-AI","zoakeyBuTQD","Berbera",10.3538377597608,45.3749634044872
"I11wx46aT0s","SAH-BER-AJ","SAH-BER-AJ","SAH-BER-AJ","zoakeyBuTQD","Berbera",10.2580752984531,45.0409465997606
"qz1O56RnecI","SAH-BER-B","SAH-BER-B","SAH-BER-B","zoakeyBuTQD","Berbera",10.1246622011171,45.610544843002
"kXh3lScBiOE","SAH-BER-C","SAH-BER-C","SAH-BER-C","zoakeyBuTQD","Berbera",9.97453764072469,45.941255150335
"W4HUFQkhKOC","SAH-BER-D","SAH-BER-D","SAH-BER-D","zoakeyBuTQD","Berbera",10.1242406703856,45.767172536747
"JOhdRHLYqzR","SAH-BER-E","SAH-BER-E","SAH-BER-E","zoakeyBuTQD","Berbera",10.3442538457026,45.8703985327322
"zYOc4zcT8uq","SAH-BER-F","SAH-BER-F","SAH-BER-F","zoakeyBuTQD","Berbera",10.3713921454171,45.5657919216869
"JLwC1Zx4WJf","SAH-BER-G","SAH-BER-G","SAH-BER-G","zoakeyBuTQD","Berbera",10.2724011885844,45.7353162474486
"c7mVbhdUZLI","SAH-BER-H","SAH-BER-H","SAH-BER-H","zoakeyBuTQD","Berbera",10.0183769149884,44.3500403633611
"AetJQpwGOqV","SAH-BER-I","SAH-BER-I","SAH-BER-I","zoakeyBuTQD","Berbera",10.43836075441,45.763879542671
"ArrzQ2M86Jb","SAH-BER-J","SAH-BER-J","SAH-BER-J","zoakeyBuTQD","Berbera",10.4924682060049,45.8480094168924
"vnq2AWPBn9o","SAH-BER-K","SAH-BER-K","SAH-BER-K","zoakeyBuTQD","Berbera",9.90725986990781,44.5693718024261
"N22gb6AMBZP","SAH-BER-L","SAH-BER-L","SAH-BER-L","zoakeyBuTQD","Berbera",9.94642390471361,44.8984281769264
"ciqzbUOErXP","SAH-BER-M","SAH-BER-M","SAH-BER-M","zoakeyBuTQD","Berbera",10.1552228132663,44.1141558279951
"C3uz0CYd1gb","SAH-BER-N","SAH-BER-N","SAH-BER-N","zoakeyBuTQD","Berbera",10.3931259666722,44.9942722686291
"SF9OImlMx87","SAH-BER-O","SAH-BER-O","SAH-BER-O","zoakeyBuTQD","Berbera",10.5927905806713,46.1957938728904
"Eku084GcZLg","SAH-BER-P","SAH-BER-P","SAH-BER-P","zoakeyBuTQD","Berbera",10.2125297076075,45.6435521943474
"E6bEV67jH0X","SAH-BER-Q","SAH-BER-Q","SAH-BER-Q","zoakeyBuTQD","Berbera",10.3450427208058,44.8504729336959
"DDH5IkLskGB","SAH-BER-R","SAH-BER-R","SAH-BER-R","zoakeyBuTQD","Berbera",10.156219120486,46.1844751821639
"mYbY1o2fZKk","SAH-BER-S","SAH-BER-S","SAH-BER-S","zoakeyBuTQD","Berbera",10.6260356759582,46.1178242173565
"D5vLCGhxKg1","SAH-BER-T","SAH-BER-T","SAH-BER-T","zoakeyBuTQD","Berbera",10.3401113107386,45.4650831863219
"cKwKzO03FI1","SAH-BER-U","SAH-BER-U","SAH-BER-U","zoakeyBuTQD","Berbera",10.3601126211116,44.9703034809547
"QlKyFWwrAIG","SAH-BER-V","SAH-BER-V","SAH-BER-V","zoakeyBuTQD","Berbera",10.511719618292,45.2453797851789
"JSQNhlBK3be","SAH-BER-W","SAH-BER-W","SAH-BER-W","zoakeyBuTQD","Berbera",9.98977708517619,44.3856205887408
"DU2Fg4ayItJ","SAH-BER-X","SAH-BER-X","SAH-BER-X","zoakeyBuTQD","Berbera",10.1266460996795,44.693645565658
"fv8TX3k88BK","SAH-BER-Y","SAH-BER-Y","SAH-BER-Y","zoakeyBuTQD","Berbera",10.1400607040646,45.2506072403562
"y1R9Un6QJfx","SAH-BER-Z","SAH-BER-Z","SAH-BER-Z","zoakeyBuTQD","Berbera",10.4575731325095,45.8666739400343
